timestamp_utc,model,run_id,label,accuracy,correct,total,elapsed_s,h_cycles,l_cycles,logit_blend,alpha_l,alpha_h,beta_l,beta_h,update_mix_l,update_mix_h,refined_delta_scale,case,expected,prediction,is_correct,score_A,score_B,score_C,score_D
2026-05-20T19:20:05.452884+00:00,mlx-community/Qwen3-0.6B-4bit,0,base,0.29411764705882354,5,17,0.8553855419995671,0,1,0.0,0.0,0.0,0.0,0.0,1.0,1.0,0.0,algebra,B,A,False,-3.0683460235595703,-3.5683460235595703,-5.06834602355957,-5.81834602355957
2026-05-20T19:20:05.452884+00:00,mlx-community/Qwen3-0.6B-4bit,0,base,0.29411764705882354,5,17,0.8553855419995671,0,1,0.0,0.0,0.0,0.0,0.0,1.0,1.0,0.0,markup,C,A,False,-1.5642929077148438,-5.314292907714844,-5.689292907714844,-5.439292907714844
2026-05-20T19:20:05.452884+00:00,mlx-community/Qwen3-0.6B-4bit,0,base,0.29411764705882354,5,17,0.8553855419995671,0,1,0.0,0.0,0.0,0.0,0.0,1.0,1.0,0.0,boxes,C,D,False,-1.4604854583740234,-3.0854854583740234,-3.4604854583740234,-0.8354854583740234
2026-05-20T19:20:05.452884+00:00,mlx-community/Qwen3-0.6B-4bit,0,base,0.29411764705882354,5,17,0.8553855419995671,0,1,0.0,0.0,0.0,0.0,0.0,1.0,1.0,0.0,inclusion,B,B,True,-2.0269851684570312,-0.9019851684570312,-4.776985168457031,-2.4019851684570312
2026-05-20T19:20:05.452884+00:00,mlx-community/Qwen3-0.6B-4bit,0,base,0.29411764705882354,5,17,0.8553855419995671,0,1,0.0,0.0,0.0,0.0,0.0,1.0,1.0,0.0,modular,B,B,True,-1.8011417388916016,-1.3011417388916016,-4.676141738891602,-3.3011417388916016
2026-05-20T19:20:05.452884+00:00,mlx-community/Qwen3-0.6B-4bit,0,base,0.29411764705882354,5,17,0.8553855419995671,0,1,0.0,0.0,0.0,0.0,0.0,1.0,1.0,0.0,work_rate,A,A,True,-0.613525390625,-2.613525390625,-4.738525390625,-4.488525390625
2026-05-20T19:20:05.452884+00:00,mlx-community/Qwen3-0.6B-4bit,0,base,0.29411764705882354,5,17,0.8553855419995671,0,1,0.0,0.0,0.0,0.0,0.0,1.0,1.0,0.0,probability,B,A,False,-1.5476932525634766,-1.7976932525634766,-3.7976932525634766,-2.5476932525634766
2026-05-20T19:20:05.452884+00:00,mlx-community/Qwen3-0.6B-4bit,0,base,0.29411764705882354,5,17,0.8553855419995671,0,1,0.0,0.0,0.0,0.0,0.0,1.0,1.0,0.0,sequence,C,A,False,-1.289215087890625,-2.414215087890625,-2.539215087890625,-3.664215087890625
2026-05-20T19:20:05.452884+00:00,mlx-community/Qwen3-0.6B-4bit,0,base,0.29411764705882354,5,17,0.8553855419995671,0,1,0.0,0.0,0.0,0.0,0.0,1.0,1.0,0.0,linear_word,B,A,False,-1.2101802825927734,-3.0851802825927734,-4.960180282592773,-3.8351802825927734
2026-05-20T19:20:05.452884+00:00,mlx-community/Qwen3-0.6B-4bit,0,base,0.29411764705882354,5,17,0.8553855419995671,0,1,0.0,0.0,0.0,0.0,0.0,1.0,1.0,0.0,reverse_discount,C,A,False,-2.532064437866211,-4.657064437866211,-5.407064437866211,-4.532064437866211
2026-05-20T19:20:05.452884+00:00,mlx-community/Qwen3-0.6B-4bit,0,base,0.29411764705882354,5,17,0.8553855419995671,0,1,0.0,0.0,0.0,0.0,0.0,1.0,1.0,0.0,multiples,B,B,True,-1.9160270690917969,-1.2910270690917969,-3.916027069091797,-2.166027069091797
2026-05-20T19:20:05.452884+00:00,mlx-community/Qwen3-0.6B-4bit,0,base,0.29411764705882354,5,17,0.8553855419995671,0,1,0.0,0.0,0.0,0.0,0.0,1.0,1.0,0.0,rectangle,B,A,False,-1.3149852752685547,-3.0649852752685547,-5.814985275268555,-4.189985275268555
2026-05-20T19:20:05.452884+00:00,mlx-community/Qwen3-0.6B-4bit,0,base,0.29411764705882354,5,17,0.8553855419995671,0,1,0.0,0.0,0.0,0.0,0.0,1.0,1.0,0.0,average,C,A,False,-2.498617172241211,-2.873617172241211,-4.123617172241211,-3.248617172241211
2026-05-20T19:20:05.452884+00:00,mlx-community/Qwen3-0.6B-4bit,0,base,0.29411764705882354,5,17,0.8553855419995671,0,1,0.0,0.0,0.0,0.0,0.0,1.0,1.0,0.0,combinations,B,A,False,-2.990581512451172,-3.115581512451172,-4.615581512451172,-3.740581512451172
2026-05-20T19:20:05.452884+00:00,mlx-community/Qwen3-0.6B-4bit,0,base,0.29411764705882354,5,17,0.8553855419995671,0,1,0.0,0.0,0.0,0.0,0.0,1.0,1.0,0.0,coins,C,A,False,-2.0973644256591797,-2.3473644256591797,-2.4723644256591797,-3.7223644256591797
2026-05-20T19:20:05.452884+00:00,mlx-community/Qwen3-0.6B-4bit,0,base,0.29411764705882354,5,17,0.8553855419995671,0,1,0.0,0.0,0.0,0.0,0.0,1.0,1.0,0.0,modular_small,B,B,True,-2.108795166015625,-0.858795166015625,-3.858795166015625,-2.858795166015625
2026-05-20T19:20:05.452884+00:00,mlx-community/Qwen3-0.6B-4bit,0,base,0.29411764705882354,5,17,0.8553855419995671,0,1,0.0,0.0,0.0,0.0,0.0,1.0,1.0,0.0,syllogism,A,D,False,-4.104249954223633,-3.604249954223633,-4.854249954223633,-2.979249954223633
2026-05-20T19:20:07.654079+00:00,mlx-community/Qwen3-0.6B-4bit,1,hrm,0.35294117647058826,6,17,2.20093558300141,1,1,0.15,0.01,0.02,0.01,0.01,1.0,1.0,1.0,algebra,B,A,False,-3.440092086791992,-3.502592086791992,-5.002592086791992,-5.940092086791992
2026-05-20T19:20:07.654079+00:00,mlx-community/Qwen3-0.6B-4bit,1,hrm,0.35294117647058826,6,17,2.20093558300141,1,1,0.15,0.01,0.02,0.01,0.01,1.0,1.0,1.0,markup,C,A,False,-2.094820022583008,-4.844820022583008,-5.719820022583008,-5.907320022583008
2026-05-20T19:20:07.654079+00:00,mlx-community/Qwen3-0.6B-4bit,1,hrm,0.35294117647058826,6,17,2.20093558300141,1,1,0.15,0.01,0.02,0.01,0.01,1.0,1.0,1.0,boxes,C,D,False,-1.6260147094726562,-2.7510147094726562,-3.9385147094726562,-1.3760147094726562
2026-05-20T19:20:07.654079+00:00,mlx-community/Qwen3-0.6B-4bit,1,hrm,0.35294117647058826,6,17,2.20093558300141,1,1,0.15,0.01,0.02,0.01,0.01,1.0,1.0,1.0,inclusion,B,B,True,-2.039857864379883,-1.0398578643798828,-4.789857864379883,-2.789857864379883
2026-05-20T19:20:07.654079+00:00,mlx-community/Qwen3-0.6B-4bit,1,hrm,0.35294117647058826,6,17,2.20093558300141,1,1,0.15,0.01,0.02,0.01,0.01,1.0,1.0,1.0,modular,B,B,True,-1.7986183166503906,-1.4236183166503906,-4.548618316650391,-3.5486183166503906
2026-05-20T19:20:07.654079+00:00,mlx-community/Qwen3-0.6B-4bit,1,hrm,0.35294117647058826,6,17,2.20093558300141,1,1,0.15,0.01,0.02,0.01,0.01,1.0,1.0,1.0,work_rate,A,A,True,-0.8576946258544922,-2.732694625854492,-5.482694625854492,-4.545194625854492
2026-05-20T19:20:07.654079+00:00,mlx-community/Qwen3-0.6B-4bit,1,hrm,0.35294117647058826,6,17,2.20093558300141,1,1,0.15,0.01,0.02,0.01,0.01,1.0,1.0,1.0,probability,B,B,True,-2.2219696044921875,-1.9719696044921875,-4.3469696044921875,-3.0969696044921875
2026-05-20T19:20:07.654079+00:00,mlx-community/Qwen3-0.6B-4bit,1,hrm,0.35294117647058826,6,17,2.20093558300141,1,1,0.15,0.01,0.02,0.01,0.01,1.0,1.0,1.0,sequence,C,A,False,-2.1211910247802734,-2.6211910247802734,-2.7461910247802734,-4.246191024780273
2026-05-20T19:20:07.654079+00:00,mlx-community/Qwen3-0.6B-4bit,1,hrm,0.35294117647058826,6,17,2.20093558300141,1,1,0.15,0.01,0.02,0.01,0.01,1.0,1.0,1.0,linear_word,B,A,False,-1.8161735534667969,-3.316173553466797,-5.816173553466797,-4.378673553466797
2026-05-20T19:20:07.654079+00:00,mlx-community/Qwen3-0.6B-4bit,1,hrm,0.35294117647058826,6,17,2.20093558300141,1,1,0.15,0.01,0.02,0.01,0.01,1.0,1.0,1.0,reverse_discount,C,A,False,-2.6574668884277344,-4.532466888427734,-5.844966888427734,-5.157466888427734
2026-05-20T19:20:07.654079+00:00,mlx-community/Qwen3-0.6B-4bit,1,hrm,0.35294117647058826,6,17,2.20093558300141,1,1,0.15,0.01,0.02,0.01,0.01,1.0,1.0,1.0,multiples,B,B,True,-1.8347911834716797,-1.4597911834716797,-4.33479118347168,-2.3347911834716797
2026-05-20T19:20:07.654079+00:00,mlx-community/Qwen3-0.6B-4bit,1,hrm,0.35294117647058826,6,17,2.20093558300141,1,1,0.15,0.01,0.02,0.01,0.01,1.0,1.0,1.0,rectangle,B,A,False,-1.6590938568115234,-3.2840938568115234,-6.284093856811523,-4.409093856811523
2026-05-20T19:20:07.654079+00:00,mlx-community/Qwen3-0.6B-4bit,1,hrm,0.35294117647058826,6,17,2.20093558300141,1,1,0.15,0.01,0.02,0.01,0.01,1.0,1.0,1.0,average,C,A,False,-2.5287952423095703,-3.0287952423095703,-4.84129524230957,-4.27879524230957
2026-05-20T19:20:07.654079+00:00,mlx-community/Qwen3-0.6B-4bit,1,hrm,0.35294117647058826,6,17,2.20093558300141,1,1,0.15,0.01,0.02,0.01,0.01,1.0,1.0,1.0,combinations,B,A,False,-3.085002899169922,-3.460002899169922,-5.147502899169922,-4.022502899169922
2026-05-20T19:20:07.654079+00:00,mlx-community/Qwen3-0.6B-4bit,1,hrm,0.35294117647058826,6,17,2.20093558300141,1,1,0.15,0.01,0.02,0.01,0.01,1.0,1.0,1.0,coins,C,A,False,-3.0356826782226562,-3.0356826782226562,-3.1606826782226562,-4.098182678222656
2026-05-20T19:20:07.654079+00:00,mlx-community/Qwen3-0.6B-4bit,1,hrm,0.35294117647058826,6,17,2.20093558300141,1,1,0.15,0.01,0.02,0.01,0.01,1.0,1.0,1.0,modular_small,B,B,True,-1.9390010833740234,-1.0640010833740234,-3.8140010833740234,-3.0640010833740234
2026-05-20T19:20:07.654079+00:00,mlx-community/Qwen3-0.6B-4bit,1,hrm,0.35294117647058826,6,17,2.20093558300141,1,1,0.15,0.01,0.02,0.01,0.01,1.0,1.0,1.0,syllogism,A,B,False,-4.596525192260742,-3.596525192260742,-5.409025192260742,-3.909025192260742
2026-05-20T19:20:09.857060+00:00,mlx-community/Qwen3-0.6B-4bit,2,hrm,0.35294117647058826,6,17,2.2027885830029845,1,1,0.15,0.01,0.02,0.03,0.03,1.0,1.0,1.0,algebra,B,A,False,-3.440092086791992,-3.502592086791992,-5.002592086791992,-5.940092086791992
2026-05-20T19:20:09.857060+00:00,mlx-community/Qwen3-0.6B-4bit,2,hrm,0.35294117647058826,6,17,2.2027885830029845,1,1,0.15,0.01,0.02,0.03,0.03,1.0,1.0,1.0,markup,C,A,False,-2.0838241577148438,-4.833824157714844,-5.708824157714844,-5.896324157714844
2026-05-20T19:20:09.857060+00:00,mlx-community/Qwen3-0.6B-4bit,2,hrm,0.35294117647058826,6,17,2.2027885830029845,1,1,0.15,0.01,0.02,0.03,0.03,1.0,1.0,1.0,boxes,C,D,False,-1.6248741149902344,-2.7498741149902344,-3.9373741149902344,-1.3748741149902344
2026-05-20T19:20:09.857060+00:00,mlx-community/Qwen3-0.6B-4bit,2,hrm,0.35294117647058826,6,17,2.2027885830029845,1,1,0.15,0.01,0.02,0.03,0.03,1.0,1.0,1.0,inclusion,B,B,True,-2.0404052734375,-1.0404052734375,-4.7904052734375,-2.7904052734375
2026-05-20T19:20:09.857060+00:00,mlx-community/Qwen3-0.6B-4bit,2,hrm,0.35294117647058826,6,17,2.2027885830029845,1,1,0.15,0.01,0.02,0.03,0.03,1.0,1.0,1.0,modular,B,B,True,-1.6864070892333984,-1.4364070892333984,-4.561407089233398,-3.5614070892333984
2026-05-20T19:20:09.857060+00:00,mlx-community/Qwen3-0.6B-4bit,2,hrm,0.35294117647058826,6,17,2.2027885830029845,1,1,0.15,0.01,0.02,0.03,0.03,1.0,1.0,1.0,work_rate,A,A,True,-0.8575668334960938,-2.7325668334960938,-5.482566833496094,-4.545066833496094
2026-05-20T19:20:09.857060+00:00,mlx-community/Qwen3-0.6B-4bit,2,hrm,0.35294117647058826,6,17,2.2027885830029845,1,1,0.15,0.01,0.02,0.03,0.03,1.0,1.0,1.0,probability,B,B,True,-2.2104721069335938,-1.9604721069335938,-4.335472106933594,-3.0854721069335938
2026-05-20T19:20:09.857060+00:00,mlx-community/Qwen3-0.6B-4bit,2,hrm,0.35294117647058826,6,17,2.2027885830029845,1,1,0.15,0.01,0.02,0.03,0.03,1.0,1.0,1.0,sequence,C,A,False,-2.1302413940429688,-2.6302413940429688,-2.8802413940429688,-4.255241394042969
2026-05-20T19:20:09.857060+00:00,mlx-community/Qwen3-0.6B-4bit,2,hrm,0.35294117647058826,6,17,2.2027885830029845,1,1,0.15,0.01,0.02,0.03,0.03,1.0,1.0,1.0,linear_word,B,A,False,-1.8167686462402344,-3.3167686462402344,-5.816768646240234,-4.379268646240234
2026-05-20T19:20:09.857060+00:00,mlx-community/Qwen3-0.6B-4bit,2,hrm,0.35294117647058826,6,17,2.2027885830029845,1,1,0.15,0.01,0.02,0.03,0.03,1.0,1.0,1.0,reverse_discount,C,A,False,-2.654764175415039,-4.529764175415039,-5.842264175415039,-5.154764175415039
2026-05-20T19:20:09.857060+00:00,mlx-community/Qwen3-0.6B-4bit,2,hrm,0.35294117647058826,6,17,2.2027885830029845,1,1,0.15,0.01,0.02,0.03,0.03,1.0,1.0,1.0,multiples,B,B,True,-1.8776893615722656,-1.5026893615722656,-4.502689361572266,-2.3776893615722656
2026-05-20T19:20:09.857060+00:00,mlx-community/Qwen3-0.6B-4bit,2,hrm,0.35294117647058826,6,17,2.2027885830029845,1,1,0.15,0.01,0.02,0.03,0.03,1.0,1.0,1.0,rectangle,B,A,False,-1.6555919647216797,-3.2805919647216797,-6.28059196472168,-4.40559196472168
2026-05-20T19:20:09.857060+00:00,mlx-community/Qwen3-0.6B-4bit,2,hrm,0.35294117647058826,6,17,2.2027885830029845,1,1,0.15,0.01,0.02,0.03,0.03,1.0,1.0,1.0,average,C,A,False,-2.513731002807617,-3.013731002807617,-4.826231002807617,-4.263731002807617
2026-05-20T19:20:09.857060+00:00,mlx-community/Qwen3-0.6B-4bit,2,hrm,0.35294117647058826,6,17,2.2027885830029845,1,1,0.15,0.01,0.02,0.03,0.03,1.0,1.0,1.0,combinations,B,A,False,-3.089916229248047,-3.464916229248047,-5.152416229248047,-4.027416229248047
2026-05-20T19:20:09.857060+00:00,mlx-community/Qwen3-0.6B-4bit,2,hrm,0.35294117647058826,6,17,2.2027885830029845,1,1,0.15,0.01,0.02,0.03,0.03,1.0,1.0,1.0,coins,C,A,False,-3.035503387451172,-3.035503387451172,-3.160503387451172,-4.098003387451172
2026-05-20T19:20:09.857060+00:00,mlx-community/Qwen3-0.6B-4bit,2,hrm,0.35294117647058826,6,17,2.2027885830029845,1,1,0.15,0.01,0.02,0.03,0.03,1.0,1.0,1.0,modular_small,B,B,True,-1.9390125274658203,-1.0640125274658203,-3.8140125274658203,-3.0640125274658203
2026-05-20T19:20:09.857060+00:00,mlx-community/Qwen3-0.6B-4bit,2,hrm,0.35294117647058826,6,17,2.2027885830029845,1,1,0.15,0.01,0.02,0.03,0.03,1.0,1.0,1.0,syllogism,A,B,False,-4.655475616455078,-3.592975616455078,-5.405475616455078,-3.905475616455078
2026-05-20T19:20:12.062161+00:00,mlx-community/Qwen3-0.6B-4bit,3,hrm,0.35294117647058826,6,17,2.204893792000803,1,1,0.15,0.01,0.05,0.01,0.01,1.0,1.0,1.0,algebra,B,A,False,-3.3746395111083984,-3.4996395111083984,-4.999639511108398,-5.937139511108398
2026-05-20T19:20:12.062161+00:00,mlx-community/Qwen3-0.6B-4bit,3,hrm,0.35294117647058826,6,17,2.204893792000803,1,1,0.15,0.01,0.05,0.01,0.01,1.0,1.0,1.0,markup,C,A,False,-2.0406455993652344,-4.790645599365234,-5.665645599365234,-5.853145599365234
2026-05-20T19:20:12.062161+00:00,mlx-community/Qwen3-0.6B-4bit,3,hrm,0.35294117647058826,6,17,2.204893792000803,1,1,0.15,0.01,0.05,0.01,0.01,1.0,1.0,1.0,boxes,C,D,False,-1.6203155517578125,-2.7453155517578125,-3.9328155517578125,-1.3703155517578125
2026-05-20T19:20:12.062161+00:00,mlx-community/Qwen3-0.6B-4bit,3,hrm,0.35294117647058826,6,17,2.204893792000803,1,1,0.15,0.01,0.05,0.01,0.01,1.0,1.0,1.0,inclusion,B,B,True,-2.0405406951904297,-1.0405406951904297,-4.79054069519043,-2.7905406951904297
2026-05-20T19:20:12.062161+00:00,mlx-community/Qwen3-0.6B-4bit,3,hrm,0.35294117647058826,6,17,2.204893792000803,1,1,0.15,0.01,0.05,0.01,0.01,1.0,1.0,1.0,modular,B,B,True,-1.6871261596679688,-1.4371261596679688,-4.562126159667969,-3.5621261596679688
2026-05-20T19:20:12.062161+00:00,mlx-community/Qwen3-0.6B-4bit,3,hrm,0.35294117647058826,6,17,2.204893792000803,1,1,0.15,0.01,0.05,0.01,0.01,1.0,1.0,1.0,work_rate,A,A,True,-0.8580036163330078,-2.733003616333008,-5.483003616333008,-4.545503616333008
2026-05-20T19:20:12.062161+00:00,mlx-community/Qwen3-0.6B-4bit,3,hrm,0.35294117647058826,6,17,2.204893792000803,1,1,0.15,0.01,0.05,0.01,0.01,1.0,1.0,1.0,probability,B,B,True,-2.210416793823242,-1.9604167938232422,-4.335416793823242,-3.085416793823242
2026-05-20T19:20:12.062161+00:00,mlx-community/Qwen3-0.6B-4bit,3,hrm,0.35294117647058826,6,17,2.204893792000803,1,1,0.15,0.01,0.05,0.01,0.01,1.0,1.0,1.0,sequence,C,A,False,-2.1127586364746094,-2.6127586364746094,-2.8627586364746094,-4.237758636474609
2026-05-20T19:20:12.062161+00:00,mlx-community/Qwen3-0.6B-4bit,3,hrm,0.35294117647058826,6,17,2.204893792000803,1,1,0.15,0.01,0.05,0.01,0.01,1.0,1.0,1.0,linear_word,B,A,False,-1.817403793334961,-3.317403793334961,-5.754903793334961,-4.317403793334961
2026-05-20T19:20:12.062161+00:00,mlx-community/Qwen3-0.6B-4bit,3,hrm,0.35294117647058826,6,17,2.204893792000803,1,1,0.15,0.01,0.05,0.01,0.01,1.0,1.0,1.0,reverse_discount,C,A,False,-2.654794692993164,-4.529794692993164,-5.842294692993164,-5.217294692993164
2026-05-20T19:20:12.062161+00:00,mlx-community/Qwen3-0.6B-4bit,3,hrm,0.35294117647058826,6,17,2.204893792000803,1,1,0.15,0.01,0.05,0.01,0.01,1.0,1.0,1.0,multiples,B,B,True,-1.8345756530761719,-1.4595756530761719,-4.334575653076172,-2.334575653076172
2026-05-20T19:20:12.062161+00:00,mlx-community/Qwen3-0.6B-4bit,3,hrm,0.35294117647058826,6,17,2.204893792000803,1,1,0.15,0.01,0.05,0.01,0.01,1.0,1.0,1.0,rectangle,B,A,False,-1.674478530883789,-3.299478530883789,-6.299478530883789,-4.424478530883789
2026-05-20T19:20:12.062161+00:00,mlx-community/Qwen3-0.6B-4bit,3,hrm,0.35294117647058826,6,17,2.204893792000803,1,1,0.15,0.01,0.05,0.01,0.01,1.0,1.0,1.0,average,C,A,False,-2.5143051147460938,-3.0143051147460938,-4.826805114746094,-4.264305114746094
2026-05-20T19:20:12.062161+00:00,mlx-community/Qwen3-0.6B-4bit,3,hrm,0.35294117647058826,6,17,2.204893792000803,1,1,0.15,0.01,0.05,0.01,0.01,1.0,1.0,1.0,combinations,B,A,False,-3.013265609741211,-3.388265609741211,-5.138265609741211,-3.950765609741211
2026-05-20T19:20:12.062161+00:00,mlx-community/Qwen3-0.6B-4bit,3,hrm,0.35294117647058826,6,17,2.204893792000803,1,1,0.15,0.01,0.05,0.01,0.01,1.0,1.0,1.0,coins,C,A,False,-3.0358943939208984,-3.0358943939208984,-3.1608943939208984,-4.098394393920898
2026-05-20T19:20:12.062161+00:00,mlx-community/Qwen3-0.6B-4bit,3,hrm,0.35294117647058826,6,17,2.204893792000803,1,1,0.15,0.01,0.05,0.01,0.01,1.0,1.0,1.0,modular_small,B,B,True,-1.8774032592773438,-1.0024032592773438,-3.8774032592773438,-3.1274032592773438
2026-05-20T19:20:12.062161+00:00,mlx-community/Qwen3-0.6B-4bit,3,hrm,0.35294117647058826,6,17,2.204893792000803,1,1,0.15,0.01,0.05,0.01,0.01,1.0,1.0,1.0,syllogism,A,B,False,-4.612346649169922,-3.612346649169922,-5.424846649169922,-3.924846649169922
2026-05-20T19:20:14.267049+00:00,mlx-community/Qwen3-0.6B-4bit,4,hrm,0.35294117647058826,6,17,2.2046627910021925,1,1,0.15,0.01,0.05,0.03,0.03,1.0,1.0,1.0,algebra,B,A,False,-3.4392528533935547,-3.5017528533935547,-5.001752853393555,-5.939252853393555
2026-05-20T19:20:14.267049+00:00,mlx-community/Qwen3-0.6B-4bit,4,hrm,0.35294117647058826,6,17,2.2046627910021925,1,1,0.15,0.01,0.05,0.03,0.03,1.0,1.0,1.0,markup,C,A,False,-2.0992870330810547,-4.849287033081055,-5.724287033081055,-5.911787033081055
2026-05-20T19:20:14.267049+00:00,mlx-community/Qwen3-0.6B-4bit,4,hrm,0.35294117647058826,6,17,2.2046627910021925,1,1,0.15,0.01,0.05,0.03,0.03,1.0,1.0,1.0,boxes,C,D,False,-1.6254959106445312,-2.7504959106445312,-3.9379959106445312,-1.3754959106445312
2026-05-20T19:20:14.267049+00:00,mlx-community/Qwen3-0.6B-4bit,4,hrm,0.35294117647058826,6,17,2.2046627910021925,1,1,0.15,0.01,0.05,0.03,0.03,1.0,1.0,1.0,inclusion,B,B,True,-2.040243148803711,-1.040243148803711,-4.790243148803711,-2.790243148803711
2026-05-20T19:20:14.267049+00:00,mlx-community/Qwen3-0.6B-4bit,4,hrm,0.35294117647058826,6,17,2.2046627910021925,1,1,0.15,0.01,0.05,0.03,0.03,1.0,1.0,1.0,modular,B,B,True,-1.6868000030517578,-1.4368000030517578,-4.561800003051758,-3.561800003051758
2026-05-20T19:20:14.267049+00:00,mlx-community/Qwen3-0.6B-4bit,4,hrm,0.35294117647058826,6,17,2.2046627910021925,1,1,0.15,0.01,0.05,0.03,0.03,1.0,1.0,1.0,work_rate,A,A,True,-0.8576164245605469,-2.732616424560547,-5.482616424560547,-4.545116424560547
2026-05-20T19:20:14.267049+00:00,mlx-community/Qwen3-0.6B-4bit,4,hrm,0.35294117647058826,6,17,2.2046627910021925,1,1,0.15,0.01,0.05,0.03,0.03,1.0,1.0,1.0,probability,B,B,True,-2.221811294555664,-1.971811294555664,-4.346811294555664,-3.096811294555664
2026-05-20T19:20:14.267049+00:00,mlx-community/Qwen3-0.6B-4bit,4,hrm,0.35294117647058826,6,17,2.2046627910021925,1,1,0.15,0.01,0.05,0.03,0.03,1.0,1.0,1.0,sequence,C,A,False,-2.1207275390625,-2.6207275390625,-2.7457275390625,-4.2457275390625
2026-05-20T19:20:14.267049+00:00,mlx-community/Qwen3-0.6B-4bit,4,hrm,0.35294117647058826,6,17,2.2046627910021925,1,1,0.15,0.01,0.05,0.03,0.03,1.0,1.0,1.0,linear_word,B,A,False,-1.8158206939697266,-3.3158206939697266,-5.753320693969727,-4.378320693969727
2026-05-20T19:20:14.267049+00:00,mlx-community/Qwen3-0.6B-4bit,4,hrm,0.35294117647058826,6,17,2.2046627910021925,1,1,0.15,0.01,0.05,0.03,0.03,1.0,1.0,1.0,reverse_discount,C,A,False,-2.655366897583008,-4.530366897583008,-5.842866897583008,-5.155366897583008
2026-05-20T19:20:14.267049+00:00,mlx-community/Qwen3-0.6B-4bit,4,hrm,0.35294117647058826,6,17,2.2046627910021925,1,1,0.15,0.01,0.05,0.03,0.03,1.0,1.0,1.0,multiples,B,B,True,-1.888519287109375,-1.513519287109375,-4.513519287109375,-2.388519287109375
2026-05-20T19:20:14.267049+00:00,mlx-community/Qwen3-0.6B-4bit,4,hrm,0.35294117647058826,6,17,2.2046627910021925,1,1,0.15,0.01,0.05,0.03,0.03,1.0,1.0,1.0,rectangle,B,A,False,-1.6709709167480469,-3.295970916748047,-6.295970916748047,-4.420970916748047
2026-05-20T19:20:14.267049+00:00,mlx-community/Qwen3-0.6B-4bit,4,hrm,0.35294117647058826,6,17,2.2046627910021925,1,1,0.15,0.01,0.05,0.03,0.03,1.0,1.0,1.0,average,C,A,False,-2.5123367309570312,-3.0123367309570312,-4.824836730957031,-4.262336730957031
2026-05-20T19:20:14.267049+00:00,mlx-community/Qwen3-0.6B-4bit,4,hrm,0.35294117647058826,6,17,2.2046627910021925,1,1,0.15,0.01,0.05,0.03,0.03,1.0,1.0,1.0,combinations,B,A,False,-3.0144577026367188,-3.3894577026367188,-5.139457702636719,-3.9519577026367188
2026-05-20T19:20:14.267049+00:00,mlx-community/Qwen3-0.6B-4bit,4,hrm,0.35294117647058826,6,17,2.2046627910021925,1,1,0.15,0.01,0.05,0.03,0.03,1.0,1.0,1.0,coins,C,A,False,-3.0361690521240234,-3.0361690521240234,-3.1611690521240234,-4.098669052124023
2026-05-20T19:20:14.267049+00:00,mlx-community/Qwen3-0.6B-4bit,4,hrm,0.35294117647058826,6,17,2.2046627910021925,1,1,0.15,0.01,0.05,0.03,0.03,1.0,1.0,1.0,modular_small,B,B,True,-1.8336257934570312,-1.0836257934570312,-3.8336257934570312,-3.0836257934570312
2026-05-20T19:20:14.267049+00:00,mlx-community/Qwen3-0.6B-4bit,4,hrm,0.35294117647058826,6,17,2.2046627910021925,1,1,0.15,0.01,0.05,0.03,0.03,1.0,1.0,1.0,syllogism,A,B,False,-4.5966644287109375,-3.5966644287109375,-5.4091644287109375,-3.9091644287109375
2026-05-20T19:20:16.469528+00:00,mlx-community/Qwen3-0.6B-4bit,5,hrm,0.35294117647058826,6,17,2.2022470839983725,1,1,0.15,0.01,0.08,0.01,0.01,1.0,1.0,1.0,algebra,B,A,False,-3.4337005615234375,-3.4962005615234375,-4.9962005615234375,-5.9337005615234375
2026-05-20T19:20:16.469528+00:00,mlx-community/Qwen3-0.6B-4bit,5,hrm,0.35294117647058826,6,17,2.2022470839983725,1,1,0.15,0.01,0.08,0.01,0.01,1.0,1.0,1.0,markup,C,A,False,-2.0931434631347656,-4.843143463134766,-5.718143463134766,-5.905643463134766
2026-05-20T19:20:16.469528+00:00,mlx-community/Qwen3-0.6B-4bit,5,hrm,0.35294117647058826,6,17,2.2022470839983725,1,1,0.15,0.01,0.08,0.01,0.01,1.0,1.0,1.0,boxes,C,D,False,-1.6642780303955078,-2.789278030395508,-3.976778030395508,-1.4142780303955078
2026-05-20T19:20:16.469528+00:00,mlx-community/Qwen3-0.6B-4bit,5,hrm,0.35294117647058826,6,17,2.2022470839983725,1,1,0.15,0.01,0.08,0.01,0.01,1.0,1.0,1.0,inclusion,B,B,True,-2.040628433227539,-1.040628433227539,-4.790628433227539,-2.790628433227539
2026-05-20T19:20:16.469528+00:00,mlx-community/Qwen3-0.6B-4bit,5,hrm,0.35294117647058826,6,17,2.2022470839983725,1,1,0.15,0.01,0.08,0.01,0.01,1.0,1.0,1.0,modular,B,B,True,-1.6865558624267578,-1.4365558624267578,-4.561555862426758,-3.561555862426758
2026-05-20T19:20:16.469528+00:00,mlx-community/Qwen3-0.6B-4bit,5,hrm,0.35294117647058826,6,17,2.2022470839983725,1,1,0.15,0.01,0.08,0.01,0.01,1.0,1.0,1.0,work_rate,A,A,True,-0.7879753112792969,-2.787975311279297,-5.475475311279297,-4.600475311279297
2026-05-20T19:20:16.469528+00:00,mlx-community/Qwen3-0.6B-4bit,5,hrm,0.35294117647058826,6,17,2.2022470839983725,1,1,0.15,0.01,0.08,0.01,0.01,1.0,1.0,1.0,probability,B,B,True,-2.21044921875,-1.96044921875,-4.33544921875,-3.08544921875
2026-05-20T19:20:16.469528+00:00,mlx-community/Qwen3-0.6B-4bit,5,hrm,0.35294117647058826,6,17,2.2022470839983725,1,1,0.15,0.01,0.08,0.01,0.01,1.0,1.0,1.0,sequence,C,A,False,-2.119678497314453,-2.619678497314453,-2.744678497314453,-4.244678497314453
2026-05-20T19:20:16.469528+00:00,mlx-community/Qwen3-0.6B-4bit,5,hrm,0.35294117647058826,6,17,2.2022470839983725,1,1,0.15,0.01,0.08,0.01,0.01,1.0,1.0,1.0,linear_word,B,A,False,-1.8173389434814453,-3.3173389434814453,-5.754838943481445,-4.379838943481445
2026-05-20T19:20:16.469528+00:00,mlx-community/Qwen3-0.6B-4bit,5,hrm,0.35294117647058826,6,17,2.2022470839983725,1,1,0.15,0.01,0.08,0.01,0.01,1.0,1.0,1.0,reverse_discount,C,A,False,-2.6549854278564453,-4.529985427856445,-5.842485427856445,-5.154985427856445
2026-05-20T19:20:16.469528+00:00,mlx-community/Qwen3-0.6B-4bit,5,hrm,0.35294117647058826,6,17,2.2022470839983725,1,1,0.15,0.01,0.08,0.01,0.01,1.0,1.0,1.0,multiples,B,B,True,-1.8789844512939453,-1.5039844512939453,-4.378984451293945,-2.3789844512939453
2026-05-20T19:20:16.469528+00:00,mlx-community/Qwen3-0.6B-4bit,5,hrm,0.35294117647058826,6,17,2.2022470839983725,1,1,0.15,0.01,0.08,0.01,0.01,1.0,1.0,1.0,rectangle,B,A,False,-1.6550407409667969,-3.280040740966797,-6.280040740966797,-4.405040740966797
2026-05-20T19:20:16.469528+00:00,mlx-community/Qwen3-0.6B-4bit,5,hrm,0.35294117647058826,6,17,2.2022470839983725,1,1,0.15,0.01,0.08,0.01,0.01,1.0,1.0,1.0,average,C,A,False,-2.5141048431396484,-3.0141048431396484,-4.826604843139648,-4.264104843139648
2026-05-20T19:20:16.469528+00:00,mlx-community/Qwen3-0.6B-4bit,5,hrm,0.35294117647058826,6,17,2.2022470839983725,1,1,0.15,0.01,0.08,0.01,0.01,1.0,1.0,1.0,combinations,B,A,False,-3.138071060180664,-3.388071060180664,-5.138071060180664,-3.950571060180664
2026-05-20T19:20:16.469528+00:00,mlx-community/Qwen3-0.6B-4bit,5,hrm,0.35294117647058826,6,17,2.2022470839983725,1,1,0.15,0.01,0.08,0.01,0.01,1.0,1.0,1.0,coins,C,A,False,-3.035970687866211,-3.035970687866211,-3.160970687866211,-4.098470687866211
2026-05-20T19:20:16.469528+00:00,mlx-community/Qwen3-0.6B-4bit,5,hrm,0.35294117647058826,6,17,2.2022470839983725,1,1,0.15,0.01,0.08,0.01,0.01,1.0,1.0,1.0,modular_small,B,B,True,-1.9026737213134766,-1.0276737213134766,-3.7776737213134766,-3.1526737213134766
2026-05-20T19:20:16.469528+00:00,mlx-community/Qwen3-0.6B-4bit,5,hrm,0.35294117647058826,6,17,2.2022470839983725,1,1,0.15,0.01,0.08,0.01,0.01,1.0,1.0,1.0,syllogism,A,B,False,-4.596931457519531,-3.5969314575195312,-5.409431457519531,-3.9094314575195312
2026-05-20T19:20:18.666517+00:00,mlx-community/Qwen3-0.6B-4bit,6,hrm,0.35294117647058826,6,17,2.1967695410021406,1,1,0.15,0.01,0.08,0.03,0.03,1.0,1.0,1.0,algebra,B,A,False,-3.4340858459472656,-3.4965858459472656,-4.996585845947266,-5.934085845947266
2026-05-20T19:20:18.666517+00:00,mlx-community/Qwen3-0.6B-4bit,6,hrm,0.35294117647058826,6,17,2.1967695410021406,1,1,0.15,0.01,0.08,0.03,0.03,1.0,1.0,1.0,markup,C,A,False,-2.099363327026367,-4.849363327026367,-5.724363327026367,-5.911863327026367
2026-05-20T19:20:18.666517+00:00,mlx-community/Qwen3-0.6B-4bit,6,hrm,0.35294117647058826,6,17,2.1967695410021406,1,1,0.15,0.01,0.08,0.03,0.03,1.0,1.0,1.0,boxes,C,D,False,-1.6634769439697266,-2.7884769439697266,-3.9759769439697266,-1.4134769439697266
2026-05-20T19:20:18.666517+00:00,mlx-community/Qwen3-0.6B-4bit,6,hrm,0.35294117647058826,6,17,2.1967695410021406,1,1,0.15,0.01,0.08,0.03,0.03,1.0,1.0,1.0,inclusion,B,B,True,-2.044473648071289,-1.044473648071289,-4.794473648071289,-2.794473648071289
2026-05-20T19:20:18.666517+00:00,mlx-community/Qwen3-0.6B-4bit,6,hrm,0.35294117647058826,6,17,2.1967695410021406,1,1,0.15,0.01,0.08,0.03,0.03,1.0,1.0,1.0,modular,B,B,True,-1.7326622009277344,-1.4826622009277344,-4.607662200927734,-3.6076622009277344
2026-05-20T19:20:18.666517+00:00,mlx-community/Qwen3-0.6B-4bit,6,hrm,0.35294117647058826,6,17,2.1967695410021406,1,1,0.15,0.01,0.08,0.03,0.03,1.0,1.0,1.0,work_rate,A,A,True,-0.8578224182128906,-2.7328224182128906,-5.482822418212891,-4.545322418212891
2026-05-20T19:20:18.666517+00:00,mlx-community/Qwen3-0.6B-4bit,6,hrm,0.35294117647058826,6,17,2.1967695410021406,1,1,0.15,0.01,0.08,0.03,0.03,1.0,1.0,1.0,probability,B,B,True,-2.210498809814453,-1.9604988098144531,-4.335498809814453,-3.085498809814453
2026-05-20T19:20:18.666517+00:00,mlx-community/Qwen3-0.6B-4bit,6,hrm,0.35294117647058826,6,17,2.1967695410021406,1,1,0.15,0.01,0.08,0.03,0.03,1.0,1.0,1.0,sequence,C,A,False,-2.1198196411132812,-2.6198196411132812,-2.7448196411132812,-4.244819641113281
2026-05-20T19:20:18.666517+00:00,mlx-community/Qwen3-0.6B-4bit,6,hrm,0.35294117647058826,6,17,2.1967695410021406,1,1,0.15,0.01,0.08,0.03,0.03,1.0,1.0,1.0,linear_word,B,A,False,-1.8165454864501953,-3.3165454864501953,-5.754045486450195,-4.379045486450195
2026-05-20T19:20:18.666517+00:00,mlx-community/Qwen3-0.6B-4bit,6,hrm,0.35294117647058826,6,17,2.1967695410021406,1,1,0.15,0.01,0.08,0.03,0.03,1.0,1.0,1.0,reverse_discount,C,A,False,-2.6547393798828125,-4.5297393798828125,-5.8422393798828125,-5.1547393798828125
2026-05-20T19:20:18.666517+00:00,mlx-community/Qwen3-0.6B-4bit,6,hrm,0.35294117647058826,6,17,2.1967695410021406,1,1,0.15,0.01,0.08,0.03,0.03,1.0,1.0,1.0,multiples,B,B,True,-1.878753662109375,-1.503753662109375,-4.378753662109375,-2.378753662109375
2026-05-20T19:20:18.666517+00:00,mlx-community/Qwen3-0.6B-4bit,6,hrm,0.35294117647058826,6,17,2.1967695410021406,1,1,0.15,0.01,0.08,0.03,0.03,1.0,1.0,1.0,rectangle,B,A,False,-1.673166275024414,-3.298166275024414,-6.298166275024414,-4.423166275024414
2026-05-20T19:20:18.666517+00:00,mlx-community/Qwen3-0.6B-4bit,6,hrm,0.35294117647058826,6,17,2.1967695410021406,1,1,0.15,0.01,0.08,0.03,0.03,1.0,1.0,1.0,average,C,A,False,-2.5133533477783203,-3.0133533477783203,-4.88835334777832,-4.26335334777832
2026-05-20T19:20:18.666517+00:00,mlx-community/Qwen3-0.6B-4bit,6,hrm,0.35294117647058826,6,17,2.1967695410021406,1,1,0.15,0.01,0.08,0.03,0.03,1.0,1.0,1.0,combinations,B,A,False,-3.08837890625,-3.46337890625,-5.15087890625,-4.02587890625
2026-05-20T19:20:18.666517+00:00,mlx-community/Qwen3-0.6B-4bit,6,hrm,0.35294117647058826,6,17,2.1967695410021406,1,1,0.15,0.01,0.08,0.03,0.03,1.0,1.0,1.0,coins,C,A,False,-3.034526824951172,-3.034526824951172,-3.159526824951172,-4.097026824951172
2026-05-20T19:20:18.666517+00:00,mlx-community/Qwen3-0.6B-4bit,6,hrm,0.35294117647058826,6,17,2.1967695410021406,1,1,0.15,0.01,0.08,0.03,0.03,1.0,1.0,1.0,modular_small,B,B,True,-1.9031658172607422,-1.0281658172607422,-3.778165817260742,-3.153165817260742
2026-05-20T19:20:18.666517+00:00,mlx-community/Qwen3-0.6B-4bit,6,hrm,0.35294117647058826,6,17,2.1967695410021406,1,1,0.15,0.01,0.08,0.03,0.03,1.0,1.0,1.0,syllogism,A,B,False,-4.598041534423828,-3.598041534423828,-5.410541534423828,-3.910541534423828
2026-05-20T19:20:20.874551+00:00,mlx-community/Qwen3-0.6B-4bit,7,hrm,0.35294117647058826,6,17,2.2078084999993735,1,1,0.15,0.03,0.02,0.01,0.01,1.0,1.0,1.0,algebra,B,A,False,-3.440095901489258,-3.502595901489258,-5.002595901489258,-5.940095901489258
2026-05-20T19:20:20.874551+00:00,mlx-community/Qwen3-0.6B-4bit,7,hrm,0.35294117647058826,6,17,2.2078084999993735,1,1,0.15,0.03,0.02,0.01,0.01,1.0,1.0,1.0,markup,C,A,False,-2.041933059692383,-4.791933059692383,-5.666933059692383,-5.854433059692383
2026-05-20T19:20:20.874551+00:00,mlx-community/Qwen3-0.6B-4bit,7,hrm,0.35294117647058826,6,17,2.2078084999993735,1,1,0.15,0.03,0.02,0.01,0.01,1.0,1.0,1.0,boxes,C,D,False,-1.6178703308105469,-2.742870330810547,-3.992870330810547,-1.3678703308105469
2026-05-20T19:20:20.874551+00:00,mlx-community/Qwen3-0.6B-4bit,7,hrm,0.35294117647058826,6,17,2.2078084999993735,1,1,0.15,0.03,0.02,0.01,0.01,1.0,1.0,1.0,inclusion,B,B,True,-2.040060043334961,-1.040060043334961,-4.790060043334961,-2.790060043334961
2026-05-20T19:20:20.874551+00:00,mlx-community/Qwen3-0.6B-4bit,7,hrm,0.35294117647058826,6,17,2.2078084999993735,1,1,0.15,0.03,0.02,0.01,0.01,1.0,1.0,1.0,modular,B,B,True,-1.7886486053466797,-1.4136486053466797,-4.53864860534668,-3.5386486053466797
2026-05-20T19:20:20.874551+00:00,mlx-community/Qwen3-0.6B-4bit,7,hrm,0.35294117647058826,6,17,2.2078084999993735,1,1,0.15,0.03,0.02,0.01,0.01,1.0,1.0,1.0,work_rate,A,A,True,-0.8576583862304688,-2.7326583862304688,-5.482658386230469,-4.545158386230469
2026-05-20T19:20:20.874551+00:00,mlx-community/Qwen3-0.6B-4bit,7,hrm,0.35294117647058826,6,17,2.2078084999993735,1,1,0.15,0.03,0.02,0.01,0.01,1.0,1.0,1.0,probability,B,B,True,-2.2108192443847656,-1.9608192443847656,-4.335819244384766,-3.0858192443847656
2026-05-20T19:20:20.874551+00:00,mlx-community/Qwen3-0.6B-4bit,7,hrm,0.35294117647058826,6,17,2.2078084999993735,1,1,0.15,0.03,0.02,0.01,0.01,1.0,1.0,1.0,sequence,C,A,False,-2.1363048553466797,-2.6363048553466797,-2.7613048553466797,-4.26130485534668
2026-05-20T19:20:20.874551+00:00,mlx-community/Qwen3-0.6B-4bit,7,hrm,0.35294117647058826,6,17,2.2078084999993735,1,1,0.15,0.03,0.02,0.01,0.01,1.0,1.0,1.0,linear_word,B,A,False,-1.8220367431640625,-3.1970367431640625,-5.7595367431640625,-4.3845367431640625
2026-05-20T19:20:20.874551+00:00,mlx-community/Qwen3-0.6B-4bit,7,hrm,0.35294117647058826,6,17,2.2078084999993735,1,1,0.15,0.03,0.02,0.01,0.01,1.0,1.0,1.0,reverse_discount,C,A,False,-2.65814208984375,-4.53314208984375,-5.84564208984375,-5.15814208984375
2026-05-20T19:20:20.874551+00:00,mlx-community/Qwen3-0.6B-4bit,7,hrm,0.35294117647058826,6,17,2.2078084999993735,1,1,0.15,0.03,0.02,0.01,0.01,1.0,1.0,1.0,multiples,B,B,True,-1.834869384765625,-1.459869384765625,-4.334869384765625,-2.334869384765625
2026-05-20T19:20:20.874551+00:00,mlx-community/Qwen3-0.6B-4bit,7,hrm,0.35294117647058826,6,17,2.2078084999993735,1,1,0.15,0.03,0.02,0.01,0.01,1.0,1.0,1.0,rectangle,B,A,False,-1.6708259582519531,-3.295825958251953,-6.295825958251953,-4.420825958251953
2026-05-20T19:20:20.874551+00:00,mlx-community/Qwen3-0.6B-4bit,7,hrm,0.35294117647058826,6,17,2.2078084999993735,1,1,0.15,0.03,0.02,0.01,0.01,1.0,1.0,1.0,average,C,A,False,-2.5276641845703125,-3.0276641845703125,-4.9026641845703125,-4.2776641845703125
2026-05-20T19:20:20.874551+00:00,mlx-community/Qwen3-0.6B-4bit,7,hrm,0.35294117647058826,6,17,2.2078084999993735,1,1,0.15,0.03,0.02,0.01,0.01,1.0,1.0,1.0,combinations,B,A,False,-3.08819580078125,-3.46319580078125,-5.15069580078125,-4.02569580078125
2026-05-20T19:20:20.874551+00:00,mlx-community/Qwen3-0.6B-4bit,7,hrm,0.35294117647058826,6,17,2.2078084999993735,1,1,0.15,0.03,0.02,0.01,0.01,1.0,1.0,1.0,coins,C,A,False,-3.034505844116211,-3.034505844116211,-3.159505844116211,-4.097005844116211
2026-05-20T19:20:20.874551+00:00,mlx-community/Qwen3-0.6B-4bit,7,hrm,0.35294117647058826,6,17,2.2078084999993735,1,1,0.15,0.03,0.02,0.01,0.01,1.0,1.0,1.0,modular_small,B,B,True,-1.8771553039550781,-1.0021553039550781,-3.877155303955078,-3.127155303955078
2026-05-20T19:20:20.874551+00:00,mlx-community/Qwen3-0.6B-4bit,7,hrm,0.35294117647058826,6,17,2.2078084999993735,1,1,0.15,0.03,0.02,0.01,0.01,1.0,1.0,1.0,syllogism,A,B,False,-4.598236083984375,-3.598236083984375,-5.410736083984375,-3.848236083984375
2026-05-20T19:20:23.163851+00:00,mlx-community/Qwen3-0.6B-4bit,8,hrm,0.35294117647058826,6,17,2.2890853749995586,1,1,0.15,0.03,0.02,0.03,0.03,1.0,1.0,1.0,algebra,B,A,False,-3.44036865234375,-3.50286865234375,-5.00286865234375,-5.94036865234375
2026-05-20T19:20:23.163851+00:00,mlx-community/Qwen3-0.6B-4bit,8,hrm,0.35294117647058826,6,17,2.2890853749995586,1,1,0.15,0.03,0.02,0.03,0.03,1.0,1.0,1.0,markup,C,A,False,-2.0934085845947266,-4.843408584594727,-5.718408584594727,-5.905908584594727
2026-05-20T19:20:23.163851+00:00,mlx-community/Qwen3-0.6B-4bit,8,hrm,0.35294117647058826,6,17,2.2890853749995586,1,1,0.15,0.03,0.02,0.03,0.03,1.0,1.0,1.0,boxes,C,D,False,-1.6194171905517578,-2.744417190551758,-3.931917190551758,-1.3694171905517578
2026-05-20T19:20:23.163851+00:00,mlx-community/Qwen3-0.6B-4bit,8,hrm,0.35294117647058826,6,17,2.2890853749995586,1,1,0.15,0.03,0.02,0.03,0.03,1.0,1.0,1.0,inclusion,B,B,True,-2.0441131591796875,-1.0441131591796875,-4.7941131591796875,-2.7941131591796875
2026-05-20T19:20:23.163851+00:00,mlx-community/Qwen3-0.6B-4bit,8,hrm,0.35294117647058826,6,17,2.2890853749995586,1,1,0.15,0.03,0.02,0.03,0.03,1.0,1.0,1.0,modular,B,B,True,-1.685903549194336,-1.435903549194336,-4.560903549194336,-3.560903549194336
2026-05-20T19:20:23.163851+00:00,mlx-community/Qwen3-0.6B-4bit,8,hrm,0.35294117647058826,6,17,2.2890853749995586,1,1,0.15,0.03,0.02,0.03,0.03,1.0,1.0,1.0,work_rate,A,A,True,-0.8576431274414062,-2.7326431274414062,-5.482643127441406,-4.545143127441406
2026-05-20T19:20:23.163851+00:00,mlx-community/Qwen3-0.6B-4bit,8,hrm,0.35294117647058826,6,17,2.2890853749995586,1,1,0.15,0.03,0.02,0.03,0.03,1.0,1.0,1.0,probability,B,B,True,-2.2104530334472656,-1.9604530334472656,-4.335453033447266,-3.0854530334472656
2026-05-20T19:20:23.163851+00:00,mlx-community/Qwen3-0.6B-4bit,8,hrm,0.35294117647058826,6,17,2.2890853749995586,1,1,0.15,0.03,0.02,0.03,0.03,1.0,1.0,1.0,sequence,C,A,False,-2.1378040313720703,-2.6378040313720703,-2.7628040313720703,-4.26280403137207
2026-05-20T19:20:23.163851+00:00,mlx-community/Qwen3-0.6B-4bit,8,hrm,0.35294117647058826,6,17,2.2890853749995586,1,1,0.15,0.03,0.02,0.03,0.03,1.0,1.0,1.0,linear_word,B,A,False,-1.816131591796875,-3.316131591796875,-5.753631591796875,-4.378631591796875
2026-05-20T19:20:23.163851+00:00,mlx-community/Qwen3-0.6B-4bit,8,hrm,0.35294117647058826,6,17,2.2890853749995586,1,1,0.15,0.03,0.02,0.03,0.03,1.0,1.0,1.0,reverse_discount,C,A,False,-2.656391143798828,-4.531391143798828,-5.906391143798828,-5.218891143798828
2026-05-20T19:20:23.163851+00:00,mlx-community/Qwen3-0.6B-4bit,8,hrm,0.35294117647058826,6,17,2.2890853749995586,1,1,0.15,0.03,0.02,0.03,0.03,1.0,1.0,1.0,multiples,B,B,True,-1.8788299560546875,-1.5038299560546875,-4.3788299560546875,-2.3788299560546875
2026-05-20T19:20:23.163851+00:00,mlx-community/Qwen3-0.6B-4bit,8,hrm,0.35294117647058826,6,17,2.2890853749995586,1,1,0.15,0.03,0.02,0.03,0.03,1.0,1.0,1.0,rectangle,B,A,False,-1.674346923828125,-3.299346923828125,-6.299346923828125,-4.424346923828125
2026-05-20T19:20:23.163851+00:00,mlx-community/Qwen3-0.6B-4bit,8,hrm,0.35294117647058826,6,17,2.2890853749995586,1,1,0.15,0.03,0.02,0.03,0.03,1.0,1.0,1.0,average,C,A,False,-2.5124759674072266,-3.0124759674072266,-4.824975967407227,-4.262475967407227
2026-05-20T19:20:23.163851+00:00,mlx-community/Qwen3-0.6B-4bit,8,hrm,0.35294117647058826,6,17,2.2890853749995586,1,1,0.15,0.03,0.02,0.03,0.03,1.0,1.0,1.0,combinations,B,A,False,-3.0835189819335938,-3.4585189819335938,-5.208518981933594,-4.021018981933594
2026-05-20T19:20:23.163851+00:00,mlx-community/Qwen3-0.6B-4bit,8,hrm,0.35294117647058826,6,17,2.2890853749995586,1,1,0.15,0.03,0.02,0.03,0.03,1.0,1.0,1.0,coins,C,A,False,-3.035503387451172,-3.035503387451172,-3.160503387451172,-4.098003387451172
2026-05-20T19:20:23.163851+00:00,mlx-community/Qwen3-0.6B-4bit,8,hrm,0.35294117647058826,6,17,2.2890853749995586,1,1,0.15,0.03,0.02,0.03,0.03,1.0,1.0,1.0,modular_small,B,B,True,-1.8335590362548828,-1.0835590362548828,-3.833559036254883,-3.083559036254883
2026-05-20T19:20:23.163851+00:00,mlx-community/Qwen3-0.6B-4bit,8,hrm,0.35294117647058826,6,17,2.2890853749995586,1,1,0.15,0.03,0.02,0.03,0.03,1.0,1.0,1.0,syllogism,A,B,False,-4.598993301391602,-3.5989933013916016,-5.411493301391602,-3.8489933013916016
2026-05-20T19:20:25.356657+00:00,mlx-community/Qwen3-0.6B-4bit,9,hrm,0.35294117647058826,6,17,2.192615832998854,1,1,0.15,0.03,0.05,0.01,0.01,1.0,1.0,1.0,algebra,B,A,False,-3.432018280029297,-3.494518280029297,-4.994518280029297,-5.932018280029297
2026-05-20T19:20:25.356657+00:00,mlx-community/Qwen3-0.6B-4bit,9,hrm,0.35294117647058826,6,17,2.192615832998854,1,1,0.15,0.03,0.05,0.01,0.01,1.0,1.0,1.0,markup,C,A,False,-2.047780990600586,-4.797780990600586,-5.672780990600586,-5.860280990600586
2026-05-20T19:20:25.356657+00:00,mlx-community/Qwen3-0.6B-4bit,9,hrm,0.35294117647058826,6,17,2.192615832998854,1,1,0.15,0.03,0.05,0.01,0.01,1.0,1.0,1.0,boxes,C,D,False,-1.625509262084961,-2.750509262084961,-3.938009262084961,-1.375509262084961
2026-05-20T19:20:25.356657+00:00,mlx-community/Qwen3-0.6B-4bit,9,hrm,0.35294117647058826,6,17,2.192615832998854,1,1,0.15,0.03,0.05,0.01,0.01,1.0,1.0,1.0,inclusion,B,B,True,-2.040437698364258,-1.0404376983642578,-4.790437698364258,-2.790437698364258
2026-05-20T19:20:25.356657+00:00,mlx-community/Qwen3-0.6B-4bit,9,hrm,0.35294117647058826,6,17,2.192615832998854,1,1,0.15,0.03,0.05,0.01,0.01,1.0,1.0,1.0,modular,B,B,True,-1.6919746398925781,-1.4419746398925781,-4.504474639892578,-3.441974639892578
2026-05-20T19:20:25.356657+00:00,mlx-community/Qwen3-0.6B-4bit,9,hrm,0.35294117647058826,6,17,2.192615832998854,1,1,0.15,0.03,0.05,0.01,0.01,1.0,1.0,1.0,work_rate,A,A,True,-0.8579254150390625,-2.7329254150390625,-5.4829254150390625,-4.5454254150390625
2026-05-20T19:20:25.356657+00:00,mlx-community/Qwen3-0.6B-4bit,9,hrm,0.35294117647058826,6,17,2.192615832998854,1,1,0.15,0.03,0.05,0.01,0.01,1.0,1.0,1.0,probability,B,B,True,-2.2107391357421875,-1.9607391357421875,-4.3357391357421875,-3.0857391357421875
2026-05-20T19:20:25.356657+00:00,mlx-community/Qwen3-0.6B-4bit,9,hrm,0.35294117647058826,6,17,2.192615832998854,1,1,0.15,0.03,0.05,0.01,0.01,1.0,1.0,1.0,sequence,C,A,False,-2.1373138427734375,-2.6373138427734375,-2.7623138427734375,-4.2623138427734375
2026-05-20T19:20:25.356657+00:00,mlx-community/Qwen3-0.6B-4bit,9,hrm,0.35294117647058826,6,17,2.192615832998854,1,1,0.15,0.03,0.05,0.01,0.01,1.0,1.0,1.0,linear_word,B,A,False,-1.8171005249023438,-3.3171005249023438,-5.754600524902344,-4.379600524902344
2026-05-20T19:20:25.356657+00:00,mlx-community/Qwen3-0.6B-4bit,9,hrm,0.35294117647058826,6,17,2.192615832998854,1,1,0.15,0.03,0.05,0.01,0.01,1.0,1.0,1.0,reverse_discount,C,A,False,-2.667917251586914,-4.542917251586914,-5.855417251586914,-5.167917251586914
2026-05-20T19:20:25.356657+00:00,mlx-community/Qwen3-0.6B-4bit,9,hrm,0.35294117647058826,6,17,2.192615832998854,1,1,0.15,0.03,0.05,0.01,0.01,1.0,1.0,1.0,multiples,B,B,True,-1.8349876403808594,-1.4599876403808594,-4.334987640380859,-2.3349876403808594
2026-05-20T19:20:25.356657+00:00,mlx-community/Qwen3-0.6B-4bit,9,hrm,0.35294117647058826,6,17,2.192615832998854,1,1,0.15,0.03,0.05,0.01,0.01,1.0,1.0,1.0,rectangle,B,A,False,-1.6739082336425781,-3.298908233642578,-6.298908233642578,-4.423908233642578
2026-05-20T19:20:25.356657+00:00,mlx-community/Qwen3-0.6B-4bit,9,hrm,0.35294117647058826,6,17,2.192615832998854,1,1,0.15,0.03,0.05,0.01,0.01,1.0,1.0,1.0,average,C,A,False,-2.528348922729492,-3.028348922729492,-4.840848922729492,-4.278348922729492
2026-05-20T19:20:25.356657+00:00,mlx-community/Qwen3-0.6B-4bit,9,hrm,0.35294117647058826,6,17,2.192615832998854,1,1,0.15,0.03,0.05,0.01,0.01,1.0,1.0,1.0,combinations,B,A,False,-3.0201663970947266,-3.3951663970947266,-5.145166397094727,-3.9576663970947266
2026-05-20T19:20:25.356657+00:00,mlx-community/Qwen3-0.6B-4bit,9,hrm,0.35294117647058826,6,17,2.192615832998854,1,1,0.15,0.03,0.05,0.01,0.01,1.0,1.0,1.0,coins,C,A,False,-3.036121368408203,-3.036121368408203,-3.161121368408203,-4.098621368408203
2026-05-20T19:20:25.356657+00:00,mlx-community/Qwen3-0.6B-4bit,9,hrm,0.35294117647058826,6,17,2.192615832998854,1,1,0.15,0.03,0.05,0.01,0.01,1.0,1.0,1.0,modular_small,B,B,True,-1.9029178619384766,-1.0279178619384766,-3.7779178619384766,-3.1529178619384766
2026-05-20T19:20:25.356657+00:00,mlx-community/Qwen3-0.6B-4bit,9,hrm,0.35294117647058826,6,17,2.192615832998854,1,1,0.15,0.03,0.05,0.01,0.01,1.0,1.0,1.0,syllogism,A,B,False,-4.612958908081055,-3.6129589080810547,-5.425458908081055,-3.9254589080810547
2026-05-20T19:20:27.553760+00:00,mlx-community/Qwen3-0.6B-4bit,10,hrm,0.35294117647058826,6,17,2.1969149590004236,1,1,0.15,0.03,0.05,0.03,0.03,1.0,1.0,1.0,algebra,B,A,False,-3.4342041015625,-3.4967041015625,-4.9967041015625,-5.9342041015625
2026-05-20T19:20:27.553760+00:00,mlx-community/Qwen3-0.6B-4bit,10,hrm,0.35294117647058826,6,17,2.1969149590004236,1,1,0.15,0.03,0.05,0.03,0.03,1.0,1.0,1.0,markup,C,A,False,-2.047872543334961,-4.797872543334961,-5.672872543334961,-5.860372543334961
2026-05-20T19:20:27.553760+00:00,mlx-community/Qwen3-0.6B-4bit,10,hrm,0.35294117647058826,6,17,2.1969149590004236,1,1,0.15,0.03,0.05,0.03,0.03,1.0,1.0,1.0,boxes,C,D,False,-1.625152587890625,-2.750152587890625,-3.937652587890625,-1.375152587890625
2026-05-20T19:20:27.553760+00:00,mlx-community/Qwen3-0.6B-4bit,10,hrm,0.35294117647058826,6,17,2.1969149590004236,1,1,0.15,0.03,0.05,0.03,0.03,1.0,1.0,1.0,inclusion,B,B,True,-2.040292739868164,-1.040292739868164,-4.790292739868164,-2.790292739868164
2026-05-20T19:20:27.553760+00:00,mlx-community/Qwen3-0.6B-4bit,10,hrm,0.35294117647058826,6,17,2.1969149590004236,1,1,0.15,0.03,0.05,0.03,0.03,1.0,1.0,1.0,modular,B,B,True,-1.686981201171875,-1.436981201171875,-4.561981201171875,-3.561981201171875
2026-05-20T19:20:27.553760+00:00,mlx-community/Qwen3-0.6B-4bit,10,hrm,0.35294117647058826,6,17,2.1969149590004236,1,1,0.15,0.03,0.05,0.03,0.03,1.0,1.0,1.0,work_rate,A,A,True,-0.8578510284423828,-2.732851028442383,-5.482851028442383,-4.545351028442383
2026-05-20T19:20:27.553760+00:00,mlx-community/Qwen3-0.6B-4bit,10,hrm,0.35294117647058826,6,17,2.1969149590004236,1,1,0.15,0.03,0.05,0.03,0.03,1.0,1.0,1.0,probability,B,B,True,-2.240264892578125,-1.865264892578125,-4.365264892578125,-3.115264892578125
2026-05-20T19:20:27.553760+00:00,mlx-community/Qwen3-0.6B-4bit,10,hrm,0.35294117647058826,6,17,2.1969149590004236,1,1,0.15,0.03,0.05,0.03,0.03,1.0,1.0,1.0,sequence,C,A,False,-2.1371803283691406,-2.6371803283691406,-2.7621803283691406,-4.262180328369141
2026-05-20T19:20:27.553760+00:00,mlx-community/Qwen3-0.6B-4bit,10,hrm,0.35294117647058826,6,17,2.1969149590004236,1,1,0.15,0.03,0.05,0.03,0.03,1.0,1.0,1.0,linear_word,B,A,False,-1.8160419464111328,-3.316041946411133,-5.753541946411133,-4.378541946411133
2026-05-20T19:20:27.553760+00:00,mlx-community/Qwen3-0.6B-4bit,10,hrm,0.35294117647058826,6,17,2.1969149590004236,1,1,0.15,0.03,0.05,0.03,0.03,1.0,1.0,1.0,reverse_discount,C,A,False,-2.654356002807617,-4.529356002807617,-5.904356002807617,-5.154356002807617
2026-05-20T19:20:27.553760+00:00,mlx-community/Qwen3-0.6B-4bit,10,hrm,0.35294117647058826,6,17,2.1969149590004236,1,1,0.15,0.03,0.05,0.03,0.03,1.0,1.0,1.0,multiples,B,B,True,-1.846445083618164,-1.471445083618164,-4.346445083618164,-2.346445083618164
2026-05-20T19:20:27.553760+00:00,mlx-community/Qwen3-0.6B-4bit,10,hrm,0.35294117647058826,6,17,2.1969149590004236,1,1,0.15,0.03,0.05,0.03,0.03,1.0,1.0,1.0,rectangle,B,A,False,-1.6200485229492188,-3.2450485229492188,-6.245048522949219,-4.370048522949219
2026-05-20T19:20:27.553760+00:00,mlx-community/Qwen3-0.6B-4bit,10,hrm,0.35294117647058826,6,17,2.1969149590004236,1,1,0.15,0.03,0.05,0.03,0.03,1.0,1.0,1.0,average,C,A,False,-2.5129356384277344,-3.0129356384277344,-4.825435638427734,-4.262935638427734
2026-05-20T19:20:27.553760+00:00,mlx-community/Qwen3-0.6B-4bit,10,hrm,0.35294117647058826,6,17,2.1969149590004236,1,1,0.15,0.03,0.05,0.03,0.03,1.0,1.0,1.0,combinations,B,A,False,-3.087146759033203,-3.462146759033203,-5.212146759033203,-4.024646759033203
2026-05-20T19:20:27.553760+00:00,mlx-community/Qwen3-0.6B-4bit,10,hrm,0.35294117647058826,6,17,2.1969149590004236,1,1,0.15,0.03,0.05,0.03,0.03,1.0,1.0,1.0,coins,C,A,False,-3.0359439849853516,-3.0359439849853516,-3.1609439849853516,-4.098443984985352
2026-05-20T19:20:27.553760+00:00,mlx-community/Qwen3-0.6B-4bit,10,hrm,0.35294117647058826,6,17,2.1969149590004236,1,1,0.15,0.03,0.05,0.03,0.03,1.0,1.0,1.0,modular_small,B,B,True,-1.8795661926269531,-1.0045661926269531,-3.879566192626953,-3.129566192626953
2026-05-20T19:20:27.553760+00:00,mlx-community/Qwen3-0.6B-4bit,10,hrm,0.35294117647058826,6,17,2.1969149590004236,1,1,0.15,0.03,0.05,0.03,0.03,1.0,1.0,1.0,syllogism,A,B,False,-4.597440719604492,-3.597440719604492,-5.409940719604492,-3.909940719604492
2026-05-20T19:20:29.763673+00:00,mlx-community/Qwen3-0.6B-4bit,11,hrm,0.35294117647058826,6,17,2.2097025839975686,1,1,0.15,0.03,0.08,0.01,0.01,1.0,1.0,1.0,algebra,B,A,False,-3.434795379638672,-3.497295379638672,-4.997295379638672,-5.934795379638672
2026-05-20T19:20:29.763673+00:00,mlx-community/Qwen3-0.6B-4bit,11,hrm,0.35294117647058826,6,17,2.2097025839975686,1,1,0.15,0.03,0.08,0.01,0.01,1.0,1.0,1.0,markup,C,A,False,-2.0947952270507812,-4.844795227050781,-5.719795227050781,-5.907295227050781
2026-05-20T19:20:29.763673+00:00,mlx-community/Qwen3-0.6B-4bit,11,hrm,0.35294117647058826,6,17,2.2097025839975686,1,1,0.15,0.03,0.08,0.01,0.01,1.0,1.0,1.0,boxes,C,D,False,-1.6257400512695312,-2.7507400512695312,-3.9382400512695312,-1.3757400512695312
2026-05-20T19:20:29.763673+00:00,mlx-community/Qwen3-0.6B-4bit,11,hrm,0.35294117647058826,6,17,2.2097025839975686,1,1,0.15,0.03,0.08,0.01,0.01,1.0,1.0,1.0,inclusion,B,B,True,-2.040355682373047,-1.0403556823730469,-4.790355682373047,-2.790355682373047
2026-05-20T19:20:29.763673+00:00,mlx-community/Qwen3-0.6B-4bit,11,hrm,0.35294117647058826,6,17,2.2097025839975686,1,1,0.15,0.03,0.08,0.01,0.01,1.0,1.0,1.0,modular,B,B,True,-1.736227035522461,-1.486227035522461,-4.611227035522461,-3.486227035522461
2026-05-20T19:20:29.763673+00:00,mlx-community/Qwen3-0.6B-4bit,11,hrm,0.35294117647058826,6,17,2.2097025839975686,1,1,0.15,0.03,0.08,0.01,0.01,1.0,1.0,1.0,work_rate,A,A,True,-0.864532470703125,-2.739532470703125,-5.489532470703125,-4.552032470703125
2026-05-20T19:20:29.763673+00:00,mlx-community/Qwen3-0.6B-4bit,11,hrm,0.35294117647058826,6,17,2.2097025839975686,1,1,0.15,0.03,0.08,0.01,0.01,1.0,1.0,1.0,probability,B,B,True,-2.2107791900634766,-1.9607791900634766,-4.335779190063477,-3.0857791900634766
2026-05-20T19:20:29.763673+00:00,mlx-community/Qwen3-0.6B-4bit,11,hrm,0.35294117647058826,6,17,2.2097025839975686,1,1,0.15,0.03,0.08,0.01,0.01,1.0,1.0,1.0,sequence,C,A,False,-2.136556625366211,-2.636556625366211,-2.761556625366211,-4.261556625366211
2026-05-20T19:20:29.763673+00:00,mlx-community/Qwen3-0.6B-4bit,11,hrm,0.35294117647058826,6,17,2.2097025839975686,1,1,0.15,0.03,0.08,0.01,0.01,1.0,1.0,1.0,linear_word,B,A,False,-1.8167095184326172,-3.316709518432617,-5.754209518432617,-4.379209518432617
2026-05-20T19:20:29.763673+00:00,mlx-community/Qwen3-0.6B-4bit,11,hrm,0.35294117647058826,6,17,2.2097025839975686,1,1,0.15,0.03,0.08,0.01,0.01,1.0,1.0,1.0,reverse_discount,C,A,False,-2.6552276611328125,-4.5302276611328125,-5.8427276611328125,-5.1552276611328125
2026-05-20T19:20:29.763673+00:00,mlx-community/Qwen3-0.6B-4bit,11,hrm,0.35294117647058826,6,17,2.2097025839975686,1,1,0.15,0.03,0.08,0.01,0.01,1.0,1.0,1.0,multiples,B,B,True,-1.878835678100586,-1.503835678100586,-4.378835678100586,-2.378835678100586
2026-05-20T19:20:29.763673+00:00,mlx-community/Qwen3-0.6B-4bit,11,hrm,0.35294117647058826,6,17,2.2097025839975686,1,1,0.15,0.03,0.08,0.01,0.01,1.0,1.0,1.0,rectangle,B,A,False,-1.6710758209228516,-3.2960758209228516,-6.296075820922852,-4.421075820922852
2026-05-20T19:20:29.763673+00:00,mlx-community/Qwen3-0.6B-4bit,11,hrm,0.35294117647058826,6,17,2.2097025839975686,1,1,0.15,0.03,0.08,0.01,0.01,1.0,1.0,1.0,average,C,A,False,-2.527067184448242,-3.027067184448242,-4.839567184448242,-4.277067184448242
2026-05-20T19:20:29.763673+00:00,mlx-community/Qwen3-0.6B-4bit,11,hrm,0.35294117647058826,6,17,2.2097025839975686,1,1,0.15,0.03,0.08,0.01,0.01,1.0,1.0,1.0,combinations,B,A,False,-3.088289260864258,-3.463289260864258,-5.213289260864258,-4.025789260864258
2026-05-20T19:20:29.763673+00:00,mlx-community/Qwen3-0.6B-4bit,11,hrm,0.35294117647058826,6,17,2.2097025839975686,1,1,0.15,0.03,0.08,0.01,0.01,1.0,1.0,1.0,coins,C,A,False,-3.035646438598633,-3.035646438598633,-3.160646438598633,-4.098146438598633
2026-05-20T19:20:29.763673+00:00,mlx-community/Qwen3-0.6B-4bit,11,hrm,0.35294117647058826,6,17,2.2097025839975686,1,1,0.15,0.03,0.08,0.01,0.01,1.0,1.0,1.0,modular_small,B,B,True,-1.9002971649169922,-1.0252971649169922,-3.900297164916992,-3.150297164916992
2026-05-20T19:20:29.763673+00:00,mlx-community/Qwen3-0.6B-4bit,11,hrm,0.35294117647058826,6,17,2.2097025839975686,1,1,0.15,0.03,0.08,0.01,0.01,1.0,1.0,1.0,syllogism,A,B,False,-4.611053466796875,-3.611053466796875,-5.423553466796875,-3.923553466796875
2026-05-20T19:20:31.979127+00:00,mlx-community/Qwen3-0.6B-4bit,12,hrm,0.35294117647058826,6,17,2.2152340409993485,1,1,0.15,0.03,0.08,0.03,0.03,1.0,1.0,1.0,algebra,B,A,False,-3.4343738555908203,-3.4968738555908203,-4.99687385559082,-5.93437385559082
2026-05-20T19:20:31.979127+00:00,mlx-community/Qwen3-0.6B-4bit,12,hrm,0.35294117647058826,6,17,2.2152340409993485,1,1,0.15,0.03,0.08,0.03,0.03,1.0,1.0,1.0,markup,C,A,False,-2.100118637084961,-4.850118637084961,-5.725118637084961,-5.912618637084961
2026-05-20T19:20:31.979127+00:00,mlx-community/Qwen3-0.6B-4bit,12,hrm,0.35294117647058826,6,17,2.2152340409993485,1,1,0.15,0.03,0.08,0.03,0.03,1.0,1.0,1.0,boxes,C,D,False,-1.6263446807861328,-2.751344680786133,-3.938844680786133,-1.3763446807861328
2026-05-20T19:20:31.979127+00:00,mlx-community/Qwen3-0.6B-4bit,12,hrm,0.35294117647058826,6,17,2.2152340409993485,1,1,0.15,0.03,0.08,0.03,0.03,1.0,1.0,1.0,inclusion,B,B,True,-2.0403289794921875,-1.0403289794921875,-4.7903289794921875,-2.7903289794921875
2026-05-20T19:20:31.979127+00:00,mlx-community/Qwen3-0.6B-4bit,12,hrm,0.35294117647058826,6,17,2.2152340409993485,1,1,0.15,0.03,0.08,0.03,0.03,1.0,1.0,1.0,modular,B,B,True,-1.7366924285888672,-1.4866924285888672,-4.611692428588867,-3.486692428588867
2026-05-20T19:20:31.979127+00:00,mlx-community/Qwen3-0.6B-4bit,12,hrm,0.35294117647058826,6,17,2.2152340409993485,1,1,0.15,0.03,0.08,0.03,0.03,1.0,1.0,1.0,work_rate,A,A,True,-0.8580894470214844,-2.7330894470214844,-5.483089447021484,-4.545589447021484
2026-05-20T19:20:31.979127+00:00,mlx-community/Qwen3-0.6B-4bit,12,hrm,0.35294117647058826,6,17,2.2152340409993485,1,1,0.15,0.03,0.08,0.03,0.03,1.0,1.0,1.0,probability,B,B,True,-2.2107181549072266,-1.9607181549072266,-4.335718154907227,-3.0857181549072266
2026-05-20T19:20:31.979127+00:00,mlx-community/Qwen3-0.6B-4bit,12,hrm,0.35294117647058826,6,17,2.2152340409993485,1,1,0.15,0.03,0.08,0.03,0.03,1.0,1.0,1.0,sequence,C,A,False,-2.120584487915039,-2.620584487915039,-2.745584487915039,-4.245584487915039
2026-05-20T19:20:31.979127+00:00,mlx-community/Qwen3-0.6B-4bit,12,hrm,0.35294117647058826,6,17,2.2152340409993485,1,1,0.15,0.03,0.08,0.03,0.03,1.0,1.0,1.0,linear_word,B,A,False,-1.818145751953125,-3.318145751953125,-5.755645751953125,-4.380645751953125
2026-05-20T19:20:31.979127+00:00,mlx-community/Qwen3-0.6B-4bit,12,hrm,0.35294117647058826,6,17,2.2152340409993485,1,1,0.15,0.03,0.08,0.03,0.03,1.0,1.0,1.0,reverse_discount,C,A,False,-2.6549816131591797,-4.52998161315918,-5.84248161315918,-5.15498161315918
2026-05-20T19:20:31.979127+00:00,mlx-community/Qwen3-0.6B-4bit,12,hrm,0.35294117647058826,6,17,2.2152340409993485,1,1,0.15,0.03,0.08,0.03,0.03,1.0,1.0,1.0,multiples,B,B,True,-1.8789176940917969,-1.5039176940917969,-4.378917694091797,-2.378917694091797
2026-05-20T19:20:31.979127+00:00,mlx-community/Qwen3-0.6B-4bit,12,hrm,0.35294117647058826,6,17,2.2152340409993485,1,1,0.15,0.03,0.08,0.03,0.03,1.0,1.0,1.0,rectangle,B,A,False,-1.6729660034179688,-3.2979660034179688,-6.297966003417969,-4.422966003417969
2026-05-20T19:20:31.979127+00:00,mlx-community/Qwen3-0.6B-4bit,12,hrm,0.35294117647058826,6,17,2.2152340409993485,1,1,0.15,0.03,0.08,0.03,0.03,1.0,1.0,1.0,average,C,A,False,-2.515279769897461,-3.015279769897461,-4.827779769897461,-4.265279769897461
2026-05-20T19:20:31.979127+00:00,mlx-community/Qwen3-0.6B-4bit,12,hrm,0.35294117647058826,6,17,2.2152340409993485,1,1,0.15,0.03,0.08,0.03,0.03,1.0,1.0,1.0,combinations,B,A,False,-3.087432861328125,-3.462432861328125,-5.149932861328125,-4.024932861328125
2026-05-20T19:20:31.979127+00:00,mlx-community/Qwen3-0.6B-4bit,12,hrm,0.35294117647058826,6,17,2.2152340409993485,1,1,0.15,0.03,0.08,0.03,0.03,1.0,1.0,1.0,coins,C,A,False,-3.0361251831054688,-3.0361251831054688,-3.1611251831054688,-4.098625183105469
2026-05-20T19:20:31.979127+00:00,mlx-community/Qwen3-0.6B-4bit,12,hrm,0.35294117647058826,6,17,2.2152340409993485,1,1,0.15,0.03,0.08,0.03,0.03,1.0,1.0,1.0,modular_small,B,B,True,-1.9004535675048828,-1.0254535675048828,-3.900453567504883,-3.150453567504883
2026-05-20T19:20:31.979127+00:00,mlx-community/Qwen3-0.6B-4bit,12,hrm,0.35294117647058826,6,17,2.2152340409993485,1,1,0.15,0.03,0.08,0.03,0.03,1.0,1.0,1.0,syllogism,A,B,False,-4.612895965576172,-3.612895965576172,-5.425395965576172,-3.925395965576172
2026-05-20T19:20:34.192800+00:00,mlx-community/Qwen3-0.6B-4bit,13,hrm,0.35294117647058826,6,17,2.2134629159991164,1,1,0.15,0.05,0.02,0.01,0.01,1.0,1.0,1.0,algebra,B,A,False,-3.3796958923339844,-3.5046958923339844,-5.004695892333984,-5.942195892333984
2026-05-20T19:20:34.192800+00:00,mlx-community/Qwen3-0.6B-4bit,13,hrm,0.35294117647058826,6,17,2.2134629159991164,1,1,0.15,0.05,0.02,0.01,0.01,1.0,1.0,1.0,markup,C,A,False,-2.042041778564453,-4.792041778564453,-5.667041778564453,-5.854541778564453
2026-05-20T19:20:34.192800+00:00,mlx-community/Qwen3-0.6B-4bit,13,hrm,0.35294117647058826,6,17,2.2134629159991164,1,1,0.15,0.05,0.02,0.01,0.01,1.0,1.0,1.0,boxes,C,D,False,-1.6249637603759766,-2.7499637603759766,-3.9999637603759766,-1.3749637603759766
2026-05-20T19:20:34.192800+00:00,mlx-community/Qwen3-0.6B-4bit,13,hrm,0.35294117647058826,6,17,2.2134629159991164,1,1,0.15,0.05,0.02,0.01,0.01,1.0,1.0,1.0,inclusion,B,B,True,-2.0400028228759766,-1.0400028228759766,-4.790002822875977,-2.7900028228759766
2026-05-20T19:20:34.192800+00:00,mlx-community/Qwen3-0.6B-4bit,13,hrm,0.35294117647058826,6,17,2.2134629159991164,1,1,0.15,0.05,0.02,0.01,0.01,1.0,1.0,1.0,modular,B,B,True,-1.7900314331054688,-1.4150314331054688,-4.540031433105469,-3.5400314331054688
2026-05-20T19:20:34.192800+00:00,mlx-community/Qwen3-0.6B-4bit,13,hrm,0.35294117647058826,6,17,2.2134629159991164,1,1,0.15,0.05,0.02,0.01,0.01,1.0,1.0,1.0,work_rate,A,A,True,-0.8575477600097656,-2.7325477600097656,-5.482547760009766,-4.545047760009766
2026-05-20T19:20:34.192800+00:00,mlx-community/Qwen3-0.6B-4bit,13,hrm,0.35294117647058826,6,17,2.2134629159991164,1,1,0.15,0.05,0.02,0.01,0.01,1.0,1.0,1.0,probability,B,B,True,-2.210611343383789,-1.960611343383789,-4.335611343383789,-3.085611343383789
2026-05-20T19:20:34.192800+00:00,mlx-community/Qwen3-0.6B-4bit,13,hrm,0.35294117647058826,6,17,2.2134629159991164,1,1,0.15,0.05,0.02,0.01,0.01,1.0,1.0,1.0,sequence,C,A,False,-2.138448715209961,-2.638448715209961,-2.763448715209961,-4.263448715209961
2026-05-20T19:20:34.192800+00:00,mlx-community/Qwen3-0.6B-4bit,13,hrm,0.35294117647058826,6,17,2.2134629159991164,1,1,0.15,0.05,0.02,0.01,0.01,1.0,1.0,1.0,linear_word,B,A,False,-1.815887451171875,-3.315887451171875,-5.815887451171875,-4.378387451171875
2026-05-20T19:20:34.192800+00:00,mlx-community/Qwen3-0.6B-4bit,13,hrm,0.35294117647058826,6,17,2.2134629159991164,1,1,0.15,0.05,0.02,0.01,0.01,1.0,1.0,1.0,reverse_discount,C,A,False,-2.654996871948242,-4.529996871948242,-5.842496871948242,-5.154996871948242
2026-05-20T19:20:34.192800+00:00,mlx-community/Qwen3-0.6B-4bit,13,hrm,0.35294117647058826,6,17,2.2134629159991164,1,1,0.15,0.05,0.02,0.01,0.01,1.0,1.0,1.0,multiples,B,B,True,-1.8331165313720703,-1.4581165313720703,-4.45811653137207,-2.3331165313720703
2026-05-20T19:20:34.192800+00:00,mlx-community/Qwen3-0.6B-4bit,13,hrm,0.35294117647058826,6,17,2.2134629159991164,1,1,0.15,0.05,0.02,0.01,0.01,1.0,1.0,1.0,rectangle,B,A,False,-1.6566448211669922,-3.281644821166992,-6.281644821166992,-4.406644821166992
2026-05-20T19:20:34.192800+00:00,mlx-community/Qwen3-0.6B-4bit,13,hrm,0.35294117647058826,6,17,2.2134629159991164,1,1,0.15,0.05,0.02,0.01,0.01,1.0,1.0,1.0,average,C,A,False,-2.5128097534179688,-3.0128097534179688,-4.825309753417969,-4.262809753417969
2026-05-20T19:20:34.192800+00:00,mlx-community/Qwen3-0.6B-4bit,13,hrm,0.35294117647058826,6,17,2.2134629159991164,1,1,0.15,0.05,0.02,0.01,0.01,1.0,1.0,1.0,combinations,B,A,False,-3.1321983337402344,-3.3821983337402344,-5.132198333740234,-3.9446983337402344
2026-05-20T19:20:34.192800+00:00,mlx-community/Qwen3-0.6B-4bit,13,hrm,0.35294117647058826,6,17,2.2134629159991164,1,1,0.15,0.05,0.02,0.01,0.01,1.0,1.0,1.0,coins,C,A,False,-3.0354251861572266,-3.0354251861572266,-3.1604251861572266,-4.097925186157227
2026-05-20T19:20:34.192800+00:00,mlx-community/Qwen3-0.6B-4bit,13,hrm,0.35294117647058826,6,17,2.2134629159991164,1,1,0.15,0.05,0.02,0.01,0.01,1.0,1.0,1.0,modular_small,B,B,True,-1.9418983459472656,-1.0668983459472656,-3.6918983459472656,-3.0668983459472656
2026-05-20T19:20:34.192800+00:00,mlx-community/Qwen3-0.6B-4bit,13,hrm,0.35294117647058826,6,17,2.2134629159991164,1,1,0.15,0.05,0.02,0.01,0.01,1.0,1.0,1.0,syllogism,A,B,False,-4.598981857299805,-3.5989818572998047,-5.411481857299805,-3.8489818572998047
2026-05-20T19:20:36.406424+00:00,mlx-community/Qwen3-0.6B-4bit,14,hrm,0.35294117647058826,6,17,2.2134097919988562,1,1,0.15,0.05,0.02,0.03,0.03,1.0,1.0,1.0,algebra,B,A,False,-3.4394702911376953,-3.5019702911376953,-5.064470291137695,-5.939470291137695
2026-05-20T19:20:36.406424+00:00,mlx-community/Qwen3-0.6B-4bit,14,hrm,0.35294117647058826,6,17,2.2134097919988562,1,1,0.15,0.05,0.02,0.03,0.03,1.0,1.0,1.0,markup,C,A,False,-2.0939197540283203,-4.84391975402832,-5.71891975402832,-5.90641975402832
2026-05-20T19:20:36.406424+00:00,mlx-community/Qwen3-0.6B-4bit,14,hrm,0.35294117647058826,6,17,2.2134097919988562,1,1,0.15,0.05,0.02,0.03,0.03,1.0,1.0,1.0,boxes,C,D,False,-1.6256561279296875,-2.7506561279296875,-3.9381561279296875,-1.3756561279296875
2026-05-20T19:20:36.406424+00:00,mlx-community/Qwen3-0.6B-4bit,14,hrm,0.35294117647058826,6,17,2.2134097919988562,1,1,0.15,0.05,0.02,0.03,0.03,1.0,1.0,1.0,inclusion,B,B,True,-2.0400314331054688,-1.0400314331054688,-4.790031433105469,-2.7900314331054688
2026-05-20T19:20:36.406424+00:00,mlx-community/Qwen3-0.6B-4bit,14,hrm,0.35294117647058826,6,17,2.2134097919988562,1,1,0.15,0.05,0.02,0.03,0.03,1.0,1.0,1.0,modular,B,B,True,-1.7985038757324219,-1.4235038757324219,-4.548503875732422,-3.548503875732422
2026-05-20T19:20:36.406424+00:00,mlx-community/Qwen3-0.6B-4bit,14,hrm,0.35294117647058826,6,17,2.2134097919988562,1,1,0.15,0.05,0.02,0.03,0.03,1.0,1.0,1.0,work_rate,A,A,True,-0.857391357421875,-2.732391357421875,-5.482391357421875,-4.544891357421875
2026-05-20T19:20:36.406424+00:00,mlx-community/Qwen3-0.6B-4bit,14,hrm,0.35294117647058826,6,17,2.2134097919988562,1,1,0.15,0.05,0.02,0.03,0.03,1.0,1.0,1.0,probability,B,B,True,-2.222299575805664,-1.972299575805664,-4.347299575805664,-3.097299575805664
2026-05-20T19:20:36.406424+00:00,mlx-community/Qwen3-0.6B-4bit,14,hrm,0.35294117647058826,6,17,2.2134097919988562,1,1,0.15,0.05,0.02,0.03,0.03,1.0,1.0,1.0,sequence,C,A,False,-2.138784408569336,-2.638784408569336,-2.763784408569336,-4.263784408569336
2026-05-20T19:20:36.406424+00:00,mlx-community/Qwen3-0.6B-4bit,14,hrm,0.35294117647058826,6,17,2.2134097919988562,1,1,0.15,0.05,0.02,0.03,0.03,1.0,1.0,1.0,linear_word,B,A,False,-1.821207046508789,-3.196207046508789,-5.758707046508789,-4.383707046508789
2026-05-20T19:20:36.406424+00:00,mlx-community/Qwen3-0.6B-4bit,14,hrm,0.35294117647058826,6,17,2.2134097919988562,1,1,0.15,0.05,0.02,0.03,0.03,1.0,1.0,1.0,reverse_discount,C,A,False,-2.6562232971191406,-4.531223297119141,-5.843723297119141,-5.156223297119141
2026-05-20T19:20:36.406424+00:00,mlx-community/Qwen3-0.6B-4bit,14,hrm,0.35294117647058826,6,17,2.2134097919988562,1,1,0.15,0.05,0.02,0.03,0.03,1.0,1.0,1.0,multiples,B,B,True,-1.8800640106201172,-1.5050640106201172,-4.505064010620117,-2.380064010620117
2026-05-20T19:20:36.406424+00:00,mlx-community/Qwen3-0.6B-4bit,14,hrm,0.35294117647058826,6,17,2.2134097919988562,1,1,0.15,0.05,0.02,0.03,0.03,1.0,1.0,1.0,rectangle,B,A,False,-1.67431640625,-3.29931640625,-6.29931640625,-4.42431640625
2026-05-20T19:20:36.406424+00:00,mlx-community/Qwen3-0.6B-4bit,14,hrm,0.35294117647058826,6,17,2.2134097919988562,1,1,0.15,0.05,0.02,0.03,0.03,1.0,1.0,1.0,average,C,A,False,-2.529308319091797,-3.029308319091797,-4.841808319091797,-4.279308319091797
2026-05-20T19:20:36.406424+00:00,mlx-community/Qwen3-0.6B-4bit,14,hrm,0.35294117647058826,6,17,2.2134097919988562,1,1,0.15,0.05,0.02,0.03,0.03,1.0,1.0,1.0,combinations,B,A,False,-3.0821971893310547,-3.4571971893310547,-5.144697189331055,-4.019697189331055
2026-05-20T19:20:36.406424+00:00,mlx-community/Qwen3-0.6B-4bit,14,hrm,0.35294117647058826,6,17,2.2134097919988562,1,1,0.15,0.05,0.02,0.03,0.03,1.0,1.0,1.0,coins,C,A,False,-3.0355873107910156,-3.0355873107910156,-3.1605873107910156,-4.098087310791016
2026-05-20T19:20:36.406424+00:00,mlx-community/Qwen3-0.6B-4bit,14,hrm,0.35294117647058826,6,17,2.2134097919988562,1,1,0.15,0.05,0.02,0.03,0.03,1.0,1.0,1.0,modular_small,B,B,True,-1.8365192413330078,-1.0865192413330078,-3.711519241333008,-3.086519241333008
2026-05-20T19:20:36.406424+00:00,mlx-community/Qwen3-0.6B-4bit,14,hrm,0.35294117647058826,6,17,2.2134097919988562,1,1,0.15,0.05,0.02,0.03,0.03,1.0,1.0,1.0,syllogism,A,B,False,-4.5989837646484375,-3.5989837646484375,-5.4114837646484375,-3.8489837646484375
2026-05-20T19:20:38.621647+00:00,mlx-community/Qwen3-0.6B-4bit,15,hrm,0.35294117647058826,6,17,2.215011583000887,1,1,0.15,0.05,0.05,0.01,0.01,1.0,1.0,1.0,algebra,B,A,False,-3.439960479736328,-3.502460479736328,-5.002460479736328,-5.939960479736328
2026-05-20T19:20:38.621647+00:00,mlx-community/Qwen3-0.6B-4bit,15,hrm,0.35294117647058826,6,17,2.215011583000887,1,1,0.15,0.05,0.05,0.01,0.01,1.0,1.0,1.0,markup,C,A,False,-2.094623565673828,-4.844623565673828,-5.719623565673828,-5.907123565673828
2026-05-20T19:20:38.621647+00:00,mlx-community/Qwen3-0.6B-4bit,15,hrm,0.35294117647058826,6,17,2.215011583000887,1,1,0.15,0.05,0.05,0.01,0.01,1.0,1.0,1.0,boxes,C,D,False,-1.6259212493896484,-2.7509212493896484,-3.9384212493896484,-1.3759212493896484
2026-05-20T19:20:38.621647+00:00,mlx-community/Qwen3-0.6B-4bit,15,hrm,0.35294117647058826,6,17,2.215011583000887,1,1,0.15,0.05,0.05,0.01,0.01,1.0,1.0,1.0,inclusion,B,B,True,-2.0405139923095703,-1.0405139923095703,-4.79051399230957,-2.7905139923095703
2026-05-20T19:20:38.621647+00:00,mlx-community/Qwen3-0.6B-4bit,15,hrm,0.35294117647058826,6,17,2.215011583000887,1,1,0.15,0.05,0.05,0.01,0.01,1.0,1.0,1.0,modular,B,B,True,-1.679861068725586,-1.429861068725586,-4.554861068725586,-3.554861068725586
2026-05-20T19:20:38.621647+00:00,mlx-community/Qwen3-0.6B-4bit,15,hrm,0.35294117647058826,6,17,2.215011583000887,1,1,0.15,0.05,0.05,0.01,0.01,1.0,1.0,1.0,work_rate,A,A,True,-0.8583488464355469,-2.733348846435547,-5.483348846435547,-4.545848846435547
2026-05-20T19:20:38.621647+00:00,mlx-community/Qwen3-0.6B-4bit,15,hrm,0.35294117647058826,6,17,2.215011583000887,1,1,0.15,0.05,0.05,0.01,0.01,1.0,1.0,1.0,probability,B,B,True,-2.2404518127441406,-1.8654518127441406,-4.365451812744141,-3.1154518127441406
2026-05-20T19:20:38.621647+00:00,mlx-community/Qwen3-0.6B-4bit,15,hrm,0.35294117647058826,6,17,2.215011583000887,1,1,0.15,0.05,0.05,0.01,0.01,1.0,1.0,1.0,sequence,C,A,False,-2.1380481719970703,-2.6380481719970703,-2.7630481719970703,-4.26304817199707
2026-05-20T19:20:38.621647+00:00,mlx-community/Qwen3-0.6B-4bit,15,hrm,0.35294117647058826,6,17,2.215011583000887,1,1,0.15,0.05,0.05,0.01,0.01,1.0,1.0,1.0,linear_word,B,A,False,-1.8161029815673828,-3.316102981567383,-5.753602981567383,-4.378602981567383
2026-05-20T19:20:38.621647+00:00,mlx-community/Qwen3-0.6B-4bit,15,hrm,0.35294117647058826,6,17,2.215011583000887,1,1,0.15,0.05,0.05,0.01,0.01,1.0,1.0,1.0,reverse_discount,C,A,False,-2.656116485595703,-4.531116485595703,-5.843616485595703,-5.156116485595703
2026-05-20T19:20:38.621647+00:00,mlx-community/Qwen3-0.6B-4bit,15,hrm,0.35294117647058826,6,17,2.215011583000887,1,1,0.15,0.05,0.05,0.01,0.01,1.0,1.0,1.0,multiples,B,B,True,-1.8775138854980469,-1.5025138854980469,-4.502513885498047,-2.377513885498047
2026-05-20T19:20:38.621647+00:00,mlx-community/Qwen3-0.6B-4bit,15,hrm,0.35294117647058826,6,17,2.215011583000887,1,1,0.15,0.05,0.05,0.01,0.01,1.0,1.0,1.0,rectangle,B,A,False,-1.6539535522460938,-3.2789535522460938,-6.278953552246094,-4.403953552246094
2026-05-20T19:20:38.621647+00:00,mlx-community/Qwen3-0.6B-4bit,15,hrm,0.35294117647058826,6,17,2.215011583000887,1,1,0.15,0.05,0.05,0.01,0.01,1.0,1.0,1.0,average,C,A,False,-2.5308265686035156,-3.0308265686035156,-4.843326568603516,-4.280826568603516
2026-05-20T19:20:38.621647+00:00,mlx-community/Qwen3-0.6B-4bit,15,hrm,0.35294117647058826,6,17,2.215011583000887,1,1,0.15,0.05,0.05,0.01,0.01,1.0,1.0,1.0,combinations,B,A,False,-3.0845603942871094,-3.4595603942871094,-5.147060394287109,-4.022060394287109
2026-05-20T19:20:38.621647+00:00,mlx-community/Qwen3-0.6B-4bit,15,hrm,0.35294117647058826,6,17,2.215011583000887,1,1,0.15,0.05,0.05,0.01,0.01,1.0,1.0,1.0,coins,C,A,False,-3.0349597930908203,-3.0349597930908203,-3.1599597930908203,-4.09745979309082
2026-05-20T19:20:38.621647+00:00,mlx-community/Qwen3-0.6B-4bit,15,hrm,0.35294117647058826,6,17,2.215011583000887,1,1,0.15,0.05,0.05,0.01,0.01,1.0,1.0,1.0,modular_small,B,B,True,-1.901651382446289,-1.026651382446289,-3.901651382446289,-3.151651382446289
2026-05-20T19:20:38.621647+00:00,mlx-community/Qwen3-0.6B-4bit,15,hrm,0.35294117647058826,6,17,2.215011583000887,1,1,0.15,0.05,0.05,0.01,0.01,1.0,1.0,1.0,syllogism,A,B,False,-4.658638000488281,-3.5961380004882812,-5.408638000488281,-3.9086380004882812
2026-05-20T19:20:40.838670+00:00,mlx-community/Qwen3-0.6B-4bit,16,hrm,0.35294117647058826,6,17,2.2168159579996427,1,1,0.15,0.05,0.05,0.03,0.03,1.0,1.0,1.0,algebra,B,A,False,-3.43890380859375,-3.50140380859375,-5.00140380859375,-5.93890380859375
2026-05-20T19:20:40.838670+00:00,mlx-community/Qwen3-0.6B-4bit,16,hrm,0.35294117647058826,6,17,2.2168159579996427,1,1,0.15,0.05,0.05,0.03,0.03,1.0,1.0,1.0,markup,C,A,False,-2.0989818572998047,-4.848981857299805,-5.723981857299805,-5.911481857299805
2026-05-20T19:20:40.838670+00:00,mlx-community/Qwen3-0.6B-4bit,16,hrm,0.35294117647058826,6,17,2.2168159579996427,1,1,0.15,0.05,0.05,0.03,0.03,1.0,1.0,1.0,boxes,C,D,False,-1.6598834991455078,-2.784883499145508,-3.972383499145508,-1.2848834991455078
2026-05-20T19:20:40.838670+00:00,mlx-community/Qwen3-0.6B-4bit,16,hrm,0.35294117647058826,6,17,2.2168159579996427,1,1,0.15,0.05,0.05,0.03,0.03,1.0,1.0,1.0,inclusion,B,B,True,-2.040332794189453,-1.0403327941894531,-4.790332794189453,-2.790332794189453
2026-05-20T19:20:40.838670+00:00,mlx-community/Qwen3-0.6B-4bit,16,hrm,0.35294117647058826,6,17,2.2168159579996427,1,1,0.15,0.05,0.05,0.03,0.03,1.0,1.0,1.0,modular,B,B,True,-1.6783618927001953,-1.4283618927001953,-4.553361892700195,-3.5533618927001953
2026-05-20T19:20:40.838670+00:00,mlx-community/Qwen3-0.6B-4bit,16,hrm,0.35294117647058826,6,17,2.2168159579996427,1,1,0.15,0.05,0.05,0.03,0.03,1.0,1.0,1.0,work_rate,A,A,True,-0.8579864501953125,-2.7329864501953125,-5.4829864501953125,-4.5454864501953125
2026-05-20T19:20:40.838670+00:00,mlx-community/Qwen3-0.6B-4bit,16,hrm,0.35294117647058826,6,17,2.2168159579996427,1,1,0.15,0.05,0.05,0.03,0.03,1.0,1.0,1.0,probability,B,B,True,-2.221872329711914,-1.971872329711914,-4.346872329711914,-3.096872329711914
2026-05-20T19:20:40.838670+00:00,mlx-community/Qwen3-0.6B-4bit,16,hrm,0.35294117647058826,6,17,2.2168159579996427,1,1,0.15,0.05,0.05,0.03,0.03,1.0,1.0,1.0,sequence,C,A,False,-2.13818359375,-2.63818359375,-2.76318359375,-4.26318359375
2026-05-20T19:20:40.838670+00:00,mlx-community/Qwen3-0.6B-4bit,16,hrm,0.35294117647058826,6,17,2.2168159579996427,1,1,0.15,0.05,0.05,0.03,0.03,1.0,1.0,1.0,linear_word,B,A,False,-1.8161506652832031,-3.316150665283203,-5.816150665283203,-4.378650665283203
2026-05-20T19:20:40.838670+00:00,mlx-community/Qwen3-0.6B-4bit,16,hrm,0.35294117647058826,6,17,2.2168159579996427,1,1,0.15,0.05,0.05,0.03,0.03,1.0,1.0,1.0,reverse_discount,C,A,False,-2.6560935974121094,-4.531093597412109,-5.843593597412109,-5.156093597412109
2026-05-20T19:20:40.838670+00:00,mlx-community/Qwen3-0.6B-4bit,16,hrm,0.35294117647058826,6,17,2.2168159579996427,1,1,0.15,0.05,0.05,0.03,0.03,1.0,1.0,1.0,multiples,B,B,True,-1.8818511962890625,-1.5068511962890625,-4.3818511962890625,-2.3818511962890625
2026-05-20T19:20:40.838670+00:00,mlx-community/Qwen3-0.6B-4bit,16,hrm,0.35294117647058826,6,17,2.2168159579996427,1,1,0.15,0.05,0.05,0.03,0.03,1.0,1.0,1.0,rectangle,B,A,False,-1.667123794555664,-3.292123794555664,-6.292123794555664,-4.417123794555664
2026-05-20T19:20:40.838670+00:00,mlx-community/Qwen3-0.6B-4bit,16,hrm,0.35294117647058826,6,17,2.2168159579996427,1,1,0.15,0.05,0.05,0.03,0.03,1.0,1.0,1.0,average,C,A,False,-2.5305557250976562,-3.0305557250976562,-4.843055725097656,-4.280555725097656
2026-05-20T19:20:40.838670+00:00,mlx-community/Qwen3-0.6B-4bit,16,hrm,0.35294117647058826,6,17,2.2168159579996427,1,1,0.15,0.05,0.05,0.03,0.03,1.0,1.0,1.0,combinations,B,A,False,-3.087038040161133,-3.462038040161133,-5.212038040161133,-4.024538040161133
2026-05-20T19:20:40.838670+00:00,mlx-community/Qwen3-0.6B-4bit,16,hrm,0.35294117647058826,6,17,2.2168159579996427,1,1,0.15,0.05,0.05,0.03,0.03,1.0,1.0,1.0,coins,C,A,False,-3.0353431701660156,-3.0353431701660156,-3.1603431701660156,-4.097843170166016
2026-05-20T19:20:40.838670+00:00,mlx-community/Qwen3-0.6B-4bit,16,hrm,0.35294117647058826,6,17,2.2168159579996427,1,1,0.15,0.05,0.05,0.03,0.03,1.0,1.0,1.0,modular_small,B,B,True,-1.8335952758789062,-1.0835952758789062,-3.8335952758789062,-3.0835952758789062
2026-05-20T19:20:40.838670+00:00,mlx-community/Qwen3-0.6B-4bit,16,hrm,0.35294117647058826,6,17,2.2168159579996427,1,1,0.15,0.05,0.05,0.03,0.03,1.0,1.0,1.0,syllogism,A,B,False,-4.659095764160156,-3.5965957641601562,-5.409095764160156,-3.9090957641601562
2026-05-20T19:20:43.044076+00:00,mlx-community/Qwen3-0.6B-4bit,17,hrm,0.35294117647058826,6,17,2.205190832999506,1,1,0.15,0.05,0.08,0.01,0.01,1.0,1.0,1.0,algebra,B,A,False,-3.4389877319335938,-3.5014877319335938,-5.001487731933594,-5.938987731933594
2026-05-20T19:20:43.044076+00:00,mlx-community/Qwen3-0.6B-4bit,17,hrm,0.35294117647058826,6,17,2.205190832999506,1,1,0.15,0.05,0.08,0.01,0.01,1.0,1.0,1.0,markup,C,A,False,-2.0473384857177734,-4.797338485717773,-5.672338485717773,-5.859838485717773
2026-05-20T19:20:43.044076+00:00,mlx-community/Qwen3-0.6B-4bit,17,hrm,0.35294117647058826,6,17,2.205190832999506,1,1,0.15,0.05,0.08,0.01,0.01,1.0,1.0,1.0,boxes,C,D,False,-1.6637840270996094,-2.7887840270996094,-3.9762840270996094,-1.4137840270996094
2026-05-20T19:20:43.044076+00:00,mlx-community/Qwen3-0.6B-4bit,17,hrm,0.35294117647058826,6,17,2.205190832999506,1,1,0.15,0.05,0.08,0.01,0.01,1.0,1.0,1.0,inclusion,B,B,True,-2.0404911041259766,-1.0404911041259766,-4.790491104125977,-2.7904911041259766
2026-05-20T19:20:43.044076+00:00,mlx-community/Qwen3-0.6B-4bit,17,hrm,0.35294117647058826,6,17,2.205190832999506,1,1,0.15,0.05,0.08,0.01,0.01,1.0,1.0,1.0,modular,B,B,True,-1.6869945526123047,-1.4369945526123047,-4.561994552612305,-3.5619945526123047
2026-05-20T19:20:43.044076+00:00,mlx-community/Qwen3-0.6B-4bit,17,hrm,0.35294117647058826,6,17,2.205190832999506,1,1,0.15,0.05,0.08,0.01,0.01,1.0,1.0,1.0,work_rate,A,A,True,-0.8655624389648438,-2.7405624389648438,-5.490562438964844,-4.553062438964844
2026-05-20T19:20:43.044076+00:00,mlx-community/Qwen3-0.6B-4bit,17,hrm,0.35294117647058826,6,17,2.205190832999506,1,1,0.15,0.05,0.08,0.01,0.01,1.0,1.0,1.0,probability,B,B,True,-2.2223434448242188,-1.9723434448242188,-4.347343444824219,-3.0973434448242188
2026-05-20T19:20:43.044076+00:00,mlx-community/Qwen3-0.6B-4bit,17,hrm,0.35294117647058826,6,17,2.205190832999506,1,1,0.15,0.05,0.08,0.01,0.01,1.0,1.0,1.0,sequence,C,A,False,-2.1372432708740234,-2.6372432708740234,-2.7622432708740234,-4.262243270874023
2026-05-20T19:20:43.044076+00:00,mlx-community/Qwen3-0.6B-4bit,17,hrm,0.35294117647058826,6,17,2.205190832999506,1,1,0.15,0.05,0.08,0.01,0.01,1.0,1.0,1.0,linear_word,B,A,False,-1.8186836242675781,-3.318683624267578,-5.756183624267578,-4.381183624267578
2026-05-20T19:20:43.044076+00:00,mlx-community/Qwen3-0.6B-4bit,17,hrm,0.35294117647058826,6,17,2.205190832999506,1,1,0.15,0.05,0.08,0.01,0.01,1.0,1.0,1.0,reverse_discount,C,A,False,-2.655933380126953,-4.530933380126953,-5.905933380126953,-5.155933380126953
2026-05-20T19:20:43.044076+00:00,mlx-community/Qwen3-0.6B-4bit,17,hrm,0.35294117647058826,6,17,2.205190832999506,1,1,0.15,0.05,0.08,0.01,0.01,1.0,1.0,1.0,multiples,B,B,True,-1.8901519775390625,-1.5151519775390625,-4.3901519775390625,-2.3901519775390625
2026-05-20T19:20:43.044076+00:00,mlx-community/Qwen3-0.6B-4bit,17,hrm,0.35294117647058826,6,17,2.205190832999506,1,1,0.15,0.05,0.08,0.01,0.01,1.0,1.0,1.0,rectangle,B,A,False,-1.7725811004638672,-3.272581100463867,-6.272581100463867,-4.397581100463867
2026-05-20T19:20:43.044076+00:00,mlx-community/Qwen3-0.6B-4bit,17,hrm,0.35294117647058826,6,17,2.205190832999506,1,1,0.15,0.05,0.08,0.01,0.01,1.0,1.0,1.0,average,C,A,False,-2.529458999633789,-3.029458999633789,-4.841958999633789,-4.279458999633789
2026-05-20T19:20:43.044076+00:00,mlx-community/Qwen3-0.6B-4bit,17,hrm,0.35294117647058826,6,17,2.205190832999506,1,1,0.15,0.05,0.08,0.01,0.01,1.0,1.0,1.0,combinations,B,A,False,-3.0873889923095703,-3.4623889923095703,-5.14988899230957,-4.02488899230957
2026-05-20T19:20:43.044076+00:00,mlx-community/Qwen3-0.6B-4bit,17,hrm,0.35294117647058826,6,17,2.205190832999506,1,1,0.15,0.05,0.08,0.01,0.01,1.0,1.0,1.0,coins,C,A,False,-3.0353126525878906,-3.0353126525878906,-3.1603126525878906,-4.097812652587891
2026-05-20T19:20:43.044076+00:00,mlx-community/Qwen3-0.6B-4bit,17,hrm,0.35294117647058826,6,17,2.205190832999506,1,1,0.15,0.05,0.08,0.01,0.01,1.0,1.0,1.0,modular_small,B,B,True,-1.9008922576904297,-1.0258922576904297,-3.7758922576904297,-3.1508922576904297
2026-05-20T19:20:43.044076+00:00,mlx-community/Qwen3-0.6B-4bit,17,hrm,0.35294117647058826,6,17,2.205190832999506,1,1,0.15,0.05,0.08,0.01,0.01,1.0,1.0,1.0,syllogism,A,B,False,-4.613595962524414,-3.613595962524414,-5.426095962524414,-3.863595962524414
2026-05-20T19:20:45.331550+00:00,mlx-community/Qwen3-0.6B-4bit,18,hrm,0.35294117647058826,6,17,2.2872716249985388,1,1,0.15,0.05,0.08,0.03,0.03,1.0,1.0,1.0,algebra,B,A,False,-3.4393978118896484,-3.5018978118896484,-5.001897811889648,-5.939397811889648
2026-05-20T19:20:45.331550+00:00,mlx-community/Qwen3-0.6B-4bit,18,hrm,0.35294117647058826,6,17,2.2872716249985388,1,1,0.15,0.05,0.08,0.03,0.03,1.0,1.0,1.0,markup,C,A,False,-2.047901153564453,-4.797901153564453,-5.672901153564453,-5.860401153564453
2026-05-20T19:20:45.331550+00:00,mlx-community/Qwen3-0.6B-4bit,18,hrm,0.35294117647058826,6,17,2.2872716249985388,1,1,0.15,0.05,0.08,0.03,0.03,1.0,1.0,1.0,boxes,C,D,False,-1.6577434539794922,-2.782743453979492,-3.970243453979492,-1.4077434539794922
2026-05-20T19:20:45.331550+00:00,mlx-community/Qwen3-0.6B-4bit,18,hrm,0.35294117647058826,6,17,2.2872716249985388,1,1,0.15,0.05,0.08,0.03,0.03,1.0,1.0,1.0,inclusion,B,B,True,-2.0440139770507812,-1.0440139770507812,-4.794013977050781,-2.7940139770507812
2026-05-20T19:20:45.331550+00:00,mlx-community/Qwen3-0.6B-4bit,18,hrm,0.35294117647058826,6,17,2.2872716249985388,1,1,0.15,0.05,0.08,0.03,0.03,1.0,1.0,1.0,modular,B,B,True,-1.6866340637207031,-1.4366340637207031,-4.561634063720703,-3.561634063720703
2026-05-20T19:20:45.331550+00:00,mlx-community/Qwen3-0.6B-4bit,18,hrm,0.35294117647058826,6,17,2.2872716249985388,1,1,0.15,0.05,0.08,0.03,0.03,1.0,1.0,1.0,work_rate,A,A,True,-0.8579635620117188,-2.7329635620117188,-5.482963562011719,-4.545463562011719
2026-05-20T19:20:45.331550+00:00,mlx-community/Qwen3-0.6B-4bit,18,hrm,0.35294117647058826,6,17,2.2872716249985388,1,1,0.15,0.05,0.08,0.03,0.03,1.0,1.0,1.0,probability,B,B,True,-2.240802764892578,-1.8658027648925781,-4.365802764892578,-3.115802764892578
2026-05-20T19:20:45.331550+00:00,mlx-community/Qwen3-0.6B-4bit,18,hrm,0.35294117647058826,6,17,2.2872716249985388,1,1,0.15,0.05,0.08,0.03,0.03,1.0,1.0,1.0,sequence,C,A,False,-2.137666702270508,-2.637666702270508,-2.762666702270508,-4.262666702270508
2026-05-20T19:20:45.331550+00:00,mlx-community/Qwen3-0.6B-4bit,18,hrm,0.35294117647058826,6,17,2.2872716249985388,1,1,0.15,0.05,0.08,0.03,0.03,1.0,1.0,1.0,linear_word,B,A,False,-1.8192176818847656,-3.3192176818847656,-5.756717681884766,-4.381717681884766
2026-05-20T19:20:45.331550+00:00,mlx-community/Qwen3-0.6B-4bit,18,hrm,0.35294117647058826,6,17,2.2872716249985388,1,1,0.15,0.05,0.08,0.03,0.03,1.0,1.0,1.0,reverse_discount,C,A,False,-2.6547584533691406,-4.529758453369141,-5.904758453369141,-5.217258453369141
2026-05-20T19:20:45.331550+00:00,mlx-community/Qwen3-0.6B-4bit,18,hrm,0.35294117647058826,6,17,2.2872716249985388,1,1,0.15,0.05,0.08,0.03,0.03,1.0,1.0,1.0,multiples,B,B,True,-1.8350143432617188,-1.4600143432617188,-4.335014343261719,-2.3350143432617188
2026-05-20T19:20:45.331550+00:00,mlx-community/Qwen3-0.6B-4bit,18,hrm,0.35294117647058826,6,17,2.2872716249985388,1,1,0.15,0.05,0.08,0.03,0.03,1.0,1.0,1.0,rectangle,B,A,False,-1.61956787109375,-3.24456787109375,-6.24456787109375,-4.36956787109375
2026-05-20T19:20:45.331550+00:00,mlx-community/Qwen3-0.6B-4bit,18,hrm,0.35294117647058826,6,17,2.2872716249985388,1,1,0.15,0.05,0.08,0.03,0.03,1.0,1.0,1.0,average,C,A,False,-2.529153823852539,-3.029153823852539,-4.841653823852539,-4.279153823852539
2026-05-20T19:20:45.331550+00:00,mlx-community/Qwen3-0.6B-4bit,18,hrm,0.35294117647058826,6,17,2.2872716249985388,1,1,0.15,0.05,0.08,0.03,0.03,1.0,1.0,1.0,combinations,B,A,False,-3.0882434844970703,-3.4632434844970703,-5.15074348449707,-4.02574348449707
2026-05-20T19:20:45.331550+00:00,mlx-community/Qwen3-0.6B-4bit,18,hrm,0.35294117647058826,6,17,2.2872716249985388,1,1,0.15,0.05,0.08,0.03,0.03,1.0,1.0,1.0,coins,C,A,False,-3.0351505279541016,-3.0351505279541016,-3.1601505279541016,-4.097650527954102
2026-05-20T19:20:45.331550+00:00,mlx-community/Qwen3-0.6B-4bit,18,hrm,0.35294117647058826,6,17,2.2872716249985388,1,1,0.15,0.05,0.08,0.03,0.03,1.0,1.0,1.0,modular_small,B,B,True,-1.903167724609375,-1.028167724609375,-3.778167724609375,-3.153167724609375
2026-05-20T19:20:45.331550+00:00,mlx-community/Qwen3-0.6B-4bit,18,hrm,0.35294117647058826,6,17,2.2872716249985388,1,1,0.15,0.05,0.08,0.03,0.03,1.0,1.0,1.0,syllogism,A,B,False,-4.674402236938477,-3.6119022369384766,-5.424402236938477,-3.8619022369384766
2026-05-20T19:20:47.647202+00:00,mlx-community/Qwen3-0.6B-4bit,19,hrm,0.4117647058823529,7,17,2.3154071670032863,1,1,0.2,0.01,0.02,0.01,0.01,1.0,1.0,1.0,algebra,B,B,True,-3.640714645385742,-3.578214645385742,-5.078214645385742,-6.015714645385742
2026-05-20T19:20:47.647202+00:00,mlx-community/Qwen3-0.6B-4bit,19,hrm,0.4117647058823529,7,17,2.3154071670032863,1,1,0.2,0.01,0.02,0.01,0.01,1.0,1.0,1.0,markup,C,A,False,-2.288318634033203,-4.663318634033203,-5.725818634033203,-6.038318634033203
2026-05-20T19:20:47.647202+00:00,mlx-community/Qwen3-0.6B-4bit,19,hrm,0.4117647058823529,7,17,2.3154071670032863,1,1,0.2,0.01,0.02,0.01,0.01,1.0,1.0,1.0,boxes,C,D,False,-1.860647201538086,-2.673147201538086,-4.173147201538086,-1.610647201538086
2026-05-20T19:20:47.647202+00:00,mlx-community/Qwen3-0.6B-4bit,19,hrm,0.4117647058823529,7,17,2.3154071670032863,1,1,0.2,0.01,0.02,0.01,0.01,1.0,1.0,1.0,inclusion,B,B,True,-2.0265254974365234,-1.2765254974365234,-4.776525497436523,-2.7765254974365234
2026-05-20T19:20:47.647202+00:00,mlx-community/Qwen3-0.6B-4bit,19,hrm,0.4117647058823529,7,17,2.3154071670032863,1,1,0.2,0.01,0.02,0.01,0.01,1.0,1.0,1.0,modular,B,B,True,-1.6557064056396484,-1.5307064056396484,-4.530706405639648,-3.5932064056396484
2026-05-20T19:20:47.647202+00:00,mlx-community/Qwen3-0.6B-4bit,19,hrm,0.4117647058823529,7,17,2.3154071670032863,1,1,0.2,0.01,0.02,0.01,0.01,1.0,1.0,1.0,work_rate,A,A,True,-0.9414291381835938,-2.8164291381835938,-5.753929138183594,-4.628929138183594
2026-05-20T19:20:47.647202+00:00,mlx-community/Qwen3-0.6B-4bit,19,hrm,0.4117647058823529,7,17,2.3154071670032863,1,1,0.2,0.01,0.02,0.01,0.01,1.0,1.0,1.0,probability,B,B,True,-2.3397598266601562,-2.0897598266601562,-4.589759826660156,-3.4022598266601562
2026-05-20T19:20:47.647202+00:00,mlx-community/Qwen3-0.6B-4bit,19,hrm,0.4117647058823529,7,17,2.3154071670032863,1,1,0.2,0.01,0.02,0.01,0.01,1.0,1.0,1.0,sequence,C,A,False,-2.5263214111328125,-2.7138214111328125,-2.9013214111328125,-4.4638214111328125
2026-05-20T19:20:47.647202+00:00,mlx-community/Qwen3-0.6B-4bit,19,hrm,0.4117647058823529,7,17,2.3154071670032863,1,1,0.2,0.01,0.02,0.01,0.01,1.0,1.0,1.0,linear_word,B,A,False,-2.066232681274414,-3.316232681274414,-6.066232681274414,-4.566232681274414
2026-05-20T19:20:47.647202+00:00,mlx-community/Qwen3-0.6B-4bit,19,hrm,0.4117647058823529,7,17,2.3154071670032863,1,1,0.2,0.01,0.02,0.01,0.01,1.0,1.0,1.0,reverse_discount,C,A,False,-2.6828670501708984,-4.432867050170898,-6.057867050170898,-5.432867050170898
2026-05-20T19:20:47.647202+00:00,mlx-community/Qwen3-0.6B-4bit,19,hrm,0.4117647058823529,7,17,2.3154071670032863,1,1,0.2,0.01,0.02,0.01,0.01,1.0,1.0,1.0,multiples,B,B,True,-1.9137401580810547,-1.5387401580810547,-4.538740158081055,-2.2887401580810547
2026-05-20T19:20:47.647202+00:00,mlx-community/Qwen3-0.6B-4bit,19,hrm,0.4117647058823529,7,17,2.3154071670032863,1,1,0.2,0.01,0.02,0.01,0.01,1.0,1.0,1.0,rectangle,B,A,False,-1.8476638793945312,-3.3476638793945312,-6.472663879394531,-4.597663879394531
2026-05-20T19:20:47.647202+00:00,mlx-community/Qwen3-0.6B-4bit,19,hrm,0.4117647058823529,7,17,2.3154071670032863,1,1,0.2,0.01,0.02,0.01,0.01,1.0,1.0,1.0,average,C,A,False,-2.7234535217285156,-3.2234535217285156,-5.223453521728516,-4.660953521728516
2026-05-20T19:20:47.647202+00:00,mlx-community/Qwen3-0.6B-4bit,19,hrm,0.4117647058823529,7,17,2.3154071670032863,1,1,0.2,0.01,0.02,0.01,0.01,1.0,1.0,1.0,combinations,B,A,False,-3.2175426483154297,-3.5925426483154297,-5.34254264831543,-4.03004264831543
2026-05-20T19:20:47.647202+00:00,mlx-community/Qwen3-0.6B-4bit,19,hrm,0.4117647058823529,7,17,2.3154071670032863,1,1,0.2,0.01,0.02,0.01,0.01,1.0,1.0,1.0,coins,C,A,False,-3.2717552185058594,-3.2717552185058594,-3.5217552185058594,-4.271755218505859
2026-05-20T19:20:47.647202+00:00,mlx-community/Qwen3-0.6B-4bit,19,hrm,0.4117647058823529,7,17,2.3154071670032863,1,1,0.2,0.01,0.02,0.01,0.01,1.0,1.0,1.0,modular_small,B,B,True,-1.9285449981689453,-1.0535449981689453,-3.8035449981689453,-3.1785449981689453
2026-05-20T19:20:47.647202+00:00,mlx-community/Qwen3-0.6B-4bit,19,hrm,0.4117647058823529,7,17,2.3154071670032863,1,1,0.2,0.01,0.02,0.01,0.01,1.0,1.0,1.0,syllogism,A,B,False,-4.795318603515625,-3.607818603515625,-5.607818603515625,-4.232818603515625
2026-05-20T19:20:49.928763+00:00,mlx-community/Qwen3-0.6B-4bit,20,hrm,0.4117647058823529,7,17,2.2812805409994326,1,1,0.2,0.01,0.02,0.03,0.03,1.0,1.0,1.0,algebra,B,B,True,-3.6403961181640625,-3.5153961181640625,-5.0778961181640625,-6.0153961181640625
2026-05-20T19:20:49.928763+00:00,mlx-community/Qwen3-0.6B-4bit,20,hrm,0.4117647058823529,7,17,2.2812805409994326,1,1,0.2,0.01,0.02,0.03,0.03,1.0,1.0,1.0,markup,C,A,False,-2.281534194946289,-4.656534194946289,-5.719034194946289,-6.031534194946289
2026-05-20T19:20:49.928763+00:00,mlx-community/Qwen3-0.6B-4bit,20,hrm,0.4117647058823529,7,17,2.2812805409994326,1,1,0.2,0.01,0.02,0.03,0.03,1.0,1.0,1.0,boxes,C,D,False,-1.857686996459961,-2.670186996459961,-4.232686996459961,-1.607686996459961
2026-05-20T19:20:49.928763+00:00,mlx-community/Qwen3-0.6B-4bit,20,hrm,0.4117647058823529,7,17,2.2812805409994326,1,1,0.2,0.01,0.02,0.03,0.03,1.0,1.0,1.0,inclusion,B,B,True,-2.0276222229003906,-1.2776222229003906,-4.715122222900391,-2.7776222229003906
2026-05-20T19:20:49.928763+00:00,mlx-community/Qwen3-0.6B-4bit,20,hrm,0.4117647058823529,7,17,2.2812805409994326,1,1,0.2,0.01,0.02,0.03,0.03,1.0,1.0,1.0,modular,B,B,True,-1.656473159790039,-1.531473159790039,-4.468973159790039,-3.593973159790039
2026-05-20T19:20:49.928763+00:00,mlx-community/Qwen3-0.6B-4bit,20,hrm,0.4117647058823529,7,17,2.2812805409994326,1,1,0.2,0.01,0.02,0.03,0.03,1.0,1.0,1.0,work_rate,A,A,True,-0.9418220520019531,-2.816822052001953,-5.754322052001953,-4.566822052001953
2026-05-20T19:20:49.928763+00:00,mlx-community/Qwen3-0.6B-4bit,20,hrm,0.4117647058823529,7,17,2.2812805409994326,1,1,0.2,0.01,0.02,0.03,0.03,1.0,1.0,1.0,probability,B,B,True,-2.341442108154297,-2.091442108154297,-4.591442108154297,-3.341442108154297
2026-05-20T19:20:49.928763+00:00,mlx-community/Qwen3-0.6B-4bit,20,hrm,0.4117647058823529,7,17,2.2812805409994326,1,1,0.2,0.01,0.02,0.03,0.03,1.0,1.0,1.0,sequence,C,A,False,-2.525165557861328,-2.712665557861328,-2.900165557861328,-4.525165557861328
2026-05-20T19:20:49.928763+00:00,mlx-community/Qwen3-0.6B-4bit,20,hrm,0.4117647058823529,7,17,2.2812805409994326,1,1,0.2,0.01,0.02,0.03,0.03,1.0,1.0,1.0,linear_word,B,A,False,-2.067930221557617,-3.317930221557617,-6.130430221557617,-4.567930221557617
2026-05-20T19:20:49.928763+00:00,mlx-community/Qwen3-0.6B-4bit,20,hrm,0.4117647058823529,7,17,2.2812805409994326,1,1,0.2,0.01,0.02,0.03,0.03,1.0,1.0,1.0,reverse_discount,C,A,False,-2.6849021911621094,-4.434902191162109,-5.997402191162109,-5.434902191162109
2026-05-20T19:20:49.928763+00:00,mlx-community/Qwen3-0.6B-4bit,20,hrm,0.4117647058823529,7,17,2.2812805409994326,1,1,0.2,0.01,0.02,0.03,0.03,1.0,1.0,1.0,multiples,B,B,True,-1.9153404235839844,-1.5403404235839844,-4.540340423583984,-2.2903404235839844
2026-05-20T19:20:49.928763+00:00,mlx-community/Qwen3-0.6B-4bit,20,hrm,0.4117647058823529,7,17,2.2812805409994326,1,1,0.2,0.01,0.02,0.03,0.03,1.0,1.0,1.0,rectangle,B,A,False,-1.8475818634033203,-3.3475818634033203,-6.47258186340332,-4.53508186340332
2026-05-20T19:20:49.928763+00:00,mlx-community/Qwen3-0.6B-4bit,20,hrm,0.4117647058823529,7,17,2.2812805409994326,1,1,0.2,0.01,0.02,0.03,0.03,1.0,1.0,1.0,average,C,A,False,-2.626087188720703,-3.251087188720703,-5.251087188720703,-4.688587188720703
2026-05-20T19:20:49.928763+00:00,mlx-community/Qwen3-0.6B-4bit,20,hrm,0.4117647058823529,7,17,2.2812805409994326,1,1,0.2,0.01,0.02,0.03,0.03,1.0,1.0,1.0,combinations,B,A,False,-3.2948684692382812,-3.6698684692382812,-5.419868469238281,-4.107368469238281
2026-05-20T19:20:49.928763+00:00,mlx-community/Qwen3-0.6B-4bit,20,hrm,0.4117647058823529,7,17,2.2812805409994326,1,1,0.2,0.01,0.02,0.03,0.03,1.0,1.0,1.0,coins,C,A,False,-3.271543502807617,-3.271543502807617,-3.521543502807617,-4.271543502807617
2026-05-20T19:20:49.928763+00:00,mlx-community/Qwen3-0.6B-4bit,20,hrm,0.4117647058823529,7,17,2.2812805409994326,1,1,0.2,0.01,0.02,0.03,0.03,1.0,1.0,1.0,modular_small,B,B,True,-1.9479446411132812,-1.0729446411132812,-3.8229446411132812,-3.1979446411132812
2026-05-20T19:20:49.928763+00:00,mlx-community/Qwen3-0.6B-4bit,20,hrm,0.4117647058823529,7,17,2.2812805409994326,1,1,0.2,0.01,0.02,0.03,0.03,1.0,1.0,1.0,syllogism,A,B,False,-4.853141784667969,-3.6031417846679688,-5.603141784667969,-4.228141784667969
2026-05-20T19:20:52.136781+00:00,mlx-community/Qwen3-0.6B-4bit,21,hrm,0.4117647058823529,7,17,2.2074930829985533,1,1,0.2,0.01,0.05,0.01,0.01,1.0,1.0,1.0,algebra,B,B,True,-3.6433658599853516,-3.5183658599853516,-5.080865859985352,-6.080865859985352
2026-05-20T19:20:52.136781+00:00,mlx-community/Qwen3-0.6B-4bit,21,hrm,0.4117647058823529,7,17,2.2074930829985533,1,1,0.2,0.01,0.05,0.01,0.01,1.0,1.0,1.0,markup,C,A,False,-2.2877273559570312,-4.600227355957031,-5.725227355957031,-6.037727355957031
2026-05-20T19:20:52.136781+00:00,mlx-community/Qwen3-0.6B-4bit,21,hrm,0.4117647058823529,7,17,2.2074930829985533,1,1,0.2,0.01,0.05,0.01,0.01,1.0,1.0,1.0,boxes,C,D,False,-1.859375,-2.671875,-4.171875,-1.609375
2026-05-20T19:20:52.136781+00:00,mlx-community/Qwen3-0.6B-4bit,21,hrm,0.4117647058823529,7,17,2.2074930829985533,1,1,0.2,0.01,0.05,0.01,0.01,1.0,1.0,1.0,inclusion,B,B,True,-2.026731491088867,-1.2767314910888672,-4.776731491088867,-2.776731491088867
2026-05-20T19:20:52.136781+00:00,mlx-community/Qwen3-0.6B-4bit,21,hrm,0.4117647058823529,7,17,2.2074930829985533,1,1,0.2,0.01,0.05,0.01,0.01,1.0,1.0,1.0,modular,B,B,True,-1.6640205383300781,-1.5390205383300781,-4.539020538330078,-3.601520538330078
2026-05-20T19:20:52.136781+00:00,mlx-community/Qwen3-0.6B-4bit,21,hrm,0.4117647058823529,7,17,2.2074930829985533,1,1,0.2,0.01,0.05,0.01,0.01,1.0,1.0,1.0,work_rate,A,A,True,-0.9424991607666016,-2.8174991607666016,-5.754999160766602,-4.567499160766602
2026-05-20T19:20:52.136781+00:00,mlx-community/Qwen3-0.6B-4bit,21,hrm,0.4117647058823529,7,17,2.2074930829985533,1,1,0.2,0.01,0.05,0.01,0.01,1.0,1.0,1.0,probability,B,B,True,-2.326021194458008,-2.076021194458008,-4.576021194458008,-3.388521194458008
2026-05-20T19:20:52.136781+00:00,mlx-community/Qwen3-0.6B-4bit,21,hrm,0.4117647058823529,7,17,2.2074930829985533,1,1,0.2,0.01,0.05,0.01,0.01,1.0,1.0,1.0,sequence,C,A,False,-2.5266647338867188,-2.7141647338867188,-2.9016647338867188,-4.464164733886719
2026-05-20T19:20:52.136781+00:00,mlx-community/Qwen3-0.6B-4bit,21,hrm,0.4117647058823529,7,17,2.2074930829985533,1,1,0.2,0.01,0.05,0.01,0.01,1.0,1.0,1.0,linear_word,B,A,False,-2.0662612915039062,-3.3162612915039062,-6.066261291503906,-4.566261291503906
2026-05-20T19:20:52.136781+00:00,mlx-community/Qwen3-0.6B-4bit,21,hrm,0.4117647058823529,7,17,2.2074930829985533,1,1,0.2,0.01,0.05,0.01,0.01,1.0,1.0,1.0,reverse_discount,C,A,False,-2.68963623046875,-4.43963623046875,-6.00213623046875,-5.43963623046875
2026-05-20T19:20:52.136781+00:00,mlx-community/Qwen3-0.6B-4bit,21,hrm,0.4117647058823529,7,17,2.2074930829985533,1,1,0.2,0.01,0.05,0.01,0.01,1.0,1.0,1.0,multiples,B,B,True,-1.9147510528564453,-1.5397510528564453,-4.539751052856445,-2.2897510528564453
2026-05-20T19:20:52.136781+00:00,mlx-community/Qwen3-0.6B-4bit,21,hrm,0.4117647058823529,7,17,2.2074930829985533,1,1,0.2,0.01,0.05,0.01,0.01,1.0,1.0,1.0,rectangle,B,A,False,-1.8511619567871094,-3.3511619567871094,-6.476161956787109,-4.601161956787109
2026-05-20T19:20:52.136781+00:00,mlx-community/Qwen3-0.6B-4bit,21,hrm,0.4117647058823529,7,17,2.2074930829985533,1,1,0.2,0.01,0.05,0.01,0.01,1.0,1.0,1.0,average,C,A,False,-2.7394962310791016,-3.2394962310791016,-5.239496231079102,-4.676996231079102
2026-05-20T19:20:52.136781+00:00,mlx-community/Qwen3-0.6B-4bit,21,hrm,0.4117647058823529,7,17,2.2074930829985533,1,1,0.2,0.01,0.05,0.01,0.01,1.0,1.0,1.0,combinations,B,A,False,-3.195413589477539,-3.632913589477539,-5.320413589477539,-4.070413589477539
2026-05-20T19:20:52.136781+00:00,mlx-community/Qwen3-0.6B-4bit,21,hrm,0.4117647058823529,7,17,2.2074930829985533,1,1,0.2,0.01,0.05,0.01,0.01,1.0,1.0,1.0,coins,C,A,False,-3.2722930908203125,-3.2722930908203125,-3.5222930908203125,-4.2722930908203125
2026-05-20T19:20:52.136781+00:00,mlx-community/Qwen3-0.6B-4bit,21,hrm,0.4117647058823529,7,17,2.2074930829985533,1,1,0.2,0.01,0.05,0.01,0.01,1.0,1.0,1.0,modular_small,B,B,True,-1.8421039581298828,-1.0921039581298828,-3.842103958129883,-3.217103958129883
2026-05-20T19:20:52.136781+00:00,mlx-community/Qwen3-0.6B-4bit,21,hrm,0.4117647058823529,7,17,2.2074930829985533,1,1,0.2,0.01,0.05,0.01,0.01,1.0,1.0,1.0,syllogism,A,B,False,-4.794427871704102,-3.6069278717041016,-5.606927871704102,-4.231927871704102
2026-05-20T19:20:54.470731+00:00,mlx-community/Qwen3-0.6B-4bit,22,hrm,0.4117647058823529,7,17,2.32883212500019,1,1,0.2,0.01,0.05,0.03,0.03,1.0,1.0,1.0,algebra,B,B,True,-3.6375064849853516,-3.5750064849853516,-5.075006484985352,-6.075006484985352
2026-05-20T19:20:54.470731+00:00,mlx-community/Qwen3-0.6B-4bit,22,hrm,0.4117647058823529,7,17,2.32883212500019,1,1,0.2,0.01,0.05,0.03,0.03,1.0,1.0,1.0,markup,C,A,False,-2.2884998321533203,-4.66349983215332,-5.72599983215332,-6.03849983215332
2026-05-20T19:20:54.470731+00:00,mlx-community/Qwen3-0.6B-4bit,22,hrm,0.4117647058823529,7,17,2.32883212500019,1,1,0.2,0.01,0.05,0.03,0.03,1.0,1.0,1.0,boxes,C,D,False,-1.8607635498046875,-2.6732635498046875,-4.1732635498046875,-1.6107635498046875
2026-05-20T19:20:54.470731+00:00,mlx-community/Qwen3-0.6B-4bit,22,hrm,0.4117647058823529,7,17,2.32883212500019,1,1,0.2,0.01,0.05,0.03,0.03,1.0,1.0,1.0,inclusion,B,B,True,-2.0269737243652344,-1.2769737243652344,-4.776973724365234,-2.7769737243652344
2026-05-20T19:20:54.470731+00:00,mlx-community/Qwen3-0.6B-4bit,22,hrm,0.4117647058823529,7,17,2.32883212500019,1,1,0.2,0.01,0.05,0.03,0.03,1.0,1.0,1.0,modular,B,B,True,-1.6559734344482422,-1.5309734344482422,-4.530973434448242,-3.593473434448242
2026-05-20T19:20:54.470731+00:00,mlx-community/Qwen3-0.6B-4bit,22,hrm,0.4117647058823529,7,17,2.32883212500019,1,1,0.2,0.01,0.05,0.03,0.03,1.0,1.0,1.0,work_rate,A,A,True,-0.9413738250732422,-2.816373825073242,-5.753873825073242,-4.628873825073242
2026-05-20T19:20:54.470731+00:00,mlx-community/Qwen3-0.6B-4bit,22,hrm,0.4117647058823529,7,17,2.32883212500019,1,1,0.2,0.01,0.05,0.03,0.03,1.0,1.0,1.0,probability,B,B,True,-2.3406620025634766,-2.0906620025634766,-4.590662002563477,-3.3406620025634766
2026-05-20T19:20:54.470731+00:00,mlx-community/Qwen3-0.6B-4bit,22,hrm,0.4117647058823529,7,17,2.32883212500019,1,1,0.2,0.01,0.05,0.03,0.03,1.0,1.0,1.0,sequence,C,A,False,-2.5227127075195312,-2.7102127075195312,-2.8977127075195312,-4.460212707519531
2026-05-20T19:20:54.470731+00:00,mlx-community/Qwen3-0.6B-4bit,22,hrm,0.4117647058823529,7,17,2.32883212500019,1,1,0.2,0.01,0.05,0.03,0.03,1.0,1.0,1.0,linear_word,B,A,False,-2.177701950073242,-3.302701950073242,-6.052701950073242,-4.552701950073242
2026-05-20T19:20:54.470731+00:00,mlx-community/Qwen3-0.6B-4bit,22,hrm,0.4117647058823529,7,17,2.32883212500019,1,1,0.2,0.01,0.05,0.03,0.03,1.0,1.0,1.0,reverse_discount,C,A,False,-2.684612274169922,-4.434612274169922,-5.997112274169922,-5.434612274169922
2026-05-20T19:20:54.470731+00:00,mlx-community/Qwen3-0.6B-4bit,22,hrm,0.4117647058823529,7,17,2.32883212500019,1,1,0.2,0.01,0.05,0.03,0.03,1.0,1.0,1.0,multiples,B,B,True,-1.9150066375732422,-1.5400066375732422,-4.540006637573242,-2.290006637573242
2026-05-20T19:20:54.470731+00:00,mlx-community/Qwen3-0.6B-4bit,22,hrm,0.4117647058823529,7,17,2.32883212500019,1,1,0.2,0.01,0.05,0.03,0.03,1.0,1.0,1.0,rectangle,B,A,False,-1.8427772521972656,-3.3427772521972656,-6.467777252197266,-4.530277252197266
2026-05-20T19:20:54.470731+00:00,mlx-community/Qwen3-0.6B-4bit,22,hrm,0.4117647058823529,7,17,2.32883212500019,1,1,0.2,0.01,0.05,0.03,0.03,1.0,1.0,1.0,average,C,A,False,-2.7371826171875,-3.2371826171875,-5.2371826171875,-4.6746826171875
2026-05-20T19:20:54.470731+00:00,mlx-community/Qwen3-0.6B-4bit,22,hrm,0.4117647058823529,7,17,2.32883212500019,1,1,0.2,0.01,0.05,0.03,0.03,1.0,1.0,1.0,combinations,B,A,False,-3.2030811309814453,-3.5780811309814453,-5.328081130981445,-4.015581130981445
2026-05-20T19:20:54.470731+00:00,mlx-community/Qwen3-0.6B-4bit,22,hrm,0.4117647058823529,7,17,2.32883212500019,1,1,0.2,0.01,0.05,0.03,0.03,1.0,1.0,1.0,coins,C,A,False,-3.271038055419922,-3.271038055419922,-3.521038055419922,-4.333538055419922
2026-05-20T19:20:54.470731+00:00,mlx-community/Qwen3-0.6B-4bit,22,hrm,0.4117647058823529,7,17,2.32883212500019,1,1,0.2,0.01,0.05,0.03,0.03,1.0,1.0,1.0,modular_small,B,B,True,-1.8420219421386719,-1.0920219421386719,-3.842021942138672,-3.217021942138672
2026-05-20T19:20:54.470731+00:00,mlx-community/Qwen3-0.6B-4bit,22,hrm,0.4117647058823529,7,17,2.32883212500019,1,1,0.2,0.01,0.05,0.03,0.03,1.0,1.0,1.0,syllogism,A,B,False,-4.79167366027832,-3.6041736602783203,-5.60417366027832,-4.22917366027832
2026-05-20T19:20:56.824620+00:00,mlx-community/Qwen3-0.6B-4bit,23,hrm,0.4117647058823529,7,17,2.3536819170003582,1,1,0.2,0.01,0.08,0.01,0.01,1.0,1.0,1.0,algebra,B,B,True,-3.6386241912841797,-3.5761241912841797,-5.07612419128418,-6.07612419128418
2026-05-20T19:20:56.824620+00:00,mlx-community/Qwen3-0.6B-4bit,23,hrm,0.4117647058823529,7,17,2.3536819170003582,1,1,0.2,0.01,0.08,0.01,0.01,1.0,1.0,1.0,markup,C,A,False,-2.287830352783203,-4.662830352783203,-5.725330352783203,-6.037830352783203
2026-05-20T19:20:56.824620+00:00,mlx-community/Qwen3-0.6B-4bit,23,hrm,0.4117647058823529,7,17,2.3536819170003582,1,1,0.2,0.01,0.08,0.01,0.01,1.0,1.0,1.0,boxes,C,D,False,-1.8684635162353516,-2.6184635162353516,-4.180963516235352,-1.6184635162353516
2026-05-20T19:20:56.824620+00:00,mlx-community/Qwen3-0.6B-4bit,23,hrm,0.4117647058823529,7,17,2.3536819170003582,1,1,0.2,0.01,0.08,0.01,0.01,1.0,1.0,1.0,inclusion,B,B,True,-2.027667999267578,-1.2776679992675781,-4.715167999267578,-2.777667999267578
2026-05-20T19:20:56.824620+00:00,mlx-community/Qwen3-0.6B-4bit,23,hrm,0.4117647058823529,7,17,2.3536819170003582,1,1,0.2,0.01,0.08,0.01,0.01,1.0,1.0,1.0,modular,B,B,True,-1.6481704711914062,-1.5231704711914062,-4.523170471191406,-3.5856704711914062
2026-05-20T19:20:56.824620+00:00,mlx-community/Qwen3-0.6B-4bit,23,hrm,0.4117647058823529,7,17,2.3536819170003582,1,1,0.2,0.01,0.08,0.01,0.01,1.0,1.0,1.0,work_rate,A,A,True,-0.9425258636474609,-2.817525863647461,-5.692525863647461,-4.567525863647461
2026-05-20T19:20:56.824620+00:00,mlx-community/Qwen3-0.6B-4bit,23,hrm,0.4117647058823529,7,17,2.3536819170003582,1,1,0.2,0.01,0.08,0.01,0.01,1.0,1.0,1.0,probability,B,B,True,-2.32708740234375,-2.07708740234375,-4.57708740234375,-3.32708740234375
2026-05-20T19:20:56.824620+00:00,mlx-community/Qwen3-0.6B-4bit,23,hrm,0.4117647058823529,7,17,2.3536819170003582,1,1,0.2,0.01,0.08,0.01,0.01,1.0,1.0,1.0,sequence,C,A,False,-2.5251121520996094,-2.6501121520996094,-2.9001121520996094,-4.525112152099609
2026-05-20T19:20:56.824620+00:00,mlx-community/Qwen3-0.6B-4bit,23,hrm,0.4117647058823529,7,17,2.3536819170003582,1,1,0.2,0.01,0.08,0.01,0.01,1.0,1.0,1.0,linear_word,B,A,False,-2.0673084259033203,-3.3173084259033203,-6.06730842590332,-4.56730842590332
2026-05-20T19:20:56.824620+00:00,mlx-community/Qwen3-0.6B-4bit,23,hrm,0.4117647058823529,7,17,2.3536819170003582,1,1,0.2,0.01,0.08,0.01,0.01,1.0,1.0,1.0,reverse_discount,C,A,False,-2.6793861389160156,-4.429386138916016,-5.991886138916016,-5.429386138916016
2026-05-20T19:20:56.824620+00:00,mlx-community/Qwen3-0.6B-4bit,23,hrm,0.4117647058823529,7,17,2.3536819170003582,1,1,0.2,0.01,0.08,0.01,0.01,1.0,1.0,1.0,multiples,B,B,True,-1.9145164489746094,-1.5395164489746094,-4.477016448974609,-2.2895164489746094
2026-05-20T19:20:56.824620+00:00,mlx-community/Qwen3-0.6B-4bit,23,hrm,0.4117647058823529,7,17,2.3536819170003582,1,1,0.2,0.01,0.08,0.01,0.01,1.0,1.0,1.0,rectangle,B,A,False,-1.8489398956298828,-3.348939895629883,-6.473939895629883,-4.536439895629883
2026-05-20T19:20:56.824620+00:00,mlx-community/Qwen3-0.6B-4bit,23,hrm,0.4117647058823529,7,17,2.3536819170003582,1,1,0.2,0.01,0.08,0.01,0.01,1.0,1.0,1.0,average,C,A,False,-2.7418861389160156,-3.2418861389160156,-5.241886138916016,-4.679386138916016
2026-05-20T19:20:56.824620+00:00,mlx-community/Qwen3-0.6B-4bit,23,hrm,0.4117647058823529,7,17,2.3536819170003582,1,1,0.2,0.01,0.08,0.01,0.01,1.0,1.0,1.0,combinations,B,A,False,-3.2749404907226562,-3.6499404907226562,-5.399940490722656,-4.024940490722656
2026-05-20T19:20:56.824620+00:00,mlx-community/Qwen3-0.6B-4bit,23,hrm,0.4117647058823529,7,17,2.3536819170003582,1,1,0.2,0.01,0.08,0.01,0.01,1.0,1.0,1.0,coins,C,A,False,-3.2713699340820312,-3.2713699340820312,-3.5213699340820312,-4.271369934082031
2026-05-20T19:20:56.824620+00:00,mlx-community/Qwen3-0.6B-4bit,23,hrm,0.4117647058823529,7,17,2.3536819170003582,1,1,0.2,0.01,0.08,0.01,0.01,1.0,1.0,1.0,modular_small,B,B,True,-1.8543224334716797,-1.1043224334716797,-3.7918224334716797,-3.1043224334716797
2026-05-20T19:20:56.824620+00:00,mlx-community/Qwen3-0.6B-4bit,23,hrm,0.4117647058823529,7,17,2.3536819170003582,1,1,0.2,0.01,0.08,0.01,0.01,1.0,1.0,1.0,syllogism,A,B,False,-4.850128173828125,-3.600128173828125,-5.600128173828125,-4.225128173828125
2026-05-20T19:20:59.018198+00:00,mlx-community/Qwen3-0.6B-4bit,24,hrm,0.4117647058823529,7,17,2.1933747909970407,1,1,0.2,0.01,0.08,0.03,0.03,1.0,1.0,1.0,algebra,B,B,True,-3.6410579681396484,-3.5160579681396484,-5.078557968139648,-6.016057968139648
2026-05-20T19:20:59.018198+00:00,mlx-community/Qwen3-0.6B-4bit,24,hrm,0.4117647058823529,7,17,2.1933747909970407,1,1,0.2,0.01,0.08,0.03,0.03,1.0,1.0,1.0,markup,C,A,False,-2.28814697265625,-4.66314697265625,-5.78814697265625,-6.03814697265625
2026-05-20T19:20:59.018198+00:00,mlx-community/Qwen3-0.6B-4bit,24,hrm,0.4117647058823529,7,17,2.1933747909970407,1,1,0.2,0.01,0.08,0.03,0.03,1.0,1.0,1.0,boxes,C,D,False,-1.8596477508544922,-2.672147750854492,-4.172147750854492,-1.6096477508544922
2026-05-20T19:20:59.018198+00:00,mlx-community/Qwen3-0.6B-4bit,24,hrm,0.4117647058823529,7,17,2.1933747909970407,1,1,0.2,0.01,0.08,0.03,0.03,1.0,1.0,1.0,inclusion,B,B,True,-2.0270519256591797,-1.2770519256591797,-4.77705192565918,-2.7770519256591797
2026-05-20T19:20:59.018198+00:00,mlx-community/Qwen3-0.6B-4bit,24,hrm,0.4117647058823529,7,17,2.1933747909970407,1,1,0.2,0.01,0.08,0.03,0.03,1.0,1.0,1.0,modular,B,B,True,-1.5776481628417969,-1.4526481628417969,-4.577648162841797,-3.640148162841797
2026-05-20T19:20:59.018198+00:00,mlx-community/Qwen3-0.6B-4bit,24,hrm,0.4117647058823529,7,17,2.1933747909970407,1,1,0.2,0.01,0.08,0.03,0.03,1.0,1.0,1.0,work_rate,A,A,True,-0.9501228332519531,-2.700122833251953,-5.762622833251953,-4.575122833251953
2026-05-20T19:20:59.018198+00:00,mlx-community/Qwen3-0.6B-4bit,24,hrm,0.4117647058823529,7,17,2.1933747909970407,1,1,0.2,0.01,0.08,0.03,0.03,1.0,1.0,1.0,probability,B,B,True,-2.328838348388672,-2.078838348388672,-4.578838348388672,-3.328838348388672
2026-05-20T19:20:59.018198+00:00,mlx-community/Qwen3-0.6B-4bit,24,hrm,0.4117647058823529,7,17,2.1933747909970407,1,1,0.2,0.01,0.08,0.03,0.03,1.0,1.0,1.0,sequence,C,A,False,-2.5298194885253906,-2.6548194885253906,-2.9048194885253906,-4.467319488525391
2026-05-20T19:20:59.018198+00:00,mlx-community/Qwen3-0.6B-4bit,24,hrm,0.4117647058823529,7,17,2.1933747909970407,1,1,0.2,0.01,0.08,0.03,0.03,1.0,1.0,1.0,linear_word,B,A,False,-2.176179885864258,-3.301179885864258,-6.051179885864258,-4.551179885864258
2026-05-20T19:20:59.018198+00:00,mlx-community/Qwen3-0.6B-4bit,24,hrm,0.4117647058823529,7,17,2.1933747909970407,1,1,0.2,0.01,0.08,0.03,0.03,1.0,1.0,1.0,reverse_discount,C,A,False,-2.679288864135742,-4.429288864135742,-5.991788864135742,-5.366788864135742
2026-05-20T19:20:59.018198+00:00,mlx-community/Qwen3-0.6B-4bit,24,hrm,0.4117647058823529,7,17,2.1933747909970407,1,1,0.2,0.01,0.08,0.03,0.03,1.0,1.0,1.0,multiples,B,B,True,-1.9165058135986328,-1.5415058135986328,-4.479005813598633,-2.291505813598633
2026-05-20T19:20:59.018198+00:00,mlx-community/Qwen3-0.6B-4bit,24,hrm,0.4117647058823529,7,17,2.1933747909970407,1,1,0.2,0.01,0.08,0.03,0.03,1.0,1.0,1.0,rectangle,B,A,False,-1.8464641571044922,-3.346464157104492,-6.471464157104492,-4.533964157104492
2026-05-20T19:20:59.018198+00:00,mlx-community/Qwen3-0.6B-4bit,24,hrm,0.4117647058823529,7,17,2.1933747909970407,1,1,0.2,0.01,0.08,0.03,0.03,1.0,1.0,1.0,average,C,A,False,-2.7405757904052734,-3.2405757904052734,-5.240575790405273,-4.678075790405273
2026-05-20T19:20:59.018198+00:00,mlx-community/Qwen3-0.6B-4bit,24,hrm,0.4117647058823529,7,17,2.1933747909970407,1,1,0.2,0.01,0.08,0.03,0.03,1.0,1.0,1.0,combinations,B,A,False,-3.217763900756836,-3.592763900756836,-5.342763900756836,-4.030263900756836
2026-05-20T19:20:59.018198+00:00,mlx-community/Qwen3-0.6B-4bit,24,hrm,0.4117647058823529,7,17,2.1933747909970407,1,1,0.2,0.01,0.08,0.03,0.03,1.0,1.0,1.0,coins,C,A,False,-3.271463394165039,-3.271463394165039,-3.521463394165039,-4.271463394165039
2026-05-20T19:20:59.018198+00:00,mlx-community/Qwen3-0.6B-4bit,24,hrm,0.4117647058823529,7,17,2.1933747909970407,1,1,0.2,0.01,0.08,0.03,0.03,1.0,1.0,1.0,modular_small,B,B,True,-1.851114273071289,-1.101114273071289,-3.788614273071289,-3.226114273071289
2026-05-20T19:20:59.018198+00:00,mlx-community/Qwen3-0.6B-4bit,24,hrm,0.4117647058823529,7,17,2.1933747909970407,1,1,0.2,0.01,0.08,0.03,0.03,1.0,1.0,1.0,syllogism,A,B,False,-4.793113708496094,-3.6056137084960938,-5.605613708496094,-4.230613708496094
2026-05-20T19:21:01.237596+00:00,mlx-community/Qwen3-0.6B-4bit,25,hrm,0.4117647058823529,7,17,2.219135749997804,1,1,0.2,0.03,0.02,0.01,0.01,1.0,1.0,1.0,algebra,B,B,True,-3.640972137451172,-3.515972137451172,-5.078472137451172,-6.015972137451172
2026-05-20T19:21:01.237596+00:00,mlx-community/Qwen3-0.6B-4bit,25,hrm,0.4117647058823529,7,17,2.219135749997804,1,1,0.2,0.03,0.02,0.01,0.01,1.0,1.0,1.0,markup,C,A,False,-2.2818546295166016,-4.656854629516602,-5.719354629516602,-6.031854629516602
2026-05-20T19:21:01.237596+00:00,mlx-community/Qwen3-0.6B-4bit,25,hrm,0.4117647058823529,7,17,2.219135749997804,1,1,0.2,0.03,0.02,0.01,0.01,1.0,1.0,1.0,boxes,C,D,False,-1.8574638366699219,-2.669963836669922,-4.232463836669922,-1.6074638366699219
2026-05-20T19:21:01.237596+00:00,mlx-community/Qwen3-0.6B-4bit,25,hrm,0.4117647058823529,7,17,2.219135749997804,1,1,0.2,0.03,0.02,0.01,0.01,1.0,1.0,1.0,inclusion,B,B,True,-2.0272254943847656,-1.2772254943847656,-4.714725494384766,-2.7772254943847656
2026-05-20T19:21:01.237596+00:00,mlx-community/Qwen3-0.6B-4bit,25,hrm,0.4117647058823529,7,17,2.219135749997804,1,1,0.2,0.03,0.02,0.01,0.01,1.0,1.0,1.0,modular,B,B,True,-1.609689712524414,-1.484689712524414,-4.484689712524414,-3.609689712524414
2026-05-20T19:21:01.237596+00:00,mlx-community/Qwen3-0.6B-4bit,25,hrm,0.4117647058823529,7,17,2.219135749997804,1,1,0.2,0.03,0.02,0.01,0.01,1.0,1.0,1.0,work_rate,A,A,True,-0.9419212341308594,-2.8169212341308594,-5.754421234130859,-4.566921234130859
2026-05-20T19:21:01.237596+00:00,mlx-community/Qwen3-0.6B-4bit,25,hrm,0.4117647058823529,7,17,2.219135749997804,1,1,0.2,0.03,0.02,0.01,0.01,1.0,1.0,1.0,probability,B,B,True,-2.3420238494873047,-2.0920238494873047,-4.592023849487305,-3.3420238494873047
2026-05-20T19:21:01.237596+00:00,mlx-community/Qwen3-0.6B-4bit,25,hrm,0.4117647058823529,7,17,2.219135749997804,1,1,0.2,0.03,0.02,0.01,0.01,1.0,1.0,1.0,sequence,C,A,False,-2.526365280151367,-2.713865280151367,-2.901365280151367,-4.463865280151367
2026-05-20T19:21:01.237596+00:00,mlx-community/Qwen3-0.6B-4bit,25,hrm,0.4117647058823529,7,17,2.219135749997804,1,1,0.2,0.03,0.02,0.01,0.01,1.0,1.0,1.0,linear_word,B,A,False,-2.068674087524414,-3.318674087524414,-6.068674087524414,-4.568674087524414
2026-05-20T19:21:01.237596+00:00,mlx-community/Qwen3-0.6B-4bit,25,hrm,0.4117647058823529,7,17,2.219135749997804,1,1,0.2,0.03,0.02,0.01,0.01,1.0,1.0,1.0,reverse_discount,C,A,False,-2.693511962890625,-4.443511962890625,-6.006011962890625,-5.443511962890625
2026-05-20T19:21:01.237596+00:00,mlx-community/Qwen3-0.6B-4bit,25,hrm,0.4117647058823529,7,17,2.219135749997804,1,1,0.2,0.03,0.02,0.01,0.01,1.0,1.0,1.0,multiples,B,B,True,-1.9141712188720703,-1.5391712188720703,-4.53917121887207,-2.2891712188720703
2026-05-20T19:21:01.237596+00:00,mlx-community/Qwen3-0.6B-4bit,25,hrm,0.4117647058823529,7,17,2.219135749997804,1,1,0.2,0.03,0.02,0.01,0.01,1.0,1.0,1.0,rectangle,B,A,False,-1.8458671569824219,-3.345867156982422,-6.470867156982422,-4.595867156982422
2026-05-20T19:21:01.237596+00:00,mlx-community/Qwen3-0.6B-4bit,25,hrm,0.4117647058823529,7,17,2.219135749997804,1,1,0.2,0.03,0.02,0.01,0.01,1.0,1.0,1.0,average,C,A,False,-2.7211990356445312,-3.2211990356445312,-5.221199035644531,-4.658699035644531
2026-05-20T19:21:01.237596+00:00,mlx-community/Qwen3-0.6B-4bit,25,hrm,0.4117647058823529,7,17,2.219135749997804,1,1,0.2,0.03,0.02,0.01,0.01,1.0,1.0,1.0,combinations,B,A,False,-3.221576690673828,-3.596576690673828,-5.346576690673828,-4.034076690673828
2026-05-20T19:21:01.237596+00:00,mlx-community/Qwen3-0.6B-4bit,25,hrm,0.4117647058823529,7,17,2.219135749997804,1,1,0.2,0.03,0.02,0.01,0.01,1.0,1.0,1.0,coins,C,A,False,-3.2692337036132812,-3.2692337036132812,-3.5192337036132812,-4.269233703613281
2026-05-20T19:21:01.237596+00:00,mlx-community/Qwen3-0.6B-4bit,25,hrm,0.4117647058823529,7,17,2.219135749997804,1,1,0.2,0.03,0.02,0.01,0.01,1.0,1.0,1.0,modular_small,B,B,True,-1.8427448272705078,-1.0927448272705078,-3.780244827270508,-3.217744827270508
2026-05-20T19:21:01.237596+00:00,mlx-community/Qwen3-0.6B-4bit,25,hrm,0.4117647058823529,7,17,2.219135749997804,1,1,0.2,0.03,0.02,0.01,0.01,1.0,1.0,1.0,syllogism,A,B,False,-4.797294616699219,-3.6097946166992188,-5.609794616699219,-4.234794616699219
2026-05-20T19:21:03.452337+00:00,mlx-community/Qwen3-0.6B-4bit,26,hrm,0.4117647058823529,7,17,2.2145346670004074,1,1,0.2,0.03,0.02,0.03,0.03,1.0,1.0,1.0,algebra,B,B,True,-3.640756607055664,-3.578256607055664,-5.078256607055664,-6.015756607055664
2026-05-20T19:21:03.452337+00:00,mlx-community/Qwen3-0.6B-4bit,26,hrm,0.4117647058823529,7,17,2.2145346670004074,1,1,0.2,0.03,0.02,0.03,0.03,1.0,1.0,1.0,markup,C,A,False,-2.2871780395507812,-4.662178039550781,-5.724678039550781,-6.037178039550781
2026-05-20T19:21:03.452337+00:00,mlx-community/Qwen3-0.6B-4bit,26,hrm,0.4117647058823529,7,17,2.2145346670004074,1,1,0.2,0.03,0.02,0.03,0.03,1.0,1.0,1.0,boxes,C,D,False,-1.8583145141601562,-2.6708145141601562,-4.170814514160156,-1.6083145141601562
2026-05-20T19:21:03.452337+00:00,mlx-community/Qwen3-0.6B-4bit,26,hrm,0.4117647058823529,7,17,2.2145346670004074,1,1,0.2,0.03,0.02,0.03,0.03,1.0,1.0,1.0,inclusion,B,B,True,-2.026674270629883,-1.2766742706298828,-4.776674270629883,-2.776674270629883
2026-05-20T19:21:03.452337+00:00,mlx-community/Qwen3-0.6B-4bit,26,hrm,0.4117647058823529,7,17,2.2145346670004074,1,1,0.2,0.03,0.02,0.03,0.03,1.0,1.0,1.0,modular,B,B,True,-1.6119632720947266,-1.4869632720947266,-4.486963272094727,-3.5494632720947266
2026-05-20T19:21:03.452337+00:00,mlx-community/Qwen3-0.6B-4bit,26,hrm,0.4117647058823529,7,17,2.2145346670004074,1,1,0.2,0.03,0.02,0.03,0.03,1.0,1.0,1.0,work_rate,A,A,True,-0.9417934417724609,-2.816793441772461,-5.754293441772461,-4.566793441772461
2026-05-20T19:21:03.452337+00:00,mlx-community/Qwen3-0.6B-4bit,26,hrm,0.4117647058823529,7,17,2.2145346670004074,1,1,0.2,0.03,0.02,0.03,0.03,1.0,1.0,1.0,probability,B,B,True,-2.3411731719970703,-2.0911731719970703,-4.59117317199707,-3.3411731719970703
2026-05-20T19:21:03.452337+00:00,mlx-community/Qwen3-0.6B-4bit,26,hrm,0.4117647058823529,7,17,2.2145346670004074,1,1,0.2,0.03,0.02,0.03,0.03,1.0,1.0,1.0,sequence,C,A,False,-2.5251731872558594,-2.7126731872558594,-2.9001731872558594,-4.462673187255859
2026-05-20T19:21:03.452337+00:00,mlx-community/Qwen3-0.6B-4bit,26,hrm,0.4117647058823529,7,17,2.2145346670004074,1,1,0.2,0.03,0.02,0.03,0.03,1.0,1.0,1.0,linear_word,B,A,False,-2.0666770935058594,-3.3166770935058594,-6.066677093505859,-4.566677093505859
2026-05-20T19:21:03.452337+00:00,mlx-community/Qwen3-0.6B-4bit,26,hrm,0.4117647058823529,7,17,2.2145346670004074,1,1,0.2,0.03,0.02,0.03,0.03,1.0,1.0,1.0,reverse_discount,C,A,False,-2.6801071166992188,-4.492607116699219,-6.055107116699219,-5.430107116699219
2026-05-20T19:21:03.452337+00:00,mlx-community/Qwen3-0.6B-4bit,26,hrm,0.4117647058823529,7,17,2.2145346670004074,1,1,0.2,0.03,0.02,0.03,0.03,1.0,1.0,1.0,multiples,B,B,True,-1.9151020050048828,-1.5401020050048828,-4.477602005004883,-2.290102005004883
2026-05-20T19:21:03.452337+00:00,mlx-community/Qwen3-0.6B-4bit,26,hrm,0.4117647058823529,7,17,2.2145346670004074,1,1,0.2,0.03,0.02,0.03,0.03,1.0,1.0,1.0,rectangle,B,A,False,-1.8483505249023438,-3.3483505249023438,-6.473350524902344,-4.535850524902344
2026-05-20T19:21:03.452337+00:00,mlx-community/Qwen3-0.6B-4bit,26,hrm,0.4117647058823529,7,17,2.2145346670004074,1,1,0.2,0.03,0.02,0.03,0.03,1.0,1.0,1.0,average,C,A,False,-2.6049423217773438,-3.2299423217773438,-5.229942321777344,-4.667442321777344
2026-05-20T19:21:03.452337+00:00,mlx-community/Qwen3-0.6B-4bit,26,hrm,0.4117647058823529,7,17,2.2145346670004074,1,1,0.2,0.03,0.02,0.03,0.03,1.0,1.0,1.0,combinations,B,A,False,-3.218862533569336,-3.593862533569336,-5.343862533569336,-4.031362533569336
2026-05-20T19:21:03.452337+00:00,mlx-community/Qwen3-0.6B-4bit,26,hrm,0.4117647058823529,7,17,2.2145346670004074,1,1,0.2,0.03,0.02,0.03,0.03,1.0,1.0,1.0,coins,C,A,False,-3.271127700805664,-3.271127700805664,-3.521127700805664,-4.271127700805664
2026-05-20T19:21:03.452337+00:00,mlx-community/Qwen3-0.6B-4bit,26,hrm,0.4117647058823529,7,17,2.2145346670004074,1,1,0.2,0.03,0.02,0.03,0.03,1.0,1.0,1.0,modular_small,B,B,True,-1.8414726257324219,-1.0914726257324219,-3.841472625732422,-3.216472625732422
2026-05-20T19:21:03.452337+00:00,mlx-community/Qwen3-0.6B-4bit,26,hrm,0.4117647058823529,7,17,2.2145346670004074,1,1,0.2,0.03,0.02,0.03,0.03,1.0,1.0,1.0,syllogism,A,B,False,-4.857280731201172,-3.607280731201172,-5.607280731201172,-4.232280731201172
2026-05-20T19:21:05.653318+00:00,mlx-community/Qwen3-0.6B-4bit,27,hrm,0.4117647058823529,7,17,2.2007763750007143,1,1,0.2,0.03,0.05,0.01,0.01,1.0,1.0,1.0,algebra,B,B,True,-3.694192886352539,-3.569192886352539,-5.069192886352539,-6.069192886352539
2026-05-20T19:21:05.653318+00:00,mlx-community/Qwen3-0.6B-4bit,27,hrm,0.4117647058823529,7,17,2.2007763750007143,1,1,0.2,0.03,0.05,0.01,0.01,1.0,1.0,1.0,markup,C,A,False,-2.2880401611328125,-4.6630401611328125,-5.7255401611328125,-6.0380401611328125
2026-05-20T19:21:05.653318+00:00,mlx-community/Qwen3-0.6B-4bit,27,hrm,0.4117647058823529,7,17,2.2007763750007143,1,1,0.2,0.03,0.05,0.01,0.01,1.0,1.0,1.0,boxes,C,D,False,-1.858856201171875,-2.671356201171875,-4.171356201171875,-1.608856201171875
2026-05-20T19:21:05.653318+00:00,mlx-community/Qwen3-0.6B-4bit,27,hrm,0.4117647058823529,7,17,2.2007763750007143,1,1,0.2,0.03,0.05,0.01,0.01,1.0,1.0,1.0,inclusion,B,B,True,-2.026935577392578,-1.2769355773925781,-4.714435577392578,-2.776935577392578
2026-05-20T19:21:05.653318+00:00,mlx-community/Qwen3-0.6B-4bit,27,hrm,0.4117647058823529,7,17,2.2007763750007143,1,1,0.2,0.03,0.05,0.01,0.01,1.0,1.0,1.0,modular,B,B,True,-1.587179183959961,-1.462179183959961,-4.524679183959961,-3.587179183959961
2026-05-20T19:21:05.653318+00:00,mlx-community/Qwen3-0.6B-4bit,27,hrm,0.4117647058823529,7,17,2.2007763750007143,1,1,0.2,0.03,0.05,0.01,0.01,1.0,1.0,1.0,work_rate,A,A,True,-0.9416465759277344,-2.8166465759277344,-5.754146575927734,-4.566646575927734
2026-05-20T19:21:05.653318+00:00,mlx-community/Qwen3-0.6B-4bit,27,hrm,0.4117647058823529,7,17,2.2007763750007143,1,1,0.2,0.03,0.05,0.01,0.01,1.0,1.0,1.0,probability,B,B,True,-2.340076446533203,-2.090076446533203,-4.590076446533203,-3.402576446533203
2026-05-20T19:21:05.653318+00:00,mlx-community/Qwen3-0.6B-4bit,27,hrm,0.4117647058823529,7,17,2.2007763750007143,1,1,0.2,0.03,0.05,0.01,0.01,1.0,1.0,1.0,sequence,C,A,False,-2.5250911712646484,-2.7125911712646484,-2.9000911712646484,-4.462591171264648
2026-05-20T19:21:05.653318+00:00,mlx-community/Qwen3-0.6B-4bit,27,hrm,0.4117647058823529,7,17,2.2007763750007143,1,1,0.2,0.03,0.05,0.01,0.01,1.0,1.0,1.0,linear_word,B,A,False,-2.1781082153320312,-3.3031082153320312,-6.053108215332031,-4.553108215332031
2026-05-20T19:21:05.653318+00:00,mlx-community/Qwen3-0.6B-4bit,27,hrm,0.4117647058823529,7,17,2.2007763750007143,1,1,0.2,0.03,0.05,0.01,0.01,1.0,1.0,1.0,reverse_discount,C,A,False,-2.6930160522460938,-4.443016052246094,-6.068016052246094,-5.443016052246094
2026-05-20T19:21:05.653318+00:00,mlx-community/Qwen3-0.6B-4bit,27,hrm,0.4117647058823529,7,17,2.2007763750007143,1,1,0.2,0.03,0.05,0.01,0.01,1.0,1.0,1.0,multiples,B,B,True,-1.9159622192382812,-1.5409622192382812,-4.478462219238281,-2.2909622192382812
2026-05-20T19:21:05.653318+00:00,mlx-community/Qwen3-0.6B-4bit,27,hrm,0.4117647058823529,7,17,2.2007763750007143,1,1,0.2,0.03,0.05,0.01,0.01,1.0,1.0,1.0,rectangle,B,A,False,-1.8488502502441406,-3.4113502502441406,-6.473850250244141,-4.536350250244141
2026-05-20T19:21:05.653318+00:00,mlx-community/Qwen3-0.6B-4bit,27,hrm,0.4117647058823529,7,17,2.2007763750007143,1,1,0.2,0.03,0.05,0.01,0.01,1.0,1.0,1.0,average,C,A,False,-2.622119903564453,-3.247119903564453,-5.247119903564453,-4.684619903564453
2026-05-20T19:21:05.653318+00:00,mlx-community/Qwen3-0.6B-4bit,27,hrm,0.4117647058823529,7,17,2.2007763750007143,1,1,0.2,0.03,0.05,0.01,0.01,1.0,1.0,1.0,combinations,B,A,False,-3.2034149169921875,-3.5784149169921875,-5.3284149169921875,-4.0159149169921875
2026-05-20T19:21:05.653318+00:00,mlx-community/Qwen3-0.6B-4bit,27,hrm,0.4117647058823529,7,17,2.2007763750007143,1,1,0.2,0.03,0.05,0.01,0.01,1.0,1.0,1.0,coins,C,A,False,-3.272167205810547,-3.272167205810547,-3.522167205810547,-4.272167205810547
2026-05-20T19:21:05.653318+00:00,mlx-community/Qwen3-0.6B-4bit,27,hrm,0.4117647058823529,7,17,2.2007763750007143,1,1,0.2,0.03,0.05,0.01,0.01,1.0,1.0,1.0,modular_small,B,B,True,-1.8448314666748047,-1.0948314666748047,-3.7823314666748047,-3.2198314666748047
2026-05-20T19:21:05.653318+00:00,mlx-community/Qwen3-0.6B-4bit,27,hrm,0.4117647058823529,7,17,2.2007763750007143,1,1,0.2,0.03,0.05,0.01,0.01,1.0,1.0,1.0,syllogism,A,B,False,-4.7957611083984375,-3.6082611083984375,-5.6082611083984375,-4.2332611083984375
2026-05-20T19:21:07.879345+00:00,mlx-community/Qwen3-0.6B-4bit,28,hrm,0.4117647058823529,7,17,2.2258199589996366,1,1,0.2,0.03,0.05,0.03,0.03,1.0,1.0,1.0,algebra,B,B,True,-3.635438919067383,-3.572938919067383,-5.072938919067383,-6.072938919067383
2026-05-20T19:21:07.879345+00:00,mlx-community/Qwen3-0.6B-4bit,28,hrm,0.4117647058823529,7,17,2.2258199589996366,1,1,0.2,0.03,0.05,0.03,0.03,1.0,1.0,1.0,markup,C,A,False,-2.288595199584961,-4.663595199584961,-5.726095199584961,-6.038595199584961
2026-05-20T19:21:07.879345+00:00,mlx-community/Qwen3-0.6B-4bit,28,hrm,0.4117647058823529,7,17,2.2258199589996366,1,1,0.2,0.03,0.05,0.03,0.03,1.0,1.0,1.0,boxes,C,D,False,-1.8600349426269531,-2.672534942626953,-4.172534942626953,-1.6100349426269531
2026-05-20T19:21:07.879345+00:00,mlx-community/Qwen3-0.6B-4bit,28,hrm,0.4117647058823529,7,17,2.2258199589996366,1,1,0.2,0.03,0.05,0.03,0.03,1.0,1.0,1.0,inclusion,B,B,True,-2.136394500732422,-1.2613945007324219,-4.761394500732422,-2.761394500732422
2026-05-20T19:21:07.879345+00:00,mlx-community/Qwen3-0.6B-4bit,28,hrm,0.4117647058823529,7,17,2.2258199589996366,1,1,0.2,0.03,0.05,0.03,0.03,1.0,1.0,1.0,modular,B,B,True,-1.685750961303711,-1.435750961303711,-4.498250961303711,-3.623250961303711
2026-05-20T19:21:07.879345+00:00,mlx-community/Qwen3-0.6B-4bit,28,hrm,0.4117647058823529,7,17,2.2258199589996366,1,1,0.2,0.03,0.05,0.03,0.03,1.0,1.0,1.0,work_rate,A,A,True,-0.9422931671142578,-2.817293167114258,-5.754793167114258,-4.567293167114258
2026-05-20T19:21:07.879345+00:00,mlx-community/Qwen3-0.6B-4bit,28,hrm,0.4117647058823529,7,17,2.2258199589996366,1,1,0.2,0.03,0.05,0.03,0.03,1.0,1.0,1.0,probability,B,B,True,-2.342378616333008,-2.092378616333008,-4.592378616333008,-3.342378616333008
2026-05-20T19:21:07.879345+00:00,mlx-community/Qwen3-0.6B-4bit,28,hrm,0.4117647058823529,7,17,2.2258199589996366,1,1,0.2,0.03,0.05,0.03,0.03,1.0,1.0,1.0,sequence,C,A,False,-2.5253753662109375,-2.7128753662109375,-2.9003753662109375,-4.4628753662109375
2026-05-20T19:21:07.879345+00:00,mlx-community/Qwen3-0.6B-4bit,28,hrm,0.4117647058823529,7,17,2.2258199589996366,1,1,0.2,0.03,0.05,0.03,0.03,1.0,1.0,1.0,linear_word,B,A,False,-2.1772994995117188,-3.3022994995117188,-6.052299499511719,-4.552299499511719
2026-05-20T19:21:07.879345+00:00,mlx-community/Qwen3-0.6B-4bit,28,hrm,0.4117647058823529,7,17,2.2258199589996366,1,1,0.2,0.03,0.05,0.03,0.03,1.0,1.0,1.0,reverse_discount,C,A,False,-2.6920509338378906,-4.442050933837891,-6.067050933837891,-5.442050933837891
2026-05-20T19:21:07.879345+00:00,mlx-community/Qwen3-0.6B-4bit,28,hrm,0.4117647058823529,7,17,2.2258199589996366,1,1,0.2,0.03,0.05,0.03,0.03,1.0,1.0,1.0,multiples,B,B,True,-1.9158554077148438,-1.5408554077148438,-4.478355407714844,-2.2908554077148438
2026-05-20T19:21:07.879345+00:00,mlx-community/Qwen3-0.6B-4bit,28,hrm,0.4117647058823529,7,17,2.2258199589996366,1,1,0.2,0.03,0.05,0.03,0.03,1.0,1.0,1.0,rectangle,B,A,False,-1.8490486145019531,-3.349048614501953,-6.474048614501953,-4.536548614501953
2026-05-20T19:21:07.879345+00:00,mlx-community/Qwen3-0.6B-4bit,28,hrm,0.4117647058823529,7,17,2.2258199589996366,1,1,0.2,0.03,0.05,0.03,0.03,1.0,1.0,1.0,average,C,A,False,-2.738780975341797,-3.238780975341797,-5.238780975341797,-4.676280975341797
2026-05-20T19:21:07.879345+00:00,mlx-community/Qwen3-0.6B-4bit,28,hrm,0.4117647058823529,7,17,2.2258199589996366,1,1,0.2,0.03,0.05,0.03,0.03,1.0,1.0,1.0,combinations,B,A,False,-3.2206268310546875,-3.5956268310546875,-5.3456268310546875,-4.0331268310546875
2026-05-20T19:21:07.879345+00:00,mlx-community/Qwen3-0.6B-4bit,28,hrm,0.4117647058823529,7,17,2.2258199589996366,1,1,0.2,0.03,0.05,0.03,0.03,1.0,1.0,1.0,coins,C,A,False,-3.272218704223633,-3.272218704223633,-3.522218704223633,-4.272218704223633
2026-05-20T19:21:07.879345+00:00,mlx-community/Qwen3-0.6B-4bit,28,hrm,0.4117647058823529,7,17,2.2258199589996366,1,1,0.2,0.03,0.05,0.03,0.03,1.0,1.0,1.0,modular_small,B,B,True,-1.844451904296875,-1.094451904296875,-3.781951904296875,-3.219451904296875
2026-05-20T19:21:07.879345+00:00,mlx-community/Qwen3-0.6B-4bit,28,hrm,0.4117647058823529,7,17,2.2258199589996366,1,1,0.2,0.03,0.05,0.03,0.03,1.0,1.0,1.0,syllogism,A,B,False,-4.856561660766602,-3.6065616607666016,-5.606561660766602,-4.231561660766602
2026-05-20T19:21:10.097726+00:00,mlx-community/Qwen3-0.6B-4bit,29,hrm,0.4117647058823529,7,17,2.2181781250001222,1,1,0.2,0.03,0.08,0.01,0.01,1.0,1.0,1.0,algebra,B,B,True,-3.6398086547851562,-3.5148086547851562,-5.077308654785156,-6.014808654785156
2026-05-20T19:21:10.097726+00:00,mlx-community/Qwen3-0.6B-4bit,29,hrm,0.4117647058823529,7,17,2.2181781250001222,1,1,0.2,0.03,0.08,0.01,0.01,1.0,1.0,1.0,markup,C,A,False,-2.2881221771240234,-4.663122177124023,-5.725622177124023,-6.038122177124023
2026-05-20T19:21:10.097726+00:00,mlx-community/Qwen3-0.6B-4bit,29,hrm,0.4117647058823529,7,17,2.2181781250001222,1,1,0.2,0.03,0.08,0.01,0.01,1.0,1.0,1.0,boxes,C,D,False,-1.8603706359863281,-2.672870635986328,-4.172870635986328,-1.6103706359863281
2026-05-20T19:21:10.097726+00:00,mlx-community/Qwen3-0.6B-4bit,29,hrm,0.4117647058823529,7,17,2.2181781250001222,1,1,0.2,0.03,0.08,0.01,0.01,1.0,1.0,1.0,inclusion,B,B,True,-2.027891159057617,-1.2778911590576172,-4.715391159057617,-2.777891159057617
2026-05-20T19:21:10.097726+00:00,mlx-community/Qwen3-0.6B-4bit,29,hrm,0.4117647058823529,7,17,2.2181781250001222,1,1,0.2,0.03,0.08,0.01,0.01,1.0,1.0,1.0,modular,B,B,True,-1.6296806335449219,-1.5046806335449219,-4.629680633544922,-3.692180633544922
2026-05-20T19:21:10.097726+00:00,mlx-community/Qwen3-0.6B-4bit,29,hrm,0.4117647058823529,7,17,2.2181781250001222,1,1,0.2,0.03,0.08,0.01,0.01,1.0,1.0,1.0,work_rate,A,A,True,-0.950653076171875,-2.825653076171875,-5.763153076171875,-4.638153076171875
2026-05-20T19:21:10.097726+00:00,mlx-community/Qwen3-0.6B-4bit,29,hrm,0.4117647058823529,7,17,2.2181781250001222,1,1,0.2,0.03,0.08,0.01,0.01,1.0,1.0,1.0,probability,B,B,True,-2.338653564453125,-2.088653564453125,-4.588653564453125,-3.401153564453125
2026-05-20T19:21:10.097726+00:00,mlx-community/Qwen3-0.6B-4bit,29,hrm,0.4117647058823529,7,17,2.2181781250001222,1,1,0.2,0.03,0.08,0.01,0.01,1.0,1.0,1.0,sequence,C,A,False,-2.5235595703125,-2.7110595703125,-2.8985595703125,-4.4610595703125
2026-05-20T19:21:10.097726+00:00,mlx-community/Qwen3-0.6B-4bit,29,hrm,0.4117647058823529,7,17,2.2181781250001222,1,1,0.2,0.03,0.08,0.01,0.01,1.0,1.0,1.0,linear_word,B,A,False,-2.177234649658203,-3.302234649658203,-6.052234649658203,-4.552234649658203
2026-05-20T19:21:10.097726+00:00,mlx-community/Qwen3-0.6B-4bit,29,hrm,0.4117647058823529,7,17,2.2181781250001222,1,1,0.2,0.03,0.08,0.01,0.01,1.0,1.0,1.0,reverse_discount,C,A,False,-2.6861839294433594,-4.436183929443359,-5.998683929443359,-5.436183929443359
2026-05-20T19:21:10.097726+00:00,mlx-community/Qwen3-0.6B-4bit,29,hrm,0.4117647058823529,7,17,2.2181781250001222,1,1,0.2,0.03,0.08,0.01,0.01,1.0,1.0,1.0,multiples,B,B,True,-1.9175605773925781,-1.5425605773925781,-4.480060577392578,-2.292560577392578
2026-05-20T19:21:10.097726+00:00,mlx-community/Qwen3-0.6B-4bit,29,hrm,0.4117647058823529,7,17,2.2181781250001222,1,1,0.2,0.03,0.08,0.01,0.01,1.0,1.0,1.0,rectangle,B,A,False,-1.848123550415039,-3.410623550415039,-6.473123550415039,-4.535623550415039
2026-05-20T19:21:10.097726+00:00,mlx-community/Qwen3-0.6B-4bit,29,hrm,0.4117647058823529,7,17,2.2181781250001222,1,1,0.2,0.03,0.08,0.01,0.01,1.0,1.0,1.0,average,C,A,False,-2.735078811645508,-3.297578811645508,-5.235078811645508,-4.672578811645508
2026-05-20T19:21:10.097726+00:00,mlx-community/Qwen3-0.6B-4bit,29,hrm,0.4117647058823529,7,17,2.2181781250001222,1,1,0.2,0.03,0.08,0.01,0.01,1.0,1.0,1.0,combinations,B,A,False,-3.290712356567383,-3.665712356567383,-5.415712356567383,-4.103212356567383
2026-05-20T19:21:10.097726+00:00,mlx-community/Qwen3-0.6B-4bit,29,hrm,0.4117647058823529,7,17,2.2181781250001222,1,1,0.2,0.03,0.08,0.01,0.01,1.0,1.0,1.0,coins,C,A,False,-3.2714195251464844,-3.2714195251464844,-3.5214195251464844,-4.271419525146484
2026-05-20T19:21:10.097726+00:00,mlx-community/Qwen3-0.6B-4bit,29,hrm,0.4117647058823529,7,17,2.2181781250001222,1,1,0.2,0.03,0.08,0.01,0.01,1.0,1.0,1.0,modular_small,B,B,True,-1.8752918243408203,-1.1252918243408203,-3.8752918243408203,-3.2502918243408203
2026-05-20T19:21:10.097726+00:00,mlx-community/Qwen3-0.6B-4bit,29,hrm,0.4117647058823529,7,17,2.2181781250001222,1,1,0.2,0.03,0.08,0.01,0.01,1.0,1.0,1.0,syllogism,A,B,False,-4.854618072509766,-3.6046180725097656,-5.604618072509766,-4.229618072509766
2026-05-20T19:21:12.336189+00:00,mlx-community/Qwen3-0.6B-4bit,30,hrm,0.4117647058823529,7,17,2.2382390000020678,1,1,0.2,0.03,0.08,0.03,0.03,1.0,1.0,1.0,algebra,B,B,True,-3.637788772583008,-3.575288772583008,-5.075288772583008,-6.012788772583008
2026-05-20T19:21:12.336189+00:00,mlx-community/Qwen3-0.6B-4bit,30,hrm,0.4117647058823529,7,17,2.2382390000020678,1,1,0.2,0.03,0.08,0.03,0.03,1.0,1.0,1.0,markup,C,A,False,-2.288738250732422,-4.663738250732422,-5.726238250732422,-6.038738250732422
2026-05-20T19:21:12.336189+00:00,mlx-community/Qwen3-0.6B-4bit,30,hrm,0.4117647058823529,7,17,2.2382390000020678,1,1,0.2,0.03,0.08,0.03,0.03,1.0,1.0,1.0,boxes,C,D,False,-1.8631591796875,-2.6756591796875,-4.1756591796875,-1.6131591796875
2026-05-20T19:21:12.336189+00:00,mlx-community/Qwen3-0.6B-4bit,30,hrm,0.4117647058823529,7,17,2.2382390000020678,1,1,0.2,0.03,0.08,0.03,0.03,1.0,1.0,1.0,inclusion,B,B,True,-2.0642948150634766,-1.1892948150634766,-4.751794815063477,-2.8142948150634766
2026-05-20T19:21:12.336189+00:00,mlx-community/Qwen3-0.6B-4bit,30,hrm,0.4117647058823529,7,17,2.2382390000020678,1,1,0.2,0.03,0.08,0.03,0.03,1.0,1.0,1.0,modular,B,B,True,-1.632883071899414,-1.507883071899414,-4.570383071899414,-3.632883071899414
2026-05-20T19:21:12.336189+00:00,mlx-community/Qwen3-0.6B-4bit,30,hrm,0.4117647058823529,7,17,2.2382390000020678,1,1,0.2,0.03,0.08,0.03,0.03,1.0,1.0,1.0,work_rate,A,A,True,-0.9418449401855469,-2.816844940185547,-5.754344940185547,-4.629344940185547
2026-05-20T19:21:12.336189+00:00,mlx-community/Qwen3-0.6B-4bit,30,hrm,0.4117647058823529,7,17,2.2382390000020678,1,1,0.2,0.03,0.08,0.03,0.03,1.0,1.0,1.0,probability,B,B,True,-2.3396377563476562,-2.0896377563476562,-4.589637756347656,-3.4021377563476562
2026-05-20T19:21:12.336189+00:00,mlx-community/Qwen3-0.6B-4bit,30,hrm,0.4117647058823529,7,17,2.2382390000020678,1,1,0.2,0.03,0.08,0.03,0.03,1.0,1.0,1.0,sequence,C,A,False,-2.580343246459961,-2.705343246459961,-2.892843246459961,-4.517843246459961
2026-05-20T19:21:12.336189+00:00,mlx-community/Qwen3-0.6B-4bit,30,hrm,0.4117647058823529,7,17,2.2382390000020678,1,1,0.2,0.03,0.08,0.03,0.03,1.0,1.0,1.0,linear_word,B,A,False,-2.0679931640625,-3.3179931640625,-6.0679931640625,-4.5679931640625
2026-05-20T19:21:12.336189+00:00,mlx-community/Qwen3-0.6B-4bit,30,hrm,0.4117647058823529,7,17,2.2382390000020678,1,1,0.2,0.03,0.08,0.03,0.03,1.0,1.0,1.0,reverse_discount,C,A,False,-2.6845874786376953,-4.434587478637695,-5.997087478637695,-5.434587478637695
2026-05-20T19:21:12.336189+00:00,mlx-community/Qwen3-0.6B-4bit,30,hrm,0.4117647058823529,7,17,2.2382390000020678,1,1,0.2,0.03,0.08,0.03,0.03,1.0,1.0,1.0,multiples,B,B,True,-1.9152565002441406,-1.5402565002441406,-4.477756500244141,-2.2902565002441406
2026-05-20T19:21:12.336189+00:00,mlx-community/Qwen3-0.6B-4bit,30,hrm,0.4117647058823529,7,17,2.2382390000020678,1,1,0.2,0.03,0.08,0.03,0.03,1.0,1.0,1.0,rectangle,B,A,False,-1.8392810821533203,-3.4017810821533203,-6.46428108215332,-4.58928108215332
2026-05-20T19:21:12.336189+00:00,mlx-community/Qwen3-0.6B-4bit,30,hrm,0.4117647058823529,7,17,2.2382390000020678,1,1,0.2,0.03,0.08,0.03,0.03,1.0,1.0,1.0,average,C,A,False,-2.7431488037109375,-3.2431488037109375,-5.2431488037109375,-4.6806488037109375
2026-05-20T19:21:12.336189+00:00,mlx-community/Qwen3-0.6B-4bit,30,hrm,0.4117647058823529,7,17,2.2382390000020678,1,1,0.2,0.03,0.08,0.03,0.03,1.0,1.0,1.0,combinations,B,A,False,-3.2948837280273438,-3.6698837280273438,-5.419883728027344,-4.044883728027344
2026-05-20T19:21:12.336189+00:00,mlx-community/Qwen3-0.6B-4bit,30,hrm,0.4117647058823529,7,17,2.2382390000020678,1,1,0.2,0.03,0.08,0.03,0.03,1.0,1.0,1.0,coins,C,A,False,-3.2715892791748047,-3.2715892791748047,-3.5215892791748047,-4.271589279174805
2026-05-20T19:21:12.336189+00:00,mlx-community/Qwen3-0.6B-4bit,30,hrm,0.4117647058823529,7,17,2.2382390000020678,1,1,0.2,0.03,0.08,0.03,0.03,1.0,1.0,1.0,modular_small,B,B,True,-1.8754692077636719,-1.1254692077636719,-3.812969207763672,-3.250469207763672
2026-05-20T19:21:12.336189+00:00,mlx-community/Qwen3-0.6B-4bit,30,hrm,0.4117647058823529,7,17,2.2382390000020678,1,1,0.2,0.03,0.08,0.03,0.03,1.0,1.0,1.0,syllogism,A,B,False,-4.855033874511719,-3.6050338745117188,-5.605033874511719,-4.230033874511719
2026-05-20T19:21:14.562901+00:00,mlx-community/Qwen3-0.6B-4bit,31,hrm,0.4117647058823529,7,17,2.226350207998621,1,1,0.2,0.05,0.02,0.01,0.01,1.0,1.0,1.0,algebra,B,B,True,-3.6381893157958984,-3.5756893157958984,-5.075689315795898,-6.075689315795898
2026-05-20T19:21:14.562901+00:00,mlx-community/Qwen3-0.6B-4bit,31,hrm,0.4117647058823529,7,17,2.226350207998621,1,1,0.2,0.05,0.02,0.01,0.01,1.0,1.0,1.0,markup,C,A,False,-2.2869834899902344,-4.661983489990234,-5.724483489990234,-6.036983489990234
2026-05-20T19:21:14.562901+00:00,mlx-community/Qwen3-0.6B-4bit,31,hrm,0.4117647058823529,7,17,2.226350207998621,1,1,0.2,0.05,0.02,0.01,0.01,1.0,1.0,1.0,boxes,C,D,False,-1.8583183288574219,-2.670818328857422,-4.233318328857422,-1.6083183288574219
2026-05-20T19:21:14.562901+00:00,mlx-community/Qwen3-0.6B-4bit,31,hrm,0.4117647058823529,7,17,2.226350207998621,1,1,0.2,0.05,0.02,0.01,0.01,1.0,1.0,1.0,inclusion,B,B,True,-2.026691436767578,-1.2766914367675781,-4.776691436767578,-2.776691436767578
2026-05-20T19:21:14.562901+00:00,mlx-community/Qwen3-0.6B-4bit,31,hrm,0.4117647058823529,7,17,2.226350207998621,1,1,0.2,0.05,0.02,0.01,0.01,1.0,1.0,1.0,modular,B,B,True,-1.6116199493408203,-1.4866199493408203,-4.48661994934082,-3.5491199493408203
2026-05-20T19:21:14.562901+00:00,mlx-community/Qwen3-0.6B-4bit,31,hrm,0.4117647058823529,7,17,2.226350207998621,1,1,0.2,0.05,0.02,0.01,0.01,1.0,1.0,1.0,work_rate,A,A,True,-0.9418601989746094,-2.8168601989746094,-5.754360198974609,-4.566860198974609
2026-05-20T19:21:14.562901+00:00,mlx-community/Qwen3-0.6B-4bit,31,hrm,0.4117647058823529,7,17,2.226350207998621,1,1,0.2,0.05,0.02,0.01,0.01,1.0,1.0,1.0,probability,B,B,True,-2.266660690307617,-2.016660690307617,-4.516660690307617,-3.329160690307617
2026-05-20T19:21:14.562901+00:00,mlx-community/Qwen3-0.6B-4bit,31,hrm,0.4117647058823529,7,17,2.226350207998621,1,1,0.2,0.05,0.02,0.01,0.01,1.0,1.0,1.0,sequence,C,A,False,-2.5269908905029297,-2.7144908905029297,-2.9019908905029297,-4.46449089050293
2026-05-20T19:21:14.562901+00:00,mlx-community/Qwen3-0.6B-4bit,31,hrm,0.4117647058823529,7,17,2.226350207998621,1,1,0.2,0.05,0.02,0.01,0.01,1.0,1.0,1.0,linear_word,B,A,False,-2.174182891845703,-3.299182891845703,-6.049182891845703,-4.549182891845703
2026-05-20T19:21:14.562901+00:00,mlx-community/Qwen3-0.6B-4bit,31,hrm,0.4117647058823529,7,17,2.226350207998621,1,1,0.2,0.05,0.02,0.01,0.01,1.0,1.0,1.0,reverse_discount,C,A,False,-2.6840553283691406,-4.434055328369141,-6.059055328369141,-5.434055328369141
2026-05-20T19:21:14.562901+00:00,mlx-community/Qwen3-0.6B-4bit,31,hrm,0.4117647058823529,7,17,2.226350207998621,1,1,0.2,0.05,0.02,0.01,0.01,1.0,1.0,1.0,multiples,B,B,True,-1.9136714935302734,-1.5386714935302734,-4.538671493530273,-2.2886714935302734
2026-05-20T19:21:14.562901+00:00,mlx-community/Qwen3-0.6B-4bit,31,hrm,0.4117647058823529,7,17,2.226350207998621,1,1,0.2,0.05,0.02,0.01,0.01,1.0,1.0,1.0,rectangle,B,A,False,-1.8490447998046875,-3.3490447998046875,-6.4740447998046875,-4.5990447998046875
2026-05-20T19:21:14.562901+00:00,mlx-community/Qwen3-0.6B-4bit,31,hrm,0.4117647058823529,7,17,2.226350207998621,1,1,0.2,0.05,0.02,0.01,0.01,1.0,1.0,1.0,average,C,A,False,-2.72161865234375,-3.22161865234375,-5.22161865234375,-4.65911865234375
2026-05-20T19:21:14.562901+00:00,mlx-community/Qwen3-0.6B-4bit,31,hrm,0.4117647058823529,7,17,2.226350207998621,1,1,0.2,0.05,0.02,0.01,0.01,1.0,1.0,1.0,combinations,B,A,False,-3.2739505767822266,-3.6489505767822266,-5.336450576782227,-4.023950576782227
2026-05-20T19:21:14.562901+00:00,mlx-community/Qwen3-0.6B-4bit,31,hrm,0.4117647058823529,7,17,2.226350207998621,1,1,0.2,0.05,0.02,0.01,0.01,1.0,1.0,1.0,coins,C,A,False,-3.27154541015625,-3.27154541015625,-3.52154541015625,-4.27154541015625
2026-05-20T19:21:14.562901+00:00,mlx-community/Qwen3-0.6B-4bit,31,hrm,0.4117647058823529,7,17,2.226350207998621,1,1,0.2,0.05,0.02,0.01,0.01,1.0,1.0,1.0,modular_small,B,B,True,-1.9488296508789062,-1.0738296508789062,-3.7613296508789062,-3.1988296508789062
2026-05-20T19:21:14.562901+00:00,mlx-community/Qwen3-0.6B-4bit,31,hrm,0.4117647058823529,7,17,2.226350207998621,1,1,0.2,0.05,0.02,0.01,0.01,1.0,1.0,1.0,syllogism,A,B,False,-4.791975021362305,-3.6044750213623047,-5.604475021362305,-4.229475021362305
2026-05-20T19:21:16.769708+00:00,mlx-community/Qwen3-0.6B-4bit,32,hrm,0.4117647058823529,7,17,2.20659304199944,1,1,0.2,0.05,0.02,0.03,0.03,1.0,1.0,1.0,algebra,B,B,True,-3.6381797790527344,-3.5756797790527344,-5.075679779052734,-6.075679779052734
2026-05-20T19:21:16.769708+00:00,mlx-community/Qwen3-0.6B-4bit,32,hrm,0.4117647058823529,7,17,2.20659304199944,1,1,0.2,0.05,0.02,0.03,0.03,1.0,1.0,1.0,markup,C,A,False,-2.2870845794677734,-4.662084579467773,-5.724584579467773,-6.037084579467773
2026-05-20T19:21:16.769708+00:00,mlx-community/Qwen3-0.6B-4bit,32,hrm,0.4117647058823529,7,17,2.20659304199944,1,1,0.2,0.05,0.02,0.03,0.03,1.0,1.0,1.0,boxes,C,D,False,-1.8589019775390625,-2.6714019775390625,-4.1714019775390625,-1.6089019775390625
2026-05-20T19:21:16.769708+00:00,mlx-community/Qwen3-0.6B-4bit,32,hrm,0.4117647058823529,7,17,2.20659304199944,1,1,0.2,0.05,0.02,0.03,0.03,1.0,1.0,1.0,inclusion,B,B,True,-2.027191162109375,-1.277191162109375,-4.714691162109375,-2.777191162109375
2026-05-20T19:21:16.769708+00:00,mlx-community/Qwen3-0.6B-4bit,32,hrm,0.4117647058823529,7,17,2.20659304199944,1,1,0.2,0.05,0.02,0.03,0.03,1.0,1.0,1.0,modular,B,B,True,-1.6119308471679688,-1.4869308471679688,-4.486930847167969,-3.5494308471679688
2026-05-20T19:21:16.769708+00:00,mlx-community/Qwen3-0.6B-4bit,32,hrm,0.4117647058823529,7,17,2.20659304199944,1,1,0.2,0.05,0.02,0.03,0.03,1.0,1.0,1.0,work_rate,A,A,True,-0.9414386749267578,-2.816438674926758,-5.753938674926758,-4.628938674926758
2026-05-20T19:21:16.769708+00:00,mlx-community/Qwen3-0.6B-4bit,32,hrm,0.4117647058823529,7,17,2.20659304199944,1,1,0.2,0.05,0.02,0.03,0.03,1.0,1.0,1.0,probability,B,B,True,-2.339387893676758,-2.089387893676758,-4.589387893676758,-3.401887893676758
2026-05-20T19:21:16.769708+00:00,mlx-community/Qwen3-0.6B-4bit,32,hrm,0.4117647058823529,7,17,2.20659304199944,1,1,0.2,0.05,0.02,0.03,0.03,1.0,1.0,1.0,sequence,C,A,False,-2.5273361206054688,-2.7148361206054688,-2.9023361206054688,-4.464836120605469
2026-05-20T19:21:16.769708+00:00,mlx-community/Qwen3-0.6B-4bit,32,hrm,0.4117647058823529,7,17,2.20659304199944,1,1,0.2,0.05,0.02,0.03,0.03,1.0,1.0,1.0,linear_word,B,A,False,-2.067831039428711,-3.317831039428711,-6.067831039428711,-4.567831039428711
2026-05-20T19:21:16.769708+00:00,mlx-community/Qwen3-0.6B-4bit,32,hrm,0.4117647058823529,7,17,2.20659304199944,1,1,0.2,0.05,0.02,0.03,0.03,1.0,1.0,1.0,reverse_discount,C,A,False,-2.6866493225097656,-4.436649322509766,-5.999149322509766,-5.436649322509766
2026-05-20T19:21:16.769708+00:00,mlx-community/Qwen3-0.6B-4bit,32,hrm,0.4117647058823529,7,17,2.20659304199944,1,1,0.2,0.05,0.02,0.03,0.03,1.0,1.0,1.0,multiples,B,B,True,-1.9155197143554688,-1.5405197143554688,-4.540519714355469,-2.2905197143554688
2026-05-20T19:21:16.769708+00:00,mlx-community/Qwen3-0.6B-4bit,32,hrm,0.4117647058823529,7,17,2.20659304199944,1,1,0.2,0.05,0.02,0.03,0.03,1.0,1.0,1.0,rectangle,B,A,False,-1.8516578674316406,-3.3516578674316406,-6.476657867431641,-4.539157867431641
2026-05-20T19:21:16.769708+00:00,mlx-community/Qwen3-0.6B-4bit,32,hrm,0.4117647058823529,7,17,2.20659304199944,1,1,0.2,0.05,0.02,0.03,0.03,1.0,1.0,1.0,average,C,A,False,-2.7417030334472656,-3.2417030334472656,-5.241703033447266,-4.679203033447266
2026-05-20T19:21:16.769708+00:00,mlx-community/Qwen3-0.6B-4bit,32,hrm,0.4117647058823529,7,17,2.20659304199944,1,1,0.2,0.05,0.02,0.03,0.03,1.0,1.0,1.0,combinations,B,A,False,-3.2009735107421875,-3.5759735107421875,-5.3259735107421875,-4.0134735107421875
2026-05-20T19:21:16.769708+00:00,mlx-community/Qwen3-0.6B-4bit,32,hrm,0.4117647058823529,7,17,2.20659304199944,1,1,0.2,0.05,0.02,0.03,0.03,1.0,1.0,1.0,coins,C,A,False,-3.2719783782958984,-3.2719783782958984,-3.5219783782958984,-4.271978378295898
2026-05-20T19:21:16.769708+00:00,mlx-community/Qwen3-0.6B-4bit,32,hrm,0.4117647058823529,7,17,2.20659304199944,1,1,0.2,0.05,0.02,0.03,0.03,1.0,1.0,1.0,modular_small,B,B,True,-1.9492111206054688,-1.0742111206054688,-3.7617111206054688,-3.1992111206054688
2026-05-20T19:21:16.769708+00:00,mlx-community/Qwen3-0.6B-4bit,32,hrm,0.4117647058823529,7,17,2.20659304199944,1,1,0.2,0.05,0.02,0.03,0.03,1.0,1.0,1.0,syllogism,A,B,False,-4.85783576965332,-3.6078357696533203,-5.60783576965332,-4.23283576965332
2026-05-20T19:21:18.987888+00:00,mlx-community/Qwen3-0.6B-4bit,33,hrm,0.4117647058823529,7,17,2.2179550000000745,1,1,0.2,0.05,0.05,0.01,0.01,1.0,1.0,1.0,algebra,B,B,True,-3.644023895263672,-3.519023895263672,-5.081523895263672,-6.081523895263672
2026-05-20T19:21:18.987888+00:00,mlx-community/Qwen3-0.6B-4bit,33,hrm,0.4117647058823529,7,17,2.2179550000000745,1,1,0.2,0.05,0.05,0.01,0.01,1.0,1.0,1.0,markup,C,A,False,-2.2874813079833984,-4.662481307983398,-5.724981307983398,-6.037481307983398
2026-05-20T19:21:18.987888+00:00,mlx-community/Qwen3-0.6B-4bit,33,hrm,0.4117647058823529,7,17,2.2179550000000745,1,1,0.2,0.05,0.05,0.01,0.01,1.0,1.0,1.0,boxes,C,D,False,-1.8587684631347656,-2.6712684631347656,-4.171268463134766,-1.6087684631347656
2026-05-20T19:21:18.987888+00:00,mlx-community/Qwen3-0.6B-4bit,33,hrm,0.4117647058823529,7,17,2.2179550000000745,1,1,0.2,0.05,0.05,0.01,0.01,1.0,1.0,1.0,inclusion,B,B,True,-2.0275707244873047,-1.2775707244873047,-4.715070724487305,-2.7775707244873047
2026-05-20T19:21:18.987888+00:00,mlx-community/Qwen3-0.6B-4bit,33,hrm,0.4117647058823529,7,17,2.2179550000000745,1,1,0.2,0.05,0.05,0.01,0.01,1.0,1.0,1.0,modular,B,B,True,-1.6860599517822266,-1.4360599517822266,-4.561059951782227,-3.6235599517822266
2026-05-20T19:21:18.987888+00:00,mlx-community/Qwen3-0.6B-4bit,33,hrm,0.4117647058823529,7,17,2.2179550000000745,1,1,0.2,0.05,0.05,0.01,0.01,1.0,1.0,1.0,work_rate,A,A,True,-0.9421787261962891,-2.817178726196289,-5.754678726196289,-4.567178726196289
2026-05-20T19:21:18.987888+00:00,mlx-community/Qwen3-0.6B-4bit,33,hrm,0.4117647058823529,7,17,2.2179550000000745,1,1,0.2,0.05,0.05,0.01,0.01,1.0,1.0,1.0,probability,B,B,True,-2.3423919677734375,-2.0923919677734375,-4.5923919677734375,-3.3423919677734375
2026-05-20T19:21:18.987888+00:00,mlx-community/Qwen3-0.6B-4bit,33,hrm,0.4117647058823529,7,17,2.2179550000000745,1,1,0.2,0.05,0.05,0.01,0.01,1.0,1.0,1.0,sequence,C,A,False,-2.5265960693359375,-2.7140960693359375,-2.9015960693359375,-4.4640960693359375
2026-05-20T19:21:18.987888+00:00,mlx-community/Qwen3-0.6B-4bit,33,hrm,0.4117647058823529,7,17,2.2179550000000745,1,1,0.2,0.05,0.05,0.01,0.01,1.0,1.0,1.0,linear_word,B,A,False,-2.066213607788086,-3.316213607788086,-6.066213607788086,-4.566213607788086
2026-05-20T19:21:18.987888+00:00,mlx-community/Qwen3-0.6B-4bit,33,hrm,0.4117647058823529,7,17,2.2179550000000745,1,1,0.2,0.05,0.05,0.01,0.01,1.0,1.0,1.0,reverse_discount,C,A,False,-2.6961002349853516,-4.446100234985352,-6.071100234985352,-5.446100234985352
2026-05-20T19:21:18.987888+00:00,mlx-community/Qwen3-0.6B-4bit,33,hrm,0.4117647058823529,7,17,2.2179550000000745,1,1,0.2,0.05,0.05,0.01,0.01,1.0,1.0,1.0,multiples,B,B,True,-1.915548324584961,-1.540548324584961,-4.540548324584961,-2.290548324584961
2026-05-20T19:21:18.987888+00:00,mlx-community/Qwen3-0.6B-4bit,33,hrm,0.4117647058823529,7,17,2.2179550000000745,1,1,0.2,0.05,0.05,0.01,0.01,1.0,1.0,1.0,rectangle,B,A,False,-1.840677261352539,-3.340677261352539,-6.465677261352539,-4.528177261352539
2026-05-20T19:21:18.987888+00:00,mlx-community/Qwen3-0.6B-4bit,33,hrm,0.4117647058823529,7,17,2.2179550000000745,1,1,0.2,0.05,0.05,0.01,0.01,1.0,1.0,1.0,average,C,A,False,-2.627368927001953,-3.252368927001953,-5.252368927001953,-4.689868927001953
2026-05-20T19:21:18.987888+00:00,mlx-community/Qwen3-0.6B-4bit,33,hrm,0.4117647058823529,7,17,2.2179550000000745,1,1,0.2,0.05,0.05,0.01,0.01,1.0,1.0,1.0,combinations,B,A,False,-3.203401565551758,-3.578401565551758,-5.328401565551758,-4.015901565551758
2026-05-20T19:21:18.987888+00:00,mlx-community/Qwen3-0.6B-4bit,33,hrm,0.4117647058823529,7,17,2.2179550000000745,1,1,0.2,0.05,0.05,0.01,0.01,1.0,1.0,1.0,coins,C,A,False,-3.2707157135009766,-3.2707157135009766,-3.5207157135009766,-4.270715713500977
2026-05-20T19:21:18.987888+00:00,mlx-community/Qwen3-0.6B-4bit,33,hrm,0.4117647058823529,7,17,2.2179550000000745,1,1,0.2,0.05,0.05,0.01,0.01,1.0,1.0,1.0,modular_small,B,B,True,-1.8681316375732422,-1.1181316375732422,-3.805631637573242,-3.243131637573242
2026-05-20T19:21:18.987888+00:00,mlx-community/Qwen3-0.6B-4bit,33,hrm,0.4117647058823529,7,17,2.2179550000000745,1,1,0.2,0.05,0.05,0.01,0.01,1.0,1.0,1.0,syllogism,A,B,False,-4.853631973266602,-3.6036319732666016,-5.603631973266602,-4.228631973266602
2026-05-20T19:21:21.207044+00:00,mlx-community/Qwen3-0.6B-4bit,34,hrm,0.4117647058823529,7,17,2.218954166997719,1,1,0.2,0.05,0.05,0.03,0.03,1.0,1.0,1.0,algebra,B,B,True,-3.6366939544677734,-3.5741939544677734,-5.074193954467773,-6.074193954467773
2026-05-20T19:21:21.207044+00:00,mlx-community/Qwen3-0.6B-4bit,34,hrm,0.4117647058823529,7,17,2.218954166997719,1,1,0.2,0.05,0.05,0.03,0.03,1.0,1.0,1.0,markup,C,A,False,-2.2871360778808594,-4.662136077880859,-5.724636077880859,-6.037136077880859
2026-05-20T19:21:21.207044+00:00,mlx-community/Qwen3-0.6B-4bit,34,hrm,0.4117647058823529,7,17,2.218954166997719,1,1,0.2,0.05,0.05,0.03,0.03,1.0,1.0,1.0,boxes,C,D,False,-1.8600597381591797,-2.6725597381591797,-4.17255973815918,-1.6100597381591797
2026-05-20T19:21:21.207044+00:00,mlx-community/Qwen3-0.6B-4bit,34,hrm,0.4117647058823529,7,17,2.218954166997719,1,1,0.2,0.05,0.05,0.03,0.03,1.0,1.0,1.0,inclusion,B,B,True,-2.0275306701660156,-1.2775306701660156,-4.715030670166016,-2.7775306701660156
2026-05-20T19:21:21.207044+00:00,mlx-community/Qwen3-0.6B-4bit,34,hrm,0.4117647058823529,7,17,2.218954166997719,1,1,0.2,0.05,0.05,0.03,0.03,1.0,1.0,1.0,modular,B,B,True,-1.655904769897461,-1.530904769897461,-4.530904769897461,-3.593404769897461
2026-05-20T19:21:21.207044+00:00,mlx-community/Qwen3-0.6B-4bit,34,hrm,0.4117647058823529,7,17,2.218954166997719,1,1,0.2,0.05,0.05,0.03,0.03,1.0,1.0,1.0,work_rate,A,A,True,-0.9426383972167969,-2.817638397216797,-5.755138397216797,-4.567638397216797
2026-05-20T19:21:21.207044+00:00,mlx-community/Qwen3-0.6B-4bit,34,hrm,0.4117647058823529,7,17,2.218954166997719,1,1,0.2,0.05,0.05,0.03,0.03,1.0,1.0,1.0,probability,B,B,True,-2.3391895294189453,-2.0891895294189453,-4.589189529418945,-3.4016895294189453
2026-05-20T19:21:21.207044+00:00,mlx-community/Qwen3-0.6B-4bit,34,hrm,0.4117647058823529,7,17,2.218954166997719,1,1,0.2,0.05,0.05,0.03,0.03,1.0,1.0,1.0,sequence,C,A,False,-2.5262508392333984,-2.7137508392333984,-2.9012508392333984,-4.463750839233398
2026-05-20T19:21:21.207044+00:00,mlx-community/Qwen3-0.6B-4bit,34,hrm,0.4117647058823529,7,17,2.218954166997719,1,1,0.2,0.05,0.05,0.03,0.03,1.0,1.0,1.0,linear_word,B,A,False,-2.066263198852539,-3.316263198852539,-6.066263198852539,-4.566263198852539
2026-05-20T19:21:21.207044+00:00,mlx-community/Qwen3-0.6B-4bit,34,hrm,0.4117647058823529,7,17,2.218954166997719,1,1,0.2,0.05,0.05,0.03,0.03,1.0,1.0,1.0,reverse_discount,C,A,False,-2.694581985473633,-4.444581985473633,-6.007081985473633,-5.382081985473633
2026-05-20T19:21:21.207044+00:00,mlx-community/Qwen3-0.6B-4bit,34,hrm,0.4117647058823529,7,17,2.218954166997719,1,1,0.2,0.05,0.05,0.03,0.03,1.0,1.0,1.0,multiples,B,B,True,-1.9176464080810547,-1.5426464080810547,-4.480146408081055,-2.2926464080810547
2026-05-20T19:21:21.207044+00:00,mlx-community/Qwen3-0.6B-4bit,34,hrm,0.4117647058823529,7,17,2.218954166997719,1,1,0.2,0.05,0.05,0.03,0.03,1.0,1.0,1.0,rectangle,B,A,False,-1.8464412689208984,-3.3464412689208984,-6.471441268920898,-4.533941268920898
2026-05-20T19:21:21.207044+00:00,mlx-community/Qwen3-0.6B-4bit,34,hrm,0.4117647058823529,7,17,2.218954166997719,1,1,0.2,0.05,0.05,0.03,0.03,1.0,1.0,1.0,average,C,A,False,-2.7432327270507812,-3.2432327270507812,-5.243232727050781,-4.680732727050781
2026-05-20T19:21:21.207044+00:00,mlx-community/Qwen3-0.6B-4bit,34,hrm,0.4117647058823529,7,17,2.218954166997719,1,1,0.2,0.05,0.05,0.03,0.03,1.0,1.0,1.0,combinations,B,A,False,-3.2906970977783203,-3.6656970977783203,-5.41569709777832,-4.10319709777832
2026-05-20T19:21:21.207044+00:00,mlx-community/Qwen3-0.6B-4bit,34,hrm,0.4117647058823529,7,17,2.218954166997719,1,1,0.2,0.05,0.05,0.03,0.03,1.0,1.0,1.0,coins,C,A,False,-3.271472930908203,-3.271472930908203,-3.521472930908203,-4.271472930908203
2026-05-20T19:21:21.207044+00:00,mlx-community/Qwen3-0.6B-4bit,34,hrm,0.4117647058823529,7,17,2.218954166997719,1,1,0.2,0.05,0.05,0.03,0.03,1.0,1.0,1.0,modular_small,B,B,True,-1.842428207397461,-1.092428207397461,-3.842428207397461,-3.217428207397461
2026-05-20T19:21:21.207044+00:00,mlx-community/Qwen3-0.6B-4bit,34,hrm,0.4117647058823529,7,17,2.218954166997719,1,1,0.2,0.05,0.05,0.03,0.03,1.0,1.0,1.0,syllogism,A,B,False,-4.858650207519531,-3.6086502075195312,-5.608650207519531,-4.233650207519531
2026-05-20T19:21:23.418739+00:00,mlx-community/Qwen3-0.6B-4bit,35,hrm,0.4117647058823529,7,17,2.211491499998374,1,1,0.2,0.05,0.08,0.01,0.01,1.0,1.0,1.0,algebra,B,B,True,-3.638833999633789,-3.513833999633789,-5.076333999633789,-6.076333999633789
2026-05-20T19:21:23.418739+00:00,mlx-community/Qwen3-0.6B-4bit,35,hrm,0.4117647058823529,7,17,2.211491499998374,1,1,0.2,0.05,0.08,0.01,0.01,1.0,1.0,1.0,markup,C,A,False,-2.2963314056396484,-4.671331405639648,-5.733831405639648,-6.046331405639648
2026-05-20T19:21:23.418739+00:00,mlx-community/Qwen3-0.6B-4bit,35,hrm,0.4117647058823529,7,17,2.211491499998374,1,1,0.2,0.05,0.08,0.01,0.01,1.0,1.0,1.0,boxes,C,D,False,-1.8633575439453125,-2.6758575439453125,-4.1758575439453125,-1.6133575439453125
2026-05-20T19:21:23.418739+00:00,mlx-community/Qwen3-0.6B-4bit,35,hrm,0.4117647058823529,7,17,2.211491499998374,1,1,0.2,0.05,0.08,0.01,0.01,1.0,1.0,1.0,inclusion,B,B,True,-2.0276756286621094,-1.2776756286621094,-4.715175628662109,-2.7776756286621094
2026-05-20T19:21:23.418739+00:00,mlx-community/Qwen3-0.6B-4bit,35,hrm,0.4117647058823529,7,17,2.211491499998374,1,1,0.2,0.05,0.08,0.01,0.01,1.0,1.0,1.0,modular,B,B,True,-1.656747817993164,-1.531747817993164,-4.531747817993164,-3.594247817993164
2026-05-20T19:21:23.418739+00:00,mlx-community/Qwen3-0.6B-4bit,35,hrm,0.4117647058823529,7,17,2.211491499998374,1,1,0.2,0.05,0.08,0.01,0.01,1.0,1.0,1.0,work_rate,A,A,True,-0.9511375427246094,-2.8261375427246094,-5.763637542724609,-4.638637542724609
2026-05-20T19:21:23.418739+00:00,mlx-community/Qwen3-0.6B-4bit,35,hrm,0.4117647058823529,7,17,2.211491499998374,1,1,0.2,0.05,0.08,0.01,0.01,1.0,1.0,1.0,probability,B,B,True,-2.3399524688720703,-2.0899524688720703,-4.58995246887207,-3.4024524688720703
2026-05-20T19:21:23.418739+00:00,mlx-community/Qwen3-0.6B-4bit,35,hrm,0.4117647058823529,7,17,2.211491499998374,1,1,0.2,0.05,0.08,0.01,0.01,1.0,1.0,1.0,sequence,C,A,False,-2.5264663696289062,-2.7139663696289062,-2.9014663696289062,-4.463966369628906
2026-05-20T19:21:23.418739+00:00,mlx-community/Qwen3-0.6B-4bit,35,hrm,0.4117647058823529,7,17,2.211491499998374,1,1,0.2,0.05,0.08,0.01,0.01,1.0,1.0,1.0,linear_word,B,A,False,-2.0678253173828125,-3.3178253173828125,-6.0678253173828125,-4.5678253173828125
2026-05-20T19:21:23.418739+00:00,mlx-community/Qwen3-0.6B-4bit,35,hrm,0.4117647058823529,7,17,2.211491499998374,1,1,0.2,0.05,0.08,0.01,0.01,1.0,1.0,1.0,reverse_discount,C,A,False,-2.691530227661133,-4.441530227661133,-6.066530227661133,-5.441530227661133
2026-05-20T19:21:23.418739+00:00,mlx-community/Qwen3-0.6B-4bit,35,hrm,0.4117647058823529,7,17,2.211491499998374,1,1,0.2,0.05,0.08,0.01,0.01,1.0,1.0,1.0,multiples,B,B,True,-1.9172477722167969,-1.5422477722167969,-4.542247772216797,-2.292247772216797
2026-05-20T19:21:23.418739+00:00,mlx-community/Qwen3-0.6B-4bit,35,hrm,0.4117647058823529,7,17,2.211491499998374,1,1,0.2,0.05,0.08,0.01,0.01,1.0,1.0,1.0,rectangle,B,A,False,-1.8424015045166016,-3.3424015045166016,-6.467401504516602,-4.529901504516602
2026-05-20T19:21:23.418739+00:00,mlx-community/Qwen3-0.6B-4bit,35,hrm,0.4117647058823529,7,17,2.211491499998374,1,1,0.2,0.05,0.08,0.01,0.01,1.0,1.0,1.0,average,C,A,False,-2.741464614868164,-3.241464614868164,-5.241464614868164,-4.678964614868164
2026-05-20T19:21:23.418739+00:00,mlx-community/Qwen3-0.6B-4bit,35,hrm,0.4117647058823529,7,17,2.211491499998374,1,1,0.2,0.05,0.08,0.01,0.01,1.0,1.0,1.0,combinations,B,A,False,-3.217050552368164,-3.592050552368164,-5.342050552368164,-4.029550552368164
2026-05-20T19:21:23.418739+00:00,mlx-community/Qwen3-0.6B-4bit,35,hrm,0.4117647058823529,7,17,2.211491499998374,1,1,0.2,0.05,0.08,0.01,0.01,1.0,1.0,1.0,coins,C,A,False,-3.2706775665283203,-3.2706775665283203,-3.5206775665283203,-4.27067756652832
2026-05-20T19:21:23.418739+00:00,mlx-community/Qwen3-0.6B-4bit,35,hrm,0.4117647058823529,7,17,2.211491499998374,1,1,0.2,0.05,0.08,0.01,0.01,1.0,1.0,1.0,modular_small,B,B,True,-1.8548908233642578,-1.1048908233642578,-3.792390823364258,-3.229890823364258
2026-05-20T19:21:23.418739+00:00,mlx-community/Qwen3-0.6B-4bit,35,hrm,0.4117647058823529,7,17,2.211491499998374,1,1,0.2,0.05,0.08,0.01,0.01,1.0,1.0,1.0,syllogism,A,B,False,-4.791664123535156,-3.6041641235351562,-5.604164123535156,-4.229164123535156
2026-05-20T19:21:25.635570+00:00,mlx-community/Qwen3-0.6B-4bit,36,hrm,0.4117647058823529,7,17,2.216631042003428,1,1,0.2,0.05,0.08,0.03,0.03,1.0,1.0,1.0,algebra,B,B,True,-3.6414871215820312,-3.5164871215820312,-5.078987121582031,-6.078987121582031
2026-05-20T19:21:25.635570+00:00,mlx-community/Qwen3-0.6B-4bit,36,hrm,0.4117647058823529,7,17,2.216631042003428,1,1,0.2,0.05,0.08,0.03,0.03,1.0,1.0,1.0,markup,C,A,False,-2.2931995391845703,-4.66819953918457,-5.79319953918457,-6.04319953918457
2026-05-20T19:21:25.635570+00:00,mlx-community/Qwen3-0.6B-4bit,36,hrm,0.4117647058823529,7,17,2.216631042003428,1,1,0.2,0.05,0.08,0.03,0.03,1.0,1.0,1.0,boxes,C,D,False,-1.8613834381103516,-2.6738834381103516,-4.173883438110352,-1.6113834381103516
2026-05-20T19:21:25.635570+00:00,mlx-community/Qwen3-0.6B-4bit,36,hrm,0.4117647058823529,7,17,2.216631042003428,1,1,0.2,0.05,0.08,0.03,0.03,1.0,1.0,1.0,inclusion,B,B,True,-2.0272960662841797,-1.2772960662841797,-4.71479606628418,-2.7772960662841797
2026-05-20T19:21:25.635570+00:00,mlx-community/Qwen3-0.6B-4bit,36,hrm,0.4117647058823529,7,17,2.216631042003428,1,1,0.2,0.05,0.08,0.03,0.03,1.0,1.0,1.0,modular,B,B,True,-1.6646785736083984,-1.5396785736083984,-4.539678573608398,-3.6021785736083984
2026-05-20T19:21:25.635570+00:00,mlx-community/Qwen3-0.6B-4bit,36,hrm,0.4117647058823529,7,17,2.216631042003428,1,1,0.2,0.05,0.08,0.03,0.03,1.0,1.0,1.0,work_rate,A,A,True,-0.9509639739990234,-2.8259639739990234,-5.763463973999023,-4.638463973999023
2026-05-20T19:21:25.635570+00:00,mlx-community/Qwen3-0.6B-4bit,36,hrm,0.4117647058823529,7,17,2.216631042003428,1,1,0.2,0.05,0.08,0.03,0.03,1.0,1.0,1.0,probability,B,B,True,-2.340576171875,-2.090576171875,-4.590576171875,-3.403076171875
2026-05-20T19:21:25.635570+00:00,mlx-community/Qwen3-0.6B-4bit,36,hrm,0.4117647058823529,7,17,2.216631042003428,1,1,0.2,0.05,0.08,0.03,0.03,1.0,1.0,1.0,sequence,C,A,False,-2.530954360961914,-2.718454360961914,-2.843454360961914,-4.468454360961914
2026-05-20T19:21:25.635570+00:00,mlx-community/Qwen3-0.6B-4bit,36,hrm,0.4117647058823529,7,17,2.216631042003428,1,1,0.2,0.05,0.08,0.03,0.03,1.0,1.0,1.0,linear_word,B,A,False,-2.067707061767578,-3.317707061767578,-6.067707061767578,-4.567707061767578
2026-05-20T19:21:25.635570+00:00,mlx-community/Qwen3-0.6B-4bit,36,hrm,0.4117647058823529,7,17,2.216631042003428,1,1,0.2,0.05,0.08,0.03,0.03,1.0,1.0,1.0,reverse_discount,C,A,False,-2.682088851928711,-4.432088851928711,-6.057088851928711,-5.432088851928711
2026-05-20T19:21:25.635570+00:00,mlx-community/Qwen3-0.6B-4bit,36,hrm,0.4117647058823529,7,17,2.216631042003428,1,1,0.2,0.05,0.08,0.03,0.03,1.0,1.0,1.0,multiples,B,B,True,-1.917123794555664,-1.542123794555664,-4.479623794555664,-2.292123794555664
2026-05-20T19:21:25.635570+00:00,mlx-community/Qwen3-0.6B-4bit,36,hrm,0.4117647058823529,7,17,2.216631042003428,1,1,0.2,0.05,0.08,0.03,0.03,1.0,1.0,1.0,rectangle,B,A,False,-1.8433513641357422,-3.405851364135742,-6.468351364135742,-4.530851364135742
2026-05-20T19:21:25.635570+00:00,mlx-community/Qwen3-0.6B-4bit,36,hrm,0.4117647058823529,7,17,2.216631042003428,1,1,0.2,0.05,0.08,0.03,0.03,1.0,1.0,1.0,average,C,A,False,-2.7397727966308594,-3.2397727966308594,-5.239772796630859,-4.677272796630859
2026-05-20T19:21:25.635570+00:00,mlx-community/Qwen3-0.6B-4bit,36,hrm,0.4117647058823529,7,17,2.216631042003428,1,1,0.2,0.05,0.08,0.03,0.03,1.0,1.0,1.0,combinations,B,A,False,-3.292448043823242,-3.667448043823242,-5.417448043823242,-4.104948043823242
2026-05-20T19:21:25.635570+00:00,mlx-community/Qwen3-0.6B-4bit,36,hrm,0.4117647058823529,7,17,2.216631042003428,1,1,0.2,0.05,0.08,0.03,0.03,1.0,1.0,1.0,coins,C,A,False,-3.271350860595703,-3.271350860595703,-3.521350860595703,-4.271350860595703
2026-05-20T19:21:25.635570+00:00,mlx-community/Qwen3-0.6B-4bit,36,hrm,0.4117647058823529,7,17,2.216631042003428,1,1,0.2,0.05,0.08,0.03,0.03,1.0,1.0,1.0,modular_small,B,B,True,-1.85504150390625,-1.10504150390625,-3.79254150390625,-3.23004150390625
2026-05-20T19:21:25.635570+00:00,mlx-community/Qwen3-0.6B-4bit,36,hrm,0.4117647058823529,7,17,2.216631042003428,1,1,0.2,0.05,0.08,0.03,0.03,1.0,1.0,1.0,syllogism,A,B,False,-4.855657577514648,-3.6056575775146484,-5.605657577514648,-4.230657577514648
2026-05-20T19:21:27.854222+00:00,mlx-community/Qwen3-0.6B-4bit,37,hrm,0.4117647058823529,7,17,2.2184531670027354,1,1,0.25,0.01,0.02,0.01,0.01,1.0,1.0,1.0,algebra,B,B,True,-3.925281524658203,-3.612781524658203,-5.175281524658203,-6.175281524658203
2026-05-20T19:21:27.854222+00:00,mlx-community/Qwen3-0.6B-4bit,37,hrm,0.4117647058823529,7,17,2.2184531670027354,1,1,0.25,0.01,0.02,0.01,0.01,1.0,1.0,1.0,markup,C,A,False,-2.6156234741210938,-4.553123474121094,-5.803123474121094,-6.178123474121094
2026-05-20T19:21:27.854222+00:00,mlx-community/Qwen3-0.6B-4bit,37,hrm,0.4117647058823529,7,17,2.2184531670027354,1,1,0.25,0.01,0.02,0.01,0.01,1.0,1.0,1.0,boxes,C,D,False,-1.9495506286621094,-2.6370506286621094,-4.449550628662109,-1.8870506286621094
2026-05-20T19:21:27.854222+00:00,mlx-community/Qwen3-0.6B-4bit,37,hrm,0.4117647058823529,7,17,2.2184531670027354,1,1,0.25,0.01,0.02,0.01,0.01,1.0,1.0,1.0,inclusion,B,B,True,-2.1215476989746094,-1.2465476989746094,-4.746547698974609,-2.9340476989746094
2026-05-20T19:21:27.854222+00:00,mlx-community/Qwen3-0.6B-4bit,37,hrm,0.4117647058823529,7,17,2.2184531670027354,1,1,0.25,0.01,0.02,0.01,0.01,1.0,1.0,1.0,modular,B,B,True,-1.705636978149414,-1.580636978149414,-4.393136978149414,-3.580636978149414
2026-05-20T19:21:27.854222+00:00,mlx-community/Qwen3-0.6B-4bit,37,hrm,0.4117647058823529,7,17,2.2184531670027354,1,1,0.25,0.01,0.02,0.01,0.01,1.0,1.0,1.0,work_rate,A,A,True,-1.1650066375732422,-2.977506637573242,-6.040006637573242,-4.665006637573242
2026-05-20T19:21:27.854222+00:00,mlx-community/Qwen3-0.6B-4bit,37,hrm,0.4117647058823529,7,17,2.2184531670027354,1,1,0.25,0.01,0.02,0.01,0.01,1.0,1.0,1.0,probability,B,B,True,-2.530986785888672,-2.155986785888672,-4.780986785888672,-3.530986785888672
2026-05-20T19:21:27.854222+00:00,mlx-community/Qwen3-0.6B-4bit,37,hrm,0.4117647058823529,7,17,2.2184531670027354,1,1,0.25,0.01,0.02,0.01,0.01,1.0,1.0,1.0,sequence,C,B,False,-2.915252685546875,-2.852752685546875,-3.102752685546875,-4.727752685546875
2026-05-20T19:21:27.854222+00:00,mlx-community/Qwen3-0.6B-4bit,37,hrm,0.4117647058823529,7,17,2.2184531670027354,1,1,0.25,0.01,0.02,0.01,0.01,1.0,1.0,1.0,linear_word,B,A,False,-2.357095718383789,-3.419595718383789,-6.482095718383789,-4.794595718383789
2026-05-20T19:21:27.854222+00:00,mlx-community/Qwen3-0.6B-4bit,37,hrm,0.4117647058823529,7,17,2.2184531670027354,1,1,0.25,0.01,0.02,0.01,0.01,1.0,1.0,1.0,reverse_discount,C,A,False,-2.7215499877929688,-4.471549987792969,-6.221549987792969,-5.596549987792969
2026-05-20T19:21:27.854222+00:00,mlx-community/Qwen3-0.6B-4bit,37,hrm,0.4117647058823529,7,17,2.2184531670027354,1,1,0.25,0.01,0.02,0.01,0.01,1.0,1.0,1.0,multiples,B,B,True,-1.9881210327148438,-1.6131210327148438,-4.738121032714844,-2.4881210327148438
2026-05-20T19:21:27.854222+00:00,mlx-community/Qwen3-0.6B-4bit,37,hrm,0.4117647058823529,7,17,2.2184531670027354,1,1,0.25,0.01,0.02,0.01,0.01,1.0,1.0,1.0,rectangle,B,A,False,-2.0268917083740234,-3.4018917083740234,-6.651891708374023,-4.714391708374023
2026-05-20T19:21:27.854222+00:00,mlx-community/Qwen3-0.6B-4bit,37,hrm,0.4117647058823529,7,17,2.2184531670027354,1,1,0.25,0.01,0.02,0.01,0.01,1.0,1.0,1.0,average,C,A,False,-2.731403350830078,-3.356403350830078,-5.418903350830078,-4.981403350830078
2026-05-20T19:21:27.854222+00:00,mlx-community/Qwen3-0.6B-4bit,37,hrm,0.4117647058823529,7,17,2.2184531670027354,1,1,0.25,0.01,0.02,0.01,0.01,1.0,1.0,1.0,combinations,B,A,False,-3.3781356811523438,-3.7531356811523438,-5.503135681152344,-4.128135681152344
2026-05-20T19:21:27.854222+00:00,mlx-community/Qwen3-0.6B-4bit,37,hrm,0.4117647058823529,7,17,2.2184531670027354,1,1,0.25,0.01,0.02,0.01,0.01,1.0,1.0,1.0,coins,C,B,False,-3.7436962127685547,-3.6186962127685547,-3.8686962127685547,-4.556196212768555
2026-05-20T19:21:27.854222+00:00,mlx-community/Qwen3-0.6B-4bit,37,hrm,0.4117647058823529,7,17,2.2184531670027354,1,1,0.25,0.01,0.02,0.01,0.01,1.0,1.0,1.0,modular_small,B,B,True,-1.8099422454833984,-1.1849422454833984,-3.8099422454833984,-3.4349422454833984
2026-05-20T19:21:27.854222+00:00,mlx-community/Qwen3-0.6B-4bit,37,hrm,0.4117647058823529,7,17,2.2184531670027354,1,1,0.25,0.01,0.02,0.01,0.01,1.0,1.0,1.0,syllogism,A,B,False,-5.097660064697266,-3.7226600646972656,-5.972660064697266,-4.722660064697266
2026-05-20T19:21:30.071009+00:00,mlx-community/Qwen3-0.6B-4bit,38,hrm,0.4117647058823529,7,17,2.2165835419982614,1,1,0.25,0.01,0.02,0.03,0.03,1.0,1.0,1.0,algebra,B,B,True,-3.9254283905029297,-3.6129283905029297,-5.17542839050293,-6.17542839050293
2026-05-20T19:21:30.071009+00:00,mlx-community/Qwen3-0.6B-4bit,38,hrm,0.4117647058823529,7,17,2.2165835419982614,1,1,0.25,0.01,0.02,0.03,0.03,1.0,1.0,1.0,markup,C,A,False,-2.6133480072021484,-4.550848007202148,-5.800848007202148,-6.238348007202148
2026-05-20T19:21:30.071009+00:00,mlx-community/Qwen3-0.6B-4bit,38,hrm,0.4117647058823529,7,17,2.2165835419982614,1,1,0.25,0.01,0.02,0.03,0.03,1.0,1.0,1.0,boxes,C,D,False,-1.9883384704589844,-2.6133384704589844,-4.488338470458984,-1.9258384704589844
2026-05-20T19:21:30.071009+00:00,mlx-community/Qwen3-0.6B-4bit,38,hrm,0.4117647058823529,7,17,2.2165835419982614,1,1,0.25,0.01,0.02,0.03,0.03,1.0,1.0,1.0,inclusion,B,B,True,-2.127094268798828,-1.2520942687988281,-4.752094268798828,-2.939594268798828
2026-05-20T19:21:30.071009+00:00,mlx-community/Qwen3-0.6B-4bit,38,hrm,0.4117647058823529,7,17,2.2165835419982614,1,1,0.25,0.01,0.02,0.03,0.03,1.0,1.0,1.0,modular,B,B,True,-1.62725830078125,-1.50225830078125,-4.43975830078125,-3.62725830078125
2026-05-20T19:21:30.071009+00:00,mlx-community/Qwen3-0.6B-4bit,38,hrm,0.4117647058823529,7,17,2.2165835419982614,1,1,0.25,0.01,0.02,0.03,0.03,1.0,1.0,1.0,work_rate,A,A,True,-1.1687850952148438,-2.9187850952148438,-6.043785095214844,-4.668785095214844
2026-05-20T19:21:30.071009+00:00,mlx-community/Qwen3-0.6B-4bit,38,hrm,0.4117647058823529,7,17,2.2165835419982614,1,1,0.25,0.01,0.02,0.03,0.03,1.0,1.0,1.0,probability,B,B,True,-2.5800094604492188,-2.1425094604492188,-4.767509460449219,-3.5175094604492188
2026-05-20T19:21:30.071009+00:00,mlx-community/Qwen3-0.6B-4bit,38,hrm,0.4117647058823529,7,17,2.2165835419982614,1,1,0.25,0.01,0.02,0.03,0.03,1.0,1.0,1.0,sequence,C,A,False,-2.8974685668945312,-2.8974685668945312,-3.0849685668945312,-4.709968566894531
2026-05-20T19:21:30.071009+00:00,mlx-community/Qwen3-0.6B-4bit,38,hrm,0.4117647058823529,7,17,2.2165835419982614,1,1,0.25,0.01,0.02,0.03,0.03,1.0,1.0,1.0,linear_word,B,A,False,-2.290925979614258,-3.478425979614258,-6.478425979614258,-4.790925979614258
2026-05-20T19:21:30.071009+00:00,mlx-community/Qwen3-0.6B-4bit,38,hrm,0.4117647058823529,7,17,2.2165835419982614,1,1,0.25,0.01,0.02,0.03,0.03,1.0,1.0,1.0,reverse_discount,C,A,False,-2.7246856689453125,-4.4121856689453125,-6.1621856689453125,-5.5996856689453125
2026-05-20T19:21:30.071009+00:00,mlx-community/Qwen3-0.6B-4bit,38,hrm,0.4117647058823529,7,17,2.2165835419982614,1,1,0.25,0.01,0.02,0.03,0.03,1.0,1.0,1.0,multiples,B,B,True,-1.98907470703125,-1.61407470703125,-4.73907470703125,-2.48907470703125
2026-05-20T19:21:30.071009+00:00,mlx-community/Qwen3-0.6B-4bit,38,hrm,0.4117647058823529,7,17,2.2165835419982614,1,1,0.25,0.01,0.02,0.03,0.03,1.0,1.0,1.0,rectangle,B,A,False,-2.0244674682617188,-3.4619674682617188,-6.649467468261719,-4.711967468261719
2026-05-20T19:21:30.071009+00:00,mlx-community/Qwen3-0.6B-4bit,38,hrm,0.4117647058823529,7,17,2.2165835419982614,1,1,0.25,0.01,0.02,0.03,0.03,1.0,1.0,1.0,average,C,A,False,-2.676046371459961,-3.363546371459961,-5.426046371459961,-4.988546371459961
2026-05-20T19:21:30.071009+00:00,mlx-community/Qwen3-0.6B-4bit,38,hrm,0.4117647058823529,7,17,2.2165835419982614,1,1,0.25,0.01,0.02,0.03,0.03,1.0,1.0,1.0,combinations,B,A,False,-3.396577835083008,-3.771577835083008,-5.584077835083008,-4.209077835083008
2026-05-20T19:21:30.071009+00:00,mlx-community/Qwen3-0.6B-4bit,38,hrm,0.4117647058823529,7,17,2.2165835419982614,1,1,0.25,0.01,0.02,0.03,0.03,1.0,1.0,1.0,coins,C,B,False,-3.8029232025146484,-3.6154232025146484,-3.8654232025146484,-4.552923202514648
2026-05-20T19:21:30.071009+00:00,mlx-community/Qwen3-0.6B-4bit,38,hrm,0.4117647058823529,7,17,2.2165835419982614,1,1,0.25,0.01,0.02,0.03,0.03,1.0,1.0,1.0,modular_small,B,B,True,-1.8122234344482422,-1.1872234344482422,-3.812223434448242,-3.374723434448242
2026-05-20T19:21:30.071009+00:00,mlx-community/Qwen3-0.6B-4bit,38,hrm,0.4117647058823529,7,17,2.2165835419982614,1,1,0.25,0.01,0.02,0.03,0.03,1.0,1.0,1.0,syllogism,A,B,False,-5.089216232299805,-3.7142162322998047,-5.964216232299805,-4.714216232299805
2026-05-20T19:21:32.287824+00:00,mlx-community/Qwen3-0.6B-4bit,39,hrm,0.4117647058823529,7,17,2.2165970409987494,1,1,0.25,0.01,0.05,0.01,0.01,1.0,1.0,1.0,algebra,B,B,True,-3.8604736328125,-3.6104736328125,-5.1104736328125,-6.1729736328125
2026-05-20T19:21:32.287824+00:00,mlx-community/Qwen3-0.6B-4bit,39,hrm,0.4117647058823529,7,17,2.2165970409987494,1,1,0.25,0.01,0.05,0.01,0.01,1.0,1.0,1.0,markup,C,A,False,-2.567136764526367,-4.442136764526367,-5.754636764526367,-6.129636764526367
2026-05-20T19:21:32.287824+00:00,mlx-community/Qwen3-0.6B-4bit,39,hrm,0.4117647058823529,7,17,2.2165970409987494,1,1,0.25,0.01,0.05,0.01,0.01,1.0,1.0,1.0,boxes,C,A,False,-1.9386768341064453,-2.6261768341064453,-4.438676834106445,-1.9386768341064453
2026-05-20T19:21:32.287824+00:00,mlx-community/Qwen3-0.6B-4bit,39,hrm,0.4117647058823529,7,17,2.2165970409987494,1,1,0.25,0.01,0.05,0.01,0.01,1.0,1.0,1.0,inclusion,B,B,True,-2.1271438598632812,-1.2521438598632812,-4.752143859863281,-2.9396438598632812
2026-05-20T19:21:32.287824+00:00,mlx-community/Qwen3-0.6B-4bit,39,hrm,0.4117647058823529,7,17,2.2165970409987494,1,1,0.25,0.01,0.05,0.01,0.01,1.0,1.0,1.0,modular,B,B,True,-1.6237125396728516,-1.4987125396728516,-4.498712539672852,-3.6862125396728516
2026-05-20T19:21:32.287824+00:00,mlx-community/Qwen3-0.6B-4bit,39,hrm,0.4117647058823529,7,17,2.2165970409987494,1,1,0.25,0.01,0.05,0.01,0.01,1.0,1.0,1.0,work_rate,A,A,True,-1.165578842163086,-2.978078842163086,-6.040578842163086,-4.665578842163086
2026-05-20T19:21:32.287824+00:00,mlx-community/Qwen3-0.6B-4bit,39,hrm,0.4117647058823529,7,17,2.2165970409987494,1,1,0.25,0.01,0.05,0.01,0.01,1.0,1.0,1.0,probability,B,B,True,-2.639677047729492,-2.202177047729492,-4.827177047729492,-3.577177047729492
2026-05-20T19:21:32.287824+00:00,mlx-community/Qwen3-0.6B-4bit,39,hrm,0.4117647058823529,7,17,2.2165970409987494,1,1,0.25,0.01,0.05,0.01,0.01,1.0,1.0,1.0,sequence,C,A,False,-2.886920928955078,-2.886920928955078,-3.074420928955078,-4.699420928955078
2026-05-20T19:21:32.287824+00:00,mlx-community/Qwen3-0.6B-4bit,39,hrm,0.4117647058823529,7,17,2.2165970409987494,1,1,0.25,0.01,0.05,0.01,0.01,1.0,1.0,1.0,linear_word,B,A,False,-2.3477039337158203,-3.4727039337158203,-6.47270393371582,-4.78520393371582
2026-05-20T19:21:32.287824+00:00,mlx-community/Qwen3-0.6B-4bit,39,hrm,0.4117647058823529,7,17,2.2165970409987494,1,1,0.25,0.01,0.05,0.01,0.01,1.0,1.0,1.0,reverse_discount,C,A,False,-2.657672882080078,-4.345172882080078,-6.095172882080078,-5.532672882080078
2026-05-20T19:21:32.287824+00:00,mlx-community/Qwen3-0.6B-4bit,39,hrm,0.4117647058823529,7,17,2.2165970409987494,1,1,0.25,0.01,0.05,0.01,0.01,1.0,1.0,1.0,multiples,B,B,True,-1.99090576171875,-1.61590576171875,-4.74090576171875,-2.49090576171875
2026-05-20T19:21:32.287824+00:00,mlx-community/Qwen3-0.6B-4bit,39,hrm,0.4117647058823529,7,17,2.2165970409987494,1,1,0.25,0.01,0.05,0.01,0.01,1.0,1.0,1.0,rectangle,B,A,False,-2.0289039611816406,-3.4039039611816406,-6.653903961181641,-4.716403961181641
2026-05-20T19:21:32.287824+00:00,mlx-community/Qwen3-0.6B-4bit,39,hrm,0.4117647058823529,7,17,2.2165970409987494,1,1,0.25,0.01,0.05,0.01,0.01,1.0,1.0,1.0,average,C,A,False,-2.7330265045166016,-3.3580265045166016,-5.420526504516602,-4.983026504516602
2026-05-20T19:21:32.287824+00:00,mlx-community/Qwen3-0.6B-4bit,39,hrm,0.4117647058823529,7,17,2.2165970409987494,1,1,0.25,0.01,0.05,0.01,0.01,1.0,1.0,1.0,combinations,B,A,False,-3.3606224060058594,-3.7356224060058594,-5.548122406005859,-4.173122406005859
2026-05-20T19:21:32.287824+00:00,mlx-community/Qwen3-0.6B-4bit,39,hrm,0.4117647058823529,7,17,2.2165970409987494,1,1,0.25,0.01,0.05,0.01,0.01,1.0,1.0,1.0,coins,C,B,False,-3.8048229217529297,-3.6173229217529297,-3.8673229217529297,-4.55482292175293
2026-05-20T19:21:32.287824+00:00,mlx-community/Qwen3-0.6B-4bit,39,hrm,0.4117647058823529,7,17,2.2165970409987494,1,1,0.25,0.01,0.05,0.01,0.01,1.0,1.0,1.0,modular_small,B,B,True,-1.7584514617919922,-1.1334514617919922,-3.883451461791992,-3.445951461791992
2026-05-20T19:21:32.287824+00:00,mlx-community/Qwen3-0.6B-4bit,39,hrm,0.4117647058823529,7,17,2.2165970409987494,1,1,0.25,0.01,0.05,0.01,0.01,1.0,1.0,1.0,syllogism,A,B,False,-5.093753814697266,-3.7187538146972656,-5.968753814697266,-4.718753814697266
2026-05-20T19:21:34.598689+00:00,mlx-community/Qwen3-0.6B-4bit,40,hrm,0.35294117647058826,6,17,2.31065316600143,1,1,0.25,0.01,0.05,0.03,0.03,1.0,1.0,1.0,algebra,B,B,True,-3.9196643829345703,-3.6071643829345703,-5.16966438293457,-6.16966438293457
2026-05-20T19:21:34.598689+00:00,mlx-community/Qwen3-0.6B-4bit,40,hrm,0.35294117647058826,6,17,2.31065316600143,1,1,0.25,0.01,0.05,0.03,0.03,1.0,1.0,1.0,markup,C,A,False,-2.619852066040039,-4.494852066040039,-5.807352066040039,-6.244852066040039
2026-05-20T19:21:34.598689+00:00,mlx-community/Qwen3-0.6B-4bit,40,hrm,0.35294117647058826,6,17,2.31065316600143,1,1,0.25,0.01,0.05,0.03,0.03,1.0,1.0,1.0,boxes,C,D,False,-1.9491100311279297,-2.6366100311279297,-4.44911003112793,-1.8866100311279297
2026-05-20T19:21:34.598689+00:00,mlx-community/Qwen3-0.6B-4bit,40,hrm,0.35294117647058826,6,17,2.31065316600143,1,1,0.25,0.01,0.05,0.03,0.03,1.0,1.0,1.0,inclusion,B,B,True,-2.127094268798828,-1.2520942687988281,-4.752094268798828,-2.939594268798828
2026-05-20T19:21:34.598689+00:00,mlx-community/Qwen3-0.6B-4bit,40,hrm,0.35294117647058826,6,17,2.31065316600143,1,1,0.25,0.01,0.05,0.03,0.03,1.0,1.0,1.0,modular,B,A,False,-1.6412067413330078,-1.6412067413330078,-4.516206741333008,-3.703706741333008
2026-05-20T19:21:34.598689+00:00,mlx-community/Qwen3-0.6B-4bit,40,hrm,0.35294117647058826,6,17,2.31065316600143,1,1,0.25,0.01,0.05,0.03,0.03,1.0,1.0,1.0,work_rate,A,A,True,-1.158966064453125,-2.971466064453125,-6.033966064453125,-4.658966064453125
2026-05-20T19:21:34.598689+00:00,mlx-community/Qwen3-0.6B-4bit,40,hrm,0.35294117647058826,6,17,2.31065316600143,1,1,0.25,0.01,0.05,0.03,0.03,1.0,1.0,1.0,probability,B,B,True,-2.6487579345703125,-2.2112579345703125,-4.8362579345703125,-3.5237579345703125
2026-05-20T19:21:34.598689+00:00,mlx-community/Qwen3-0.6B-4bit,40,hrm,0.35294117647058826,6,17,2.31065316600143,1,1,0.25,0.01,0.05,0.03,0.03,1.0,1.0,1.0,sequence,C,B,False,-2.8977489471435547,-2.8352489471435547,-3.0852489471435547,-4.710248947143555
2026-05-20T19:21:34.598689+00:00,mlx-community/Qwen3-0.6B-4bit,40,hrm,0.35294117647058826,6,17,2.31065316600143,1,1,0.25,0.01,0.05,0.03,0.03,1.0,1.0,1.0,linear_word,B,A,False,-2.3463077545166016,-3.4713077545166016,-6.471307754516602,-4.783807754516602
2026-05-20T19:21:34.598689+00:00,mlx-community/Qwen3-0.6B-4bit,40,hrm,0.35294117647058826,6,17,2.31065316600143,1,1,0.25,0.01,0.05,0.03,0.03,1.0,1.0,1.0,reverse_discount,C,A,False,-2.7284069061279297,-4.41590690612793,-6.16590690612793,-5.60340690612793
2026-05-20T19:21:34.598689+00:00,mlx-community/Qwen3-0.6B-4bit,40,hrm,0.35294117647058826,6,17,2.31065316600143,1,1,0.25,0.01,0.05,0.03,0.03,1.0,1.0,1.0,multiples,B,B,True,-1.8849754333496094,-1.6349754333496094,-4.759975433349609,-2.5099754333496094
2026-05-20T19:21:34.598689+00:00,mlx-community/Qwen3-0.6B-4bit,40,hrm,0.35294117647058826,6,17,2.31065316600143,1,1,0.25,0.01,0.05,0.03,0.03,1.0,1.0,1.0,rectangle,B,A,False,-2.0268383026123047,-3.4018383026123047,-6.589338302612305,-4.714338302612305
2026-05-20T19:21:34.598689+00:00,mlx-community/Qwen3-0.6B-4bit,40,hrm,0.35294117647058826,6,17,2.31065316600143,1,1,0.25,0.01,0.05,0.03,0.03,1.0,1.0,1.0,average,C,A,False,-2.730194091796875,-3.355194091796875,-5.417694091796875,-4.980194091796875
2026-05-20T19:21:34.598689+00:00,mlx-community/Qwen3-0.6B-4bit,40,hrm,0.35294117647058826,6,17,2.31065316600143,1,1,0.25,0.01,0.05,0.03,0.03,1.0,1.0,1.0,combinations,B,A,False,-3.3141727447509766,-3.6891727447509766,-5.564172744750977,-4.126672744750977
2026-05-20T19:21:34.598689+00:00,mlx-community/Qwen3-0.6B-4bit,40,hrm,0.35294117647058826,6,17,2.31065316600143,1,1,0.25,0.01,0.05,0.03,0.03,1.0,1.0,1.0,coins,C,B,False,-3.803720474243164,-3.616220474243164,-3.866220474243164,-4.616220474243164
2026-05-20T19:21:34.598689+00:00,mlx-community/Qwen3-0.6B-4bit,40,hrm,0.35294117647058826,6,17,2.31065316600143,1,1,0.25,0.01,0.05,0.03,0.03,1.0,1.0,1.0,modular_small,B,B,True,-1.7095317840576172,-1.2095317840576172,-3.834531784057617,-3.397031784057617
2026-05-20T19:21:34.598689+00:00,mlx-community/Qwen3-0.6B-4bit,40,hrm,0.35294117647058826,6,17,2.31065316600143,1,1,0.25,0.01,0.05,0.03,0.03,1.0,1.0,1.0,syllogism,A,B,False,-5.091012954711914,-3.716012954711914,-5.966012954711914,-4.716012954711914
2026-05-20T19:21:36.857453+00:00,mlx-community/Qwen3-0.6B-4bit,41,hrm,0.4117647058823529,7,17,2.258549458001653,1,1,0.25,0.01,0.08,0.01,0.01,1.0,1.0,1.0,algebra,B,B,True,-3.9161605834960938,-3.6036605834960938,-5.166160583496094,-6.166160583496094
2026-05-20T19:21:36.857453+00:00,mlx-community/Qwen3-0.6B-4bit,41,hrm,0.4117647058823529,7,17,2.258549458001653,1,1,0.25,0.01,0.08,0.01,0.01,1.0,1.0,1.0,markup,C,A,False,-2.615154266357422,-4.552654266357422,-5.802654266357422,-6.240154266357422
2026-05-20T19:21:36.857453+00:00,mlx-community/Qwen3-0.6B-4bit,41,hrm,0.4117647058823529,7,17,2.258549458001653,1,1,0.25,0.01,0.08,0.01,0.01,1.0,1.0,1.0,boxes,C,D,False,-2.012350082397461,-2.574850082397461,-4.449850082397461,-1.887350082397461
2026-05-20T19:21:36.857453+00:00,mlx-community/Qwen3-0.6B-4bit,41,hrm,0.4117647058823529,7,17,2.258549458001653,1,1,0.25,0.01,0.08,0.01,0.01,1.0,1.0,1.0,inclusion,B,B,True,-2.1275482177734375,-1.2525482177734375,-4.7525482177734375,-2.9400482177734375
2026-05-20T19:21:36.857453+00:00,mlx-community/Qwen3-0.6B-4bit,41,hrm,0.4117647058823529,7,17,2.258549458001653,1,1,0.25,0.01,0.08,0.01,0.01,1.0,1.0,1.0,modular,B,B,True,-1.660806655883789,-1.535806655883789,-4.535806655883789,-3.660806655883789
2026-05-20T19:21:36.857453+00:00,mlx-community/Qwen3-0.6B-4bit,41,hrm,0.4117647058823529,7,17,2.258549458001653,1,1,0.25,0.01,0.08,0.01,0.01,1.0,1.0,1.0,work_rate,A,A,True,-1.1696014404296875,-2.9196014404296875,-6.0446014404296875,-4.6696014404296875
2026-05-20T19:21:36.857453+00:00,mlx-community/Qwen3-0.6B-4bit,41,hrm,0.4117647058823529,7,17,2.258549458001653,1,1,0.25,0.01,0.08,0.01,0.01,1.0,1.0,1.0,probability,B,B,True,-2.582050323486328,-2.144550323486328,-4.769550323486328,-3.457050323486328
2026-05-20T19:21:36.857453+00:00,mlx-community/Qwen3-0.6B-4bit,41,hrm,0.4117647058823529,7,17,2.258549458001653,1,1,0.25,0.01,0.08,0.01,0.01,1.0,1.0,1.0,sequence,C,B,False,-2.889598846435547,-2.827098846435547,-3.077098846435547,-4.702098846435547
2026-05-20T19:21:36.857453+00:00,mlx-community/Qwen3-0.6B-4bit,41,hrm,0.4117647058823529,7,17,2.258549458001653,1,1,0.25,0.01,0.08,0.01,0.01,1.0,1.0,1.0,linear_word,B,A,False,-2.3469696044921875,-3.4719696044921875,-6.4719696044921875,-4.7844696044921875
2026-05-20T19:21:36.857453+00:00,mlx-community/Qwen3-0.6B-4bit,41,hrm,0.4117647058823529,7,17,2.258549458001653,1,1,0.25,0.01,0.08,0.01,0.01,1.0,1.0,1.0,reverse_discount,C,A,False,-2.7207069396972656,-4.408206939697266,-6.158206939697266,-5.595706939697266
2026-05-20T19:21:36.857453+00:00,mlx-community/Qwen3-0.6B-4bit,41,hrm,0.4117647058823529,7,17,2.258549458001653,1,1,0.25,0.01,0.08,0.01,0.01,1.0,1.0,1.0,multiples,B,B,True,-1.986572265625,-1.611572265625,-4.736572265625,-2.486572265625
2026-05-20T19:21:36.857453+00:00,mlx-community/Qwen3-0.6B-4bit,41,hrm,0.4117647058823529,7,17,2.258549458001653,1,1,0.25,0.01,0.08,0.01,0.01,1.0,1.0,1.0,rectangle,B,A,False,-2.0245895385742188,-3.4620895385742188,-6.649589538574219,-4.712089538574219
2026-05-20T19:21:36.857453+00:00,mlx-community/Qwen3-0.6B-4bit,41,hrm,0.4117647058823529,7,17,2.258549458001653,1,1,0.25,0.01,0.08,0.01,0.01,1.0,1.0,1.0,average,C,A,False,-2.7595043182373047,-3.3220043182373047,-5.447004318237305,-5.009504318237305
2026-05-20T19:21:36.857453+00:00,mlx-community/Qwen3-0.6B-4bit,41,hrm,0.4117647058823529,7,17,2.258549458001653,1,1,0.25,0.01,0.08,0.01,0.01,1.0,1.0,1.0,combinations,B,A,False,-3.3750572204589844,-3.7500572204589844,-5.562557220458984,-4.125057220458984
2026-05-20T19:21:36.857453+00:00,mlx-community/Qwen3-0.6B-4bit,41,hrm,0.4117647058823529,7,17,2.258549458001653,1,1,0.25,0.01,0.08,0.01,0.01,1.0,1.0,1.0,coins,C,B,False,-3.8040904998779297,-3.6165904998779297,-3.8665904998779297,-4.55409049987793
2026-05-20T19:21:36.857453+00:00,mlx-community/Qwen3-0.6B-4bit,41,hrm,0.4117647058823529,7,17,2.258549458001653,1,1,0.25,0.01,0.08,0.01,0.01,1.0,1.0,1.0,modular_small,B,B,True,-1.7579460144042969,-1.1329460144042969,-3.820446014404297,-3.382946014404297
2026-05-20T19:21:36.857453+00:00,mlx-community/Qwen3-0.6B-4bit,41,hrm,0.4117647058823529,7,17,2.258549458001653,1,1,0.25,0.01,0.08,0.01,0.01,1.0,1.0,1.0,syllogism,A,B,False,-5.091224670410156,-3.7162246704101562,-5.966224670410156,-4.716224670410156
2026-05-20T19:21:39.049120+00:00,mlx-community/Qwen3-0.6B-4bit,42,hrm,0.4117647058823529,7,17,2.191427499998099,1,1,0.25,0.01,0.08,0.03,0.03,1.0,1.0,1.0,algebra,B,B,True,-3.91754150390625,-3.60504150390625,-5.16754150390625,-6.10504150390625
2026-05-20T19:21:39.049120+00:00,mlx-community/Qwen3-0.6B-4bit,42,hrm,0.4117647058823529,7,17,2.191427499998099,1,1,0.25,0.01,0.08,0.03,0.03,1.0,1.0,1.0,markup,C,A,False,-2.617227554321289,-4.554727554321289,-5.867227554321289,-6.242227554321289
2026-05-20T19:21:39.049120+00:00,mlx-community/Qwen3-0.6B-4bit,42,hrm,0.4117647058823529,7,17,2.191427499998099,1,1,0.25,0.01,0.08,0.03,0.03,1.0,1.0,1.0,boxes,C,D,False,-1.993520736694336,-2.618520736694336,-4.431020736694336,-1.931020736694336
2026-05-20T19:21:39.049120+00:00,mlx-community/Qwen3-0.6B-4bit,42,hrm,0.4117647058823529,7,17,2.191427499998099,1,1,0.25,0.01,0.08,0.03,0.03,1.0,1.0,1.0,inclusion,B,B,True,-2.130146026611328,-1.2551460266113281,-4.755146026611328,-2.942646026611328
2026-05-20T19:21:39.049120+00:00,mlx-community/Qwen3-0.6B-4bit,42,hrm,0.4117647058823529,7,17,2.191427499998099,1,1,0.25,0.01,0.08,0.03,0.03,1.0,1.0,1.0,modular,B,B,True,-1.6688613891601562,-1.5438613891601562,-4.481361389160156,-3.6688613891601562
2026-05-20T19:21:39.049120+00:00,mlx-community/Qwen3-0.6B-4bit,42,hrm,0.4117647058823529,7,17,2.191427499998099,1,1,0.25,0.01,0.08,0.03,0.03,1.0,1.0,1.0,work_rate,A,A,True,-1.1684341430664062,-2.9184341430664062,-6.043434143066406,-4.668434143066406
2026-05-20T19:21:39.049120+00:00,mlx-community/Qwen3-0.6B-4bit,42,hrm,0.4117647058823529,7,17,2.191427499998099,1,1,0.25,0.01,0.08,0.03,0.03,1.0,1.0,1.0,probability,B,B,True,-2.5819931030273438,-2.1444931030273438,-4.769493103027344,-3.4569931030273438
2026-05-20T19:21:39.049120+00:00,mlx-community/Qwen3-0.6B-4bit,42,hrm,0.4117647058823529,7,17,2.191427499998099,1,1,0.25,0.01,0.08,0.03,0.03,1.0,1.0,1.0,sequence,C,B,False,-2.889406204223633,-2.826906204223633,-3.076906204223633,-4.701906204223633
2026-05-20T19:21:39.049120+00:00,mlx-community/Qwen3-0.6B-4bit,42,hrm,0.4117647058823529,7,17,2.191427499998099,1,1,0.25,0.01,0.08,0.03,0.03,1.0,1.0,1.0,linear_word,B,A,False,-2.3453502655029297,-3.4703502655029297,-6.47035026550293,-4.78285026550293
2026-05-20T19:21:39.049120+00:00,mlx-community/Qwen3-0.6B-4bit,42,hrm,0.4117647058823529,7,17,2.191427499998099,1,1,0.25,0.01,0.08,0.03,0.03,1.0,1.0,1.0,reverse_discount,C,A,False,-2.7229537963867188,-4.410453796386719,-6.160453796386719,-5.597953796386719
2026-05-20T19:21:39.049120+00:00,mlx-community/Qwen3-0.6B-4bit,42,hrm,0.4117647058823529,7,17,2.191427499998099,1,1,0.25,0.01,0.08,0.03,0.03,1.0,1.0,1.0,multiples,B,B,True,-1.9998321533203125,-1.6248321533203125,-4.7498321533203125,-2.3748321533203125
2026-05-20T19:21:39.049120+00:00,mlx-community/Qwen3-0.6B-4bit,42,hrm,0.4117647058823529,7,17,2.191427499998099,1,1,0.25,0.01,0.08,0.03,0.03,1.0,1.0,1.0,rectangle,B,A,False,-2.023967742919922,-3.461467742919922,-6.648967742919922,-4.711467742919922
2026-05-20T19:21:39.049120+00:00,mlx-community/Qwen3-0.6B-4bit,42,hrm,0.4117647058823529,7,17,2.191427499998099,1,1,0.25,0.01,0.08,0.03,0.03,1.0,1.0,1.0,average,C,A,False,-2.7562732696533203,-3.3812732696533203,-5.50627326965332,-5.00627326965332
2026-05-20T19:21:39.049120+00:00,mlx-community/Qwen3-0.6B-4bit,42,hrm,0.4117647058823529,7,17,2.191427499998099,1,1,0.25,0.01,0.08,0.03,0.03,1.0,1.0,1.0,combinations,B,A,False,-3.3167591094970703,-3.7542591094970703,-5.50425910949707,-4.12925910949707
2026-05-20T19:21:39.049120+00:00,mlx-community/Qwen3-0.6B-4bit,42,hrm,0.4117647058823529,7,17,2.191427499998099,1,1,0.25,0.01,0.08,0.03,0.03,1.0,1.0,1.0,coins,C,B,False,-3.804136276245117,-3.616636276245117,-3.866636276245117,-4.554136276245117
2026-05-20T19:21:39.049120+00:00,mlx-community/Qwen3-0.6B-4bit,42,hrm,0.4117647058823529,7,17,2.191427499998099,1,1,0.25,0.01,0.08,0.03,0.03,1.0,1.0,1.0,modular_small,B,B,True,-1.7651863098144531,-1.1401863098144531,-3.827686309814453,-3.390186309814453
2026-05-20T19:21:39.049120+00:00,mlx-community/Qwen3-0.6B-4bit,42,hrm,0.4117647058823529,7,17,2.191427499998099,1,1,0.25,0.01,0.08,0.03,0.03,1.0,1.0,1.0,syllogism,A,B,False,-5.027225494384766,-3.7147254943847656,-5.964725494384766,-4.714725494384766
2026-05-20T19:21:41.251451+00:00,mlx-community/Qwen3-0.6B-4bit,43,hrm,0.4117647058823529,7,17,2.202137791999121,1,1,0.25,0.03,0.02,0.01,0.01,1.0,1.0,1.0,algebra,B,B,True,-3.9206008911132812,-3.6081008911132812,-5.170600891113281,-6.170600891113281
2026-05-20T19:21:41.251451+00:00,mlx-community/Qwen3-0.6B-4bit,43,hrm,0.4117647058823529,7,17,2.202137791999121,1,1,0.25,0.03,0.02,0.01,0.01,1.0,1.0,1.0,markup,C,A,False,-2.565624237060547,-4.503124237060547,-5.753124237060547,-6.190624237060547
2026-05-20T19:21:41.251451+00:00,mlx-community/Qwen3-0.6B-4bit,43,hrm,0.4117647058823529,7,17,2.202137791999121,1,1,0.25,0.03,0.02,0.01,0.01,1.0,1.0,1.0,boxes,C,A,False,-1.9345245361328125,-2.6220245361328125,-4.4970245361328125,-1.9345245361328125
2026-05-20T19:21:41.251451+00:00,mlx-community/Qwen3-0.6B-4bit,43,hrm,0.4117647058823529,7,17,2.202137791999121,1,1,0.25,0.03,0.02,0.01,0.01,1.0,1.0,1.0,inclusion,B,B,True,-2.126873016357422,-1.2518730163574219,-4.751873016357422,-2.939373016357422
2026-05-20T19:21:41.251451+00:00,mlx-community/Qwen3-0.6B-4bit,43,hrm,0.4117647058823529,7,17,2.202137791999121,1,1,0.25,0.03,0.02,0.01,0.01,1.0,1.0,1.0,modular,B,B,True,-1.6972122192382812,-1.5722122192382812,-4.447212219238281,-3.6347122192382812
2026-05-20T19:21:41.251451+00:00,mlx-community/Qwen3-0.6B-4bit,43,hrm,0.4117647058823529,7,17,2.202137791999121,1,1,0.25,0.03,0.02,0.01,0.01,1.0,1.0,1.0,work_rate,A,A,True,-1.1467094421386719,-2.896709442138672,-6.021709442138672,-4.646709442138672
2026-05-20T19:21:41.251451+00:00,mlx-community/Qwen3-0.6B-4bit,43,hrm,0.4117647058823529,7,17,2.202137791999121,1,1,0.25,0.03,0.02,0.01,0.01,1.0,1.0,1.0,probability,B,B,True,-2.641397476196289,-2.203897476196289,-4.828897476196289,-3.578897476196289
2026-05-20T19:21:41.251451+00:00,mlx-community/Qwen3-0.6B-4bit,43,hrm,0.4117647058823529,7,17,2.202137791999121,1,1,0.25,0.03,0.02,0.01,0.01,1.0,1.0,1.0,sequence,C,B,False,-2.9171390533447266,-2.8546390533447266,-3.1046390533447266,-4.729639053344727
2026-05-20T19:21:41.251451+00:00,mlx-community/Qwen3-0.6B-4bit,43,hrm,0.4117647058823529,7,17,2.202137791999121,1,1,0.25,0.03,0.02,0.01,0.01,1.0,1.0,1.0,linear_word,B,A,False,-2.2935543060302734,-3.4185543060302734,-6.481054306030273,-4.793554306030273
2026-05-20T19:21:41.251451+00:00,mlx-community/Qwen3-0.6B-4bit,43,hrm,0.4117647058823529,7,17,2.202137791999121,1,1,0.25,0.03,0.02,0.01,0.01,1.0,1.0,1.0,reverse_discount,C,A,False,-2.6676158905029297,-4.41761589050293,-6.23011589050293,-5.60511589050293
2026-05-20T19:21:41.251451+00:00,mlx-community/Qwen3-0.6B-4bit,43,hrm,0.4117647058823529,7,17,2.202137791999121,1,1,0.25,0.03,0.02,0.01,0.01,1.0,1.0,1.0,multiples,B,B,True,-1.8831901550292969,-1.6331901550292969,-4.758190155029297,-2.508190155029297
2026-05-20T19:21:41.251451+00:00,mlx-community/Qwen3-0.6B-4bit,43,hrm,0.4117647058823529,7,17,2.202137791999121,1,1,0.25,0.03,0.02,0.01,0.01,1.0,1.0,1.0,rectangle,B,A,False,-2.023845672607422,-3.398845672607422,-6.648845672607422,-4.711345672607422
2026-05-20T19:21:41.251451+00:00,mlx-community/Qwen3-0.6B-4bit,43,hrm,0.4117647058823529,7,17,2.202137791999121,1,1,0.25,0.03,0.02,0.01,0.01,1.0,1.0,1.0,average,C,A,False,-2.7308883666992188,-3.3558883666992188,-5.480888366699219,-4.980888366699219
2026-05-20T19:21:41.251451+00:00,mlx-community/Qwen3-0.6B-4bit,43,hrm,0.4117647058823529,7,17,2.202137791999121,1,1,0.25,0.03,0.02,0.01,0.01,1.0,1.0,1.0,combinations,B,A,False,-3.3193912506103516,-3.7568912506103516,-5.506891250610352,-4.131891250610352
2026-05-20T19:21:41.251451+00:00,mlx-community/Qwen3-0.6B-4bit,43,hrm,0.4117647058823529,7,17,2.202137791999121,1,1,0.25,0.03,0.02,0.01,0.01,1.0,1.0,1.0,coins,C,B,False,-3.655607223510742,-3.530607223510742,-3.780607223510742,-4.468107223510742
2026-05-20T19:21:41.251451+00:00,mlx-community/Qwen3-0.6B-4bit,43,hrm,0.4117647058823529,7,17,2.202137791999121,1,1,0.25,0.03,0.02,0.01,0.01,1.0,1.0,1.0,modular_small,B,B,True,-1.7138862609863281,-1.2138862609863281,-3.838886260986328,-3.401386260986328
2026-05-20T19:21:41.251451+00:00,mlx-community/Qwen3-0.6B-4bit,43,hrm,0.4117647058823529,7,17,2.202137791999121,1,1,0.25,0.03,0.02,0.01,0.01,1.0,1.0,1.0,syllogism,A,B,False,-5.100269317626953,-3.725269317626953,-5.975269317626953,-4.662769317626953
2026-05-20T19:21:43.463151+00:00,mlx-community/Qwen3-0.6B-4bit,44,hrm,0.35294117647058826,6,17,2.211482499998965,1,1,0.25,0.03,0.02,0.03,0.03,1.0,1.0,1.0,algebra,B,B,True,-3.9263057708740234,-3.6138057708740234,-5.176305770874023,-6.176305770874023
2026-05-20T19:21:43.463151+00:00,mlx-community/Qwen3-0.6B-4bit,44,hrm,0.35294117647058826,6,17,2.211482499998965,1,1,0.25,0.03,0.02,0.03,0.03,1.0,1.0,1.0,markup,C,A,False,-2.6144256591796875,-4.5519256591796875,-5.8019256591796875,-6.1769256591796875
2026-05-20T19:21:43.463151+00:00,mlx-community/Qwen3-0.6B-4bit,44,hrm,0.35294117647058826,6,17,2.211482499998965,1,1,0.25,0.03,0.02,0.03,0.03,1.0,1.0,1.0,boxes,C,D,False,-1.9997005462646484,-2.6247005462646484,-4.437200546264648,-1.8747005462646484
2026-05-20T19:21:43.463151+00:00,mlx-community/Qwen3-0.6B-4bit,44,hrm,0.35294117647058826,6,17,2.211482499998965,1,1,0.25,0.03,0.02,0.03,0.03,1.0,1.0,1.0,inclusion,B,B,True,-2.0177955627441406,-1.2677955627441406,-4.767795562744141,-2.9552955627441406
2026-05-20T19:21:43.463151+00:00,mlx-community/Qwen3-0.6B-4bit,44,hrm,0.35294117647058826,6,17,2.211482499998965,1,1,0.25,0.03,0.02,0.03,0.03,1.0,1.0,1.0,modular,B,A,False,-1.6009559631347656,-1.6009559631347656,-4.475955963134766,-3.6634559631347656
2026-05-20T19:21:43.463151+00:00,mlx-community/Qwen3-0.6B-4bit,44,hrm,0.35294117647058826,6,17,2.211482499998965,1,1,0.25,0.03,0.02,0.03,0.03,1.0,1.0,1.0,work_rate,A,A,True,-1.142141342163086,-2.954641342163086,-6.017141342163086,-4.642141342163086
2026-05-20T19:21:43.463151+00:00,mlx-community/Qwen3-0.6B-4bit,44,hrm,0.35294117647058826,6,17,2.211482499998965,1,1,0.25,0.03,0.02,0.03,0.03,1.0,1.0,1.0,probability,B,B,True,-2.5813026428222656,-2.1438026428222656,-4.768802642822266,-3.4563026428222656
2026-05-20T19:21:43.463151+00:00,mlx-community/Qwen3-0.6B-4bit,44,hrm,0.35294117647058826,6,17,2.211482499998965,1,1,0.25,0.03,0.02,0.03,0.03,1.0,1.0,1.0,sequence,C,A,False,-2.853504180908203,-2.916004180908203,-3.103504180908203,-4.728504180908203
2026-05-20T19:21:43.463151+00:00,mlx-community/Qwen3-0.6B-4bit,44,hrm,0.35294117647058826,6,17,2.211482499998965,1,1,0.25,0.03,0.02,0.03,0.03,1.0,1.0,1.0,linear_word,B,A,False,-2.3493824005126953,-3.4118824005126953,-6.474382400512695,-4.786882400512695
2026-05-20T19:21:43.463151+00:00,mlx-community/Qwen3-0.6B-4bit,44,hrm,0.35294117647058826,6,17,2.211482499998965,1,1,0.25,0.03,0.02,0.03,0.03,1.0,1.0,1.0,reverse_discount,C,A,False,-2.7207088470458984,-4.470708847045898,-6.220708847045898,-5.658208847045898
2026-05-20T19:21:43.463151+00:00,mlx-community/Qwen3-0.6B-4bit,44,hrm,0.35294117647058826,6,17,2.211482499998965,1,1,0.25,0.03,0.02,0.03,0.03,1.0,1.0,1.0,multiples,B,B,True,-1.9888591766357422,-1.6138591766357422,-4.738859176635742,-2.488859176635742
2026-05-20T19:21:43.463151+00:00,mlx-community/Qwen3-0.6B-4bit,44,hrm,0.35294117647058826,6,17,2.211482499998965,1,1,0.25,0.03,0.02,0.03,0.03,1.0,1.0,1.0,rectangle,B,A,False,-2.027811050415039,-3.402811050415039,-6.590311050415039,-4.715311050415039
2026-05-20T19:21:43.463151+00:00,mlx-community/Qwen3-0.6B-4bit,44,hrm,0.35294117647058826,6,17,2.211482499998965,1,1,0.25,0.03,0.02,0.03,0.03,1.0,1.0,1.0,average,C,A,False,-2.673542022705078,-3.361042022705078,-5.423542022705078,-4.986042022705078
2026-05-20T19:21:43.463151+00:00,mlx-community/Qwen3-0.6B-4bit,44,hrm,0.35294117647058826,6,17,2.211482499998965,1,1,0.25,0.03,0.02,0.03,0.03,1.0,1.0,1.0,combinations,B,A,False,-3.3182029724121094,-3.6932029724121094,-5.568202972412109,-4.130702972412109
2026-05-20T19:21:43.463151+00:00,mlx-community/Qwen3-0.6B-4bit,44,hrm,0.35294117647058826,6,17,2.211482499998965,1,1,0.25,0.03,0.02,0.03,0.03,1.0,1.0,1.0,coins,C,B,False,-3.742565155029297,-3.617565155029297,-3.867565155029297,-4.555065155029297
2026-05-20T19:21:43.463151+00:00,mlx-community/Qwen3-0.6B-4bit,44,hrm,0.35294117647058826,6,17,2.211482499998965,1,1,0.25,0.03,0.02,0.03,0.03,1.0,1.0,1.0,modular_small,B,B,True,-1.7071094512939453,-1.2071094512939453,-3.8321094512939453,-3.4571094512939453
2026-05-20T19:21:43.463151+00:00,mlx-community/Qwen3-0.6B-4bit,44,hrm,0.35294117647058826,6,17,2.211482499998965,1,1,0.25,0.03,0.02,0.03,0.03,1.0,1.0,1.0,syllogism,A,B,False,-5.110387802124023,-3.7353878021240234,-5.985387802124023,-4.672887802124023
2026-05-20T19:21:45.676199+00:00,mlx-community/Qwen3-0.6B-4bit,45,hrm,0.4117647058823529,7,17,2.2128439170010097,1,1,0.25,0.03,0.05,0.01,0.01,1.0,1.0,1.0,algebra,B,B,True,-3.9172115325927734,-3.6047115325927734,-5.167211532592773,-6.167211532592773
2026-05-20T19:21:45.676199+00:00,mlx-community/Qwen3-0.6B-4bit,45,hrm,0.4117647058823529,7,17,2.2128439170010097,1,1,0.25,0.03,0.05,0.01,0.01,1.0,1.0,1.0,markup,C,A,False,-2.577739715576172,-4.515239715576172,-5.765239715576172,-6.140239715576172
2026-05-20T19:21:45.676199+00:00,mlx-community/Qwen3-0.6B-4bit,45,hrm,0.4117647058823529,7,17,2.2128439170010097,1,1,0.25,0.03,0.05,0.01,0.01,1.0,1.0,1.0,boxes,C,D,False,-1.9943962097167969,-2.619396209716797,-4.431896209716797,-1.9318962097167969
2026-05-20T19:21:45.676199+00:00,mlx-community/Qwen3-0.6B-4bit,45,hrm,0.4117647058823529,7,17,2.2128439170010097,1,1,0.25,0.03,0.05,0.01,0.01,1.0,1.0,1.0,inclusion,B,B,True,-2.1243743896484375,-1.2493743896484375,-4.7493743896484375,-2.9368743896484375
2026-05-20T19:21:45.676199+00:00,mlx-community/Qwen3-0.6B-4bit,45,hrm,0.4117647058823529,7,17,2.2128439170010097,1,1,0.25,0.03,0.05,0.01,0.01,1.0,1.0,1.0,modular,B,B,True,-1.6707019805908203,-1.5457019805908203,-4.48320198059082,-3.6707019805908203
2026-05-20T19:21:45.676199+00:00,mlx-community/Qwen3-0.6B-4bit,45,hrm,0.4117647058823529,7,17,2.2128439170010097,1,1,0.25,0.03,0.05,0.01,0.01,1.0,1.0,1.0,work_rate,A,A,True,-1.1421966552734375,-2.9546966552734375,-6.0171966552734375,-4.6421966552734375
2026-05-20T19:21:45.676199+00:00,mlx-community/Qwen3-0.6B-4bit,45,hrm,0.4117647058823529,7,17,2.2128439170010097,1,1,0.25,0.03,0.05,0.01,0.01,1.0,1.0,1.0,probability,B,B,True,-2.647602081298828,-2.210102081298828,-4.835102081298828,-3.585102081298828
2026-05-20T19:21:45.676199+00:00,mlx-community/Qwen3-0.6B-4bit,45,hrm,0.4117647058823529,7,17,2.2128439170010097,1,1,0.25,0.03,0.05,0.01,0.01,1.0,1.0,1.0,sequence,C,B,False,-2.9214038848876953,-2.8589038848876953,-3.0464038848876953,-4.733903884887695
2026-05-20T19:21:45.676199+00:00,mlx-community/Qwen3-0.6B-4bit,45,hrm,0.4117647058823529,7,17,2.2128439170010097,1,1,0.25,0.03,0.05,0.01,0.01,1.0,1.0,1.0,linear_word,B,A,False,-2.357524871826172,-3.420024871826172,-6.482524871826172,-4.795024871826172
2026-05-20T19:21:45.676199+00:00,mlx-community/Qwen3-0.6B-4bit,45,hrm,0.4117647058823529,7,17,2.2128439170010097,1,1,0.25,0.03,0.05,0.01,0.01,1.0,1.0,1.0,reverse_discount,C,A,False,-2.6681556701660156,-4.418155670166016,-6.168155670166016,-5.543155670166016
2026-05-20T19:21:45.676199+00:00,mlx-community/Qwen3-0.6B-4bit,45,hrm,0.4117647058823529,7,17,2.2128439170010097,1,1,0.25,0.03,0.05,0.01,0.01,1.0,1.0,1.0,multiples,B,B,True,-1.990753173828125,-1.615753173828125,-4.740753173828125,-2.490753173828125
2026-05-20T19:21:45.676199+00:00,mlx-community/Qwen3-0.6B-4bit,45,hrm,0.4117647058823529,7,17,2.2128439170010097,1,1,0.25,0.03,0.05,0.01,0.01,1.0,1.0,1.0,rectangle,B,A,False,-2.0268306732177734,-3.4643306732177734,-6.651830673217773,-4.714330673217773
2026-05-20T19:21:45.676199+00:00,mlx-community/Qwen3-0.6B-4bit,45,hrm,0.4117647058823529,7,17,2.2128439170010097,1,1,0.25,0.03,0.05,0.01,0.01,1.0,1.0,1.0,average,C,A,False,-2.6752681732177734,-3.3627681732177734,-5.425268173217773,-4.987768173217773
2026-05-20T19:21:45.676199+00:00,mlx-community/Qwen3-0.6B-4bit,45,hrm,0.4117647058823529,7,17,2.2128439170010097,1,1,0.25,0.03,0.05,0.01,0.01,1.0,1.0,1.0,combinations,B,A,False,-3.3156776428222656,-3.7531776428222656,-5.565677642822266,-4.190677642822266
2026-05-20T19:21:45.676199+00:00,mlx-community/Qwen3-0.6B-4bit,45,hrm,0.4117647058823529,7,17,2.2128439170010097,1,1,0.25,0.03,0.05,0.01,0.01,1.0,1.0,1.0,coins,C,B,False,-3.804533004760742,-3.617033004760742,-3.867033004760742,-4.554533004760742
2026-05-20T19:21:45.676199+00:00,mlx-community/Qwen3-0.6B-4bit,45,hrm,0.4117647058823529,7,17,2.2128439170010097,1,1,0.25,0.03,0.05,0.01,0.01,1.0,1.0,1.0,modular_small,B,B,True,-1.778207778930664,-1.153207778930664,-3.903207778930664,-3.403207778930664
2026-05-20T19:21:45.676199+00:00,mlx-community/Qwen3-0.6B-4bit,45,hrm,0.4117647058823529,7,17,2.2128439170010097,1,1,0.25,0.03,0.05,0.01,0.01,1.0,1.0,1.0,syllogism,A,B,False,-5.031105041503906,-3.7186050415039062,-5.968605041503906,-4.718605041503906
2026-05-20T19:21:47.901671+00:00,mlx-community/Qwen3-0.6B-4bit,46,hrm,0.4117647058823529,7,17,2.225266166999063,1,1,0.25,0.03,0.05,0.03,0.03,1.0,1.0,1.0,algebra,B,B,True,-3.9182510375976562,-3.6057510375976562,-5.168251037597656,-6.168251037597656
2026-05-20T19:21:47.901671+00:00,mlx-community/Qwen3-0.6B-4bit,46,hrm,0.4117647058823529,7,17,2.225266166999063,1,1,0.25,0.03,0.05,0.03,0.03,1.0,1.0,1.0,markup,C,A,False,-2.5843544006347656,-4.521854400634766,-5.771854400634766,-6.209354400634766
2026-05-20T19:21:47.901671+00:00,mlx-community/Qwen3-0.6B-4bit,46,hrm,0.4117647058823529,7,17,2.225266166999063,1,1,0.25,0.03,0.05,0.03,0.03,1.0,1.0,1.0,boxes,C,D,False,-1.945627212524414,-2.633127212524414,-4.508127212524414,-1.883127212524414
2026-05-20T19:21:47.901671+00:00,mlx-community/Qwen3-0.6B-4bit,46,hrm,0.4117647058823529,7,17,2.225266166999063,1,1,0.25,0.03,0.05,0.03,0.03,1.0,1.0,1.0,inclusion,B,B,True,-2.1272506713867188,-1.2522506713867188,-4.814750671386719,-2.9397506713867188
2026-05-20T19:21:47.901671+00:00,mlx-community/Qwen3-0.6B-4bit,46,hrm,0.4117647058823529,7,17,2.225266166999063,1,1,0.25,0.03,0.05,0.03,0.03,1.0,1.0,1.0,modular,B,B,True,-1.6655120849609375,-1.5405120849609375,-4.4780120849609375,-3.6655120849609375
2026-05-20T19:21:47.901671+00:00,mlx-community/Qwen3-0.6B-4bit,46,hrm,0.4117647058823529,7,17,2.225266166999063,1,1,0.25,0.03,0.05,0.03,0.03,1.0,1.0,1.0,work_rate,A,A,True,-1.1659526824951172,-2.978452682495117,-6.040952682495117,-4.603452682495117
2026-05-20T19:21:47.901671+00:00,mlx-community/Qwen3-0.6B-4bit,46,hrm,0.4117647058823529,7,17,2.225266166999063,1,1,0.25,0.03,0.05,0.03,0.03,1.0,1.0,1.0,probability,B,B,True,-2.5956497192382812,-2.0956497192382812,-4.783149719238281,-3.5331497192382812
2026-05-20T19:21:47.901671+00:00,mlx-community/Qwen3-0.6B-4bit,46,hrm,0.4117647058823529,7,17,2.225266166999063,1,1,0.25,0.03,0.05,0.03,0.03,1.0,1.0,1.0,sequence,C,B,False,-2.9189109802246094,-2.8564109802246094,-3.1064109802246094,-4.731410980224609
2026-05-20T19:21:47.901671+00:00,mlx-community/Qwen3-0.6B-4bit,46,hrm,0.4117647058823529,7,17,2.225266166999063,1,1,0.25,0.03,0.05,0.03,0.03,1.0,1.0,1.0,linear_word,B,A,False,-2.3541297912597656,-3.4791297912597656,-6.479129791259766,-4.791629791259766
2026-05-20T19:21:47.901671+00:00,mlx-community/Qwen3-0.6B-4bit,46,hrm,0.4117647058823529,7,17,2.225266166999063,1,1,0.25,0.03,0.05,0.03,0.03,1.0,1.0,1.0,reverse_discount,C,A,False,-2.7234058380126953,-4.473405838012695,-6.223405838012695,-5.598405838012695
2026-05-20T19:21:47.901671+00:00,mlx-community/Qwen3-0.6B-4bit,46,hrm,0.4117647058823529,7,17,2.225266166999063,1,1,0.25,0.03,0.05,0.03,0.03,1.0,1.0,1.0,multiples,B,B,True,-1.9906005859375,-1.6156005859375,-4.7406005859375,-2.4906005859375
2026-05-20T19:21:47.901671+00:00,mlx-community/Qwen3-0.6B-4bit,46,hrm,0.4117647058823529,7,17,2.225266166999063,1,1,0.25,0.03,0.05,0.03,0.03,1.0,1.0,1.0,rectangle,B,A,False,-2.0258541107177734,-3.4008541107177734,-6.650854110717773,-4.713354110717773
2026-05-20T19:21:47.901671+00:00,mlx-community/Qwen3-0.6B-4bit,46,hrm,0.4117647058823529,7,17,2.225266166999063,1,1,0.25,0.03,0.05,0.03,0.03,1.0,1.0,1.0,average,C,A,False,-2.733095169067383,-3.358095169067383,-5.420595169067383,-4.983095169067383
2026-05-20T19:21:47.901671+00:00,mlx-community/Qwen3-0.6B-4bit,46,hrm,0.4117647058823529,7,17,2.225266166999063,1,1,0.25,0.03,0.05,0.03,0.03,1.0,1.0,1.0,combinations,B,A,False,-3.316152572631836,-3.753652572631836,-5.566152572631836,-4.128652572631836
2026-05-20T19:21:47.901671+00:00,mlx-community/Qwen3-0.6B-4bit,46,hrm,0.4117647058823529,7,17,2.225266166999063,1,1,0.25,0.03,0.05,0.03,0.03,1.0,1.0,1.0,coins,C,B,False,-3.715730667114258,-3.590730667114258,-3.778230667114258,-4.528230667114258
2026-05-20T19:21:47.901671+00:00,mlx-community/Qwen3-0.6B-4bit,46,hrm,0.4117647058823529,7,17,2.225266166999063,1,1,0.25,0.03,0.05,0.03,0.03,1.0,1.0,1.0,modular_small,B,B,True,-1.7704219818115234,-1.1454219818115234,-3.8954219818115234,-3.4579219818115234
2026-05-20T19:21:47.901671+00:00,mlx-community/Qwen3-0.6B-4bit,46,hrm,0.4117647058823529,7,17,2.225266166999063,1,1,0.25,0.03,0.05,0.03,0.03,1.0,1.0,1.0,syllogism,A,B,False,-5.0923919677734375,-3.7173919677734375,-5.9673919677734375,-4.7173919677734375
2026-05-20T19:21:50.126054+00:00,mlx-community/Qwen3-0.6B-4bit,47,hrm,0.4117647058823529,7,17,2.224166290998255,1,1,0.25,0.03,0.08,0.01,0.01,1.0,1.0,1.0,algebra,B,B,True,-3.9176406860351562,-3.6051406860351562,-5.167640686035156,-6.167640686035156
2026-05-20T19:21:50.126054+00:00,mlx-community/Qwen3-0.6B-4bit,47,hrm,0.4117647058823529,7,17,2.224166290998255,1,1,0.25,0.03,0.08,0.01,0.01,1.0,1.0,1.0,markup,C,A,False,-2.619678497314453,-4.557178497314453,-5.807178497314453,-6.244678497314453
2026-05-20T19:21:50.126054+00:00,mlx-community/Qwen3-0.6B-4bit,47,hrm,0.4117647058823529,7,17,2.224166290998255,1,1,0.25,0.03,0.08,0.01,0.01,1.0,1.0,1.0,boxes,C,D,False,-2.006284713745117,-2.631284713745117,-4.443784713745117,-1.8812847137451172
2026-05-20T19:21:50.126054+00:00,mlx-community/Qwen3-0.6B-4bit,47,hrm,0.4117647058823529,7,17,2.224166290998255,1,1,0.25,0.03,0.08,0.01,0.01,1.0,1.0,1.0,inclusion,B,B,True,-2.127429962158203,-1.2524299621582031,-4.752429962158203,-2.939929962158203
2026-05-20T19:21:50.126054+00:00,mlx-community/Qwen3-0.6B-4bit,47,hrm,0.4117647058823529,7,17,2.224166290998255,1,1,0.25,0.03,0.08,0.01,0.01,1.0,1.0,1.0,modular,B,B,True,-1.7141590118408203,-1.5891590118408203,-4.58915901184082,-3.7141590118408203
2026-05-20T19:21:50.126054+00:00,mlx-community/Qwen3-0.6B-4bit,47,hrm,0.4117647058823529,7,17,2.224166290998255,1,1,0.25,0.03,0.08,0.01,0.01,1.0,1.0,1.0,work_rate,A,A,True,-1.1490058898925781,-2.961505889892578,-6.024005889892578,-4.649005889892578
2026-05-20T19:21:50.126054+00:00,mlx-community/Qwen3-0.6B-4bit,47,hrm,0.4117647058823529,7,17,2.224166290998255,1,1,0.25,0.03,0.08,0.01,0.01,1.0,1.0,1.0,probability,B,B,True,-2.5893516540527344,-2.1518516540527344,-4.776851654052734,-3.5268516540527344
2026-05-20T19:21:50.126054+00:00,mlx-community/Qwen3-0.6B-4bit,47,hrm,0.4117647058823529,7,17,2.224166290998255,1,1,0.25,0.03,0.08,0.01,0.01,1.0,1.0,1.0,sequence,C,A,False,-2.857339859008789,-2.857339859008789,-3.107339859008789,-4.732339859008789
2026-05-20T19:21:50.126054+00:00,mlx-community/Qwen3-0.6B-4bit,47,hrm,0.4117647058823529,7,17,2.224166290998255,1,1,0.25,0.03,0.08,0.01,0.01,1.0,1.0,1.0,linear_word,B,A,False,-2.3564281463623047,-3.4814281463623047,-6.481428146362305,-4.793928146362305
2026-05-20T19:21:50.126054+00:00,mlx-community/Qwen3-0.6B-4bit,47,hrm,0.4117647058823529,7,17,2.224166290998255,1,1,0.25,0.03,0.08,0.01,0.01,1.0,1.0,1.0,reverse_discount,C,A,False,-2.7253055572509766,-4.412805557250977,-6.225305557250977,-5.600305557250977
2026-05-20T19:21:50.126054+00:00,mlx-community/Qwen3-0.6B-4bit,47,hrm,0.4117647058823529,7,17,2.224166290998255,1,1,0.25,0.03,0.08,0.01,0.01,1.0,1.0,1.0,multiples,B,B,True,-1.9918689727783203,-1.6168689727783203,-4.74186897277832,-2.4918689727783203
2026-05-20T19:21:50.126054+00:00,mlx-community/Qwen3-0.6B-4bit,47,hrm,0.4117647058823529,7,17,2.224166290998255,1,1,0.25,0.03,0.08,0.01,0.01,1.0,1.0,1.0,rectangle,B,A,False,-2.024484634399414,-3.461984634399414,-6.586984634399414,-4.711984634399414
2026-05-20T19:21:50.126054+00:00,mlx-community/Qwen3-0.6B-4bit,47,hrm,0.4117647058823529,7,17,2.224166290998255,1,1,0.25,0.03,0.08,0.01,0.01,1.0,1.0,1.0,average,C,A,False,-2.7541236877441406,-3.3791236877441406,-5.441623687744141,-5.004123687744141
2026-05-20T19:21:50.126054+00:00,mlx-community/Qwen3-0.6B-4bit,47,hrm,0.4117647058823529,7,17,2.224166290998255,1,1,0.25,0.03,0.08,0.01,0.01,1.0,1.0,1.0,combinations,B,A,False,-3.3200817108154297,-3.7575817108154297,-5.57008171081543,-4.13258171081543
2026-05-20T19:21:50.126054+00:00,mlx-community/Qwen3-0.6B-4bit,47,hrm,0.4117647058823529,7,17,2.224166290998255,1,1,0.25,0.03,0.08,0.01,0.01,1.0,1.0,1.0,coins,C,B,False,-3.8046722412109375,-3.6171722412109375,-3.8671722412109375,-4.5546722412109375
2026-05-20T19:21:50.126054+00:00,mlx-community/Qwen3-0.6B-4bit,47,hrm,0.4117647058823529,7,17,2.224166290998255,1,1,0.25,0.03,0.08,0.01,0.01,1.0,1.0,1.0,modular_small,B,B,True,-1.7613563537597656,-1.1363563537597656,-3.8863563537597656,-3.4488563537597656
2026-05-20T19:21:50.126054+00:00,mlx-community/Qwen3-0.6B-4bit,47,hrm,0.4117647058823529,7,17,2.224166290998255,1,1,0.25,0.03,0.08,0.01,0.01,1.0,1.0,1.0,syllogism,A,B,False,-5.089838027954102,-3.7148380279541016,-5.964838027954102,-4.714838027954102
2026-05-20T19:21:52.342618+00:00,mlx-community/Qwen3-0.6B-4bit,48,hrm,0.4117647058823529,7,17,2.2163579580010264,1,1,0.25,0.03,0.08,0.03,0.03,1.0,1.0,1.0,algebra,B,B,True,-3.9170875549316406,-3.6045875549316406,-5.167087554931641,-6.167087554931641
2026-05-20T19:21:52.342618+00:00,mlx-community/Qwen3-0.6B-4bit,48,hrm,0.4117647058823529,7,17,2.2163579580010264,1,1,0.25,0.03,0.08,0.03,0.03,1.0,1.0,1.0,markup,C,A,False,-2.625782012939453,-4.563282012939453,-5.875782012939453,-6.250782012939453
2026-05-20T19:21:52.342618+00:00,mlx-community/Qwen3-0.6B-4bit,48,hrm,0.4117647058823529,7,17,2.2163579580010264,1,1,0.25,0.03,0.08,0.03,0.03,1.0,1.0,1.0,boxes,C,D,False,-2.008607864379883,-2.633607864379883,-4.446107864379883,-1.8836078643798828
2026-05-20T19:21:52.342618+00:00,mlx-community/Qwen3-0.6B-4bit,48,hrm,0.4117647058823529,7,17,2.2163579580010264,1,1,0.25,0.03,0.08,0.03,0.03,1.0,1.0,1.0,inclusion,B,B,True,-2.131021499633789,-1.256021499633789,-4.756021499633789,-2.881021499633789
2026-05-20T19:21:52.342618+00:00,mlx-community/Qwen3-0.6B-4bit,48,hrm,0.4117647058823529,7,17,2.2163579580010264,1,1,0.25,0.03,0.08,0.03,0.03,1.0,1.0,1.0,modular,B,B,True,-1.7116470336914062,-1.5866470336914062,-4.524147033691406,-3.7116470336914062
2026-05-20T19:21:52.342618+00:00,mlx-community/Qwen3-0.6B-4bit,48,hrm,0.4117647058823529,7,17,2.2163579580010264,1,1,0.25,0.03,0.08,0.03,0.03,1.0,1.0,1.0,work_rate,A,A,True,-1.1659107208251953,-2.9784107208251953,-6.040910720825195,-4.665910720825195
2026-05-20T19:21:52.342618+00:00,mlx-community/Qwen3-0.6B-4bit,48,hrm,0.4117647058823529,7,17,2.2163579580010264,1,1,0.25,0.03,0.08,0.03,0.03,1.0,1.0,1.0,probability,B,B,True,-2.648405075073242,-2.210905075073242,-4.773405075073242,-3.585905075073242
2026-05-20T19:21:52.342618+00:00,mlx-community/Qwen3-0.6B-4bit,48,hrm,0.4117647058823529,7,17,2.2163579580010264,1,1,0.25,0.03,0.08,0.03,0.03,1.0,1.0,1.0,sequence,C,B,False,-2.8912487030029297,-2.8287487030029297,-3.0787487030029297,-4.70374870300293
2026-05-20T19:21:52.342618+00:00,mlx-community/Qwen3-0.6B-4bit,48,hrm,0.4117647058823529,7,17,2.2163579580010264,1,1,0.25,0.03,0.08,0.03,0.03,1.0,1.0,1.0,linear_word,B,A,False,-2.302135467529297,-3.427135467529297,-6.489635467529297,-4.802135467529297
2026-05-20T19:21:52.342618+00:00,mlx-community/Qwen3-0.6B-4bit,48,hrm,0.4117647058823529,7,17,2.2163579580010264,1,1,0.25,0.03,0.08,0.03,0.03,1.0,1.0,1.0,reverse_discount,C,A,False,-2.7244796752929688,-4.411979675292969,-6.224479675292969,-5.599479675292969
2026-05-20T19:21:52.342618+00:00,mlx-community/Qwen3-0.6B-4bit,48,hrm,0.4117647058823529,7,17,2.2163579580010264,1,1,0.25,0.03,0.08,0.03,0.03,1.0,1.0,1.0,multiples,B,B,True,-2.0026702880859375,-1.6276702880859375,-4.7526702880859375,-2.3776702880859375
2026-05-20T19:21:52.342618+00:00,mlx-community/Qwen3-0.6B-4bit,48,hrm,0.4117647058823529,7,17,2.2163579580010264,1,1,0.25,0.03,0.08,0.03,0.03,1.0,1.0,1.0,rectangle,B,A,False,-2.0181922912597656,-3.4556922912597656,-6.580692291259766,-4.705692291259766
2026-05-20T19:21:52.342618+00:00,mlx-community/Qwen3-0.6B-4bit,48,hrm,0.4117647058823529,7,17,2.2163579580010264,1,1,0.25,0.03,0.08,0.03,0.03,1.0,1.0,1.0,average,C,A,False,-2.758451461791992,-3.383451461791992,-5.445951461791992,-5.008451461791992
2026-05-20T19:21:52.342618+00:00,mlx-community/Qwen3-0.6B-4bit,48,hrm,0.4117647058823529,7,17,2.2163579580010264,1,1,0.25,0.03,0.08,0.03,0.03,1.0,1.0,1.0,combinations,B,A,False,-3.321260452270508,-3.696260452270508,-5.508760452270508,-4.071260452270508
2026-05-20T19:21:52.342618+00:00,mlx-community/Qwen3-0.6B-4bit,48,hrm,0.4117647058823529,7,17,2.2163579580010264,1,1,0.25,0.03,0.08,0.03,0.03,1.0,1.0,1.0,coins,C,B,False,-3.742818832397461,-3.617818832397461,-3.867818832397461,-4.555318832397461
2026-05-20T19:21:52.342618+00:00,mlx-community/Qwen3-0.6B-4bit,48,hrm,0.4117647058823529,7,17,2.2163579580010264,1,1,0.25,0.03,0.08,0.03,0.03,1.0,1.0,1.0,modular_small,B,B,True,-1.761770248413086,-1.136770248413086,-3.886770248413086,-3.449270248413086
2026-05-20T19:21:52.342618+00:00,mlx-community/Qwen3-0.6B-4bit,48,hrm,0.4117647058823529,7,17,2.2163579580010264,1,1,0.25,0.03,0.08,0.03,0.03,1.0,1.0,1.0,syllogism,A,B,False,-5.091577529907227,-3.7165775299072266,-5.966577529907227,-4.716577529907227
2026-05-20T19:21:54.556370+00:00,mlx-community/Qwen3-0.6B-4bit,49,hrm,0.4117647058823529,7,17,2.2135311250021914,1,1,0.25,0.05,0.02,0.01,0.01,1.0,1.0,1.0,algebra,B,B,True,-3.864156723022461,-3.614156723022461,-5.176656723022461,-6.176656723022461
2026-05-20T19:21:54.556370+00:00,mlx-community/Qwen3-0.6B-4bit,49,hrm,0.4117647058823529,7,17,2.2135311250021914,1,1,0.25,0.05,0.02,0.01,0.01,1.0,1.0,1.0,markup,C,A,False,-2.5665149688720703,-4.50401496887207,-5.75401496887207,-6.19151496887207
2026-05-20T19:21:54.556370+00:00,mlx-community/Qwen3-0.6B-4bit,49,hrm,0.4117647058823529,7,17,2.2135311250021914,1,1,0.25,0.05,0.02,0.01,0.01,1.0,1.0,1.0,boxes,C,D,False,-1.948629379272461,-2.636129379272461,-4.511129379272461,-1.886129379272461
2026-05-20T19:21:54.556370+00:00,mlx-community/Qwen3-0.6B-4bit,49,hrm,0.4117647058823529,7,17,2.2135311250021914,1,1,0.25,0.05,0.02,0.01,0.01,1.0,1.0,1.0,inclusion,B,B,True,-2.123779296875,-1.248779296875,-4.748779296875,-2.998779296875
2026-05-20T19:21:54.556370+00:00,mlx-community/Qwen3-0.6B-4bit,49,hrm,0.4117647058823529,7,17,2.2135311250021914,1,1,0.25,0.05,0.02,0.01,0.01,1.0,1.0,1.0,modular,B,B,True,-1.6970195770263672,-1.5720195770263672,-4.447019577026367,-3.634519577026367
2026-05-20T19:21:54.556370+00:00,mlx-community/Qwen3-0.6B-4bit,49,hrm,0.4117647058823529,7,17,2.2135311250021914,1,1,0.25,0.05,0.02,0.01,0.01,1.0,1.0,1.0,work_rate,A,A,True,-1.1418113708496094,-2.9543113708496094,-6.016811370849609,-4.641811370849609
2026-05-20T19:21:54.556370+00:00,mlx-community/Qwen3-0.6B-4bit,49,hrm,0.4117647058823529,7,17,2.2135311250021914,1,1,0.25,0.05,0.02,0.01,0.01,1.0,1.0,1.0,probability,B,B,True,-2.580106735229492,-2.142606735229492,-4.767606735229492,-3.517606735229492
2026-05-20T19:21:54.556370+00:00,mlx-community/Qwen3-0.6B-4bit,49,hrm,0.4117647058823529,7,17,2.2135311250021914,1,1,0.25,0.05,0.02,0.01,0.01,1.0,1.0,1.0,sequence,C,A,False,-2.9144744873046875,-2.9144744873046875,-3.1019744873046875,-4.7269744873046875
2026-05-20T19:21:54.556370+00:00,mlx-community/Qwen3-0.6B-4bit,49,hrm,0.4117647058823529,7,17,2.2135311250021914,1,1,0.25,0.05,0.02,0.01,0.01,1.0,1.0,1.0,linear_word,B,A,False,-2.344066619873047,-3.469066619873047,-6.469066619873047,-4.781566619873047
2026-05-20T19:21:54.556370+00:00,mlx-community/Qwen3-0.6B-4bit,49,hrm,0.4117647058823529,7,17,2.2135311250021914,1,1,0.25,0.05,0.02,0.01,0.01,1.0,1.0,1.0,reverse_discount,C,A,False,-2.6582813262939453,-4.408281326293945,-6.158281326293945,-5.533281326293945
2026-05-20T19:21:54.556370+00:00,mlx-community/Qwen3-0.6B-4bit,49,hrm,0.4117647058823529,7,17,2.2135311250021914,1,1,0.25,0.05,0.02,0.01,0.01,1.0,1.0,1.0,multiples,B,B,True,-1.986703872680664,-1.611703872680664,-4.799203872680664,-2.486703872680664
2026-05-20T19:21:54.556370+00:00,mlx-community/Qwen3-0.6B-4bit,49,hrm,0.4117647058823529,7,17,2.2135311250021914,1,1,0.25,0.05,0.02,0.01,0.01,1.0,1.0,1.0,rectangle,B,A,False,-2.0259132385253906,-3.4009132385253906,-6.650913238525391,-4.713413238525391
2026-05-20T19:21:54.556370+00:00,mlx-community/Qwen3-0.6B-4bit,49,hrm,0.4117647058823529,7,17,2.2135311250021914,1,1,0.25,0.05,0.02,0.01,0.01,1.0,1.0,1.0,average,C,A,False,-2.731393814086914,-3.356393814086914,-5.418893814086914,-4.981393814086914
2026-05-20T19:21:54.556370+00:00,mlx-community/Qwen3-0.6B-4bit,49,hrm,0.4117647058823529,7,17,2.2135311250021914,1,1,0.25,0.05,0.02,0.01,0.01,1.0,1.0,1.0,combinations,B,A,False,-3.3742752075195312,-3.7492752075195312,-5.561775207519531,-4.124275207519531
2026-05-20T19:21:54.556370+00:00,mlx-community/Qwen3-0.6B-4bit,49,hrm,0.4117647058823529,7,17,2.2135311250021914,1,1,0.25,0.05,0.02,0.01,0.01,1.0,1.0,1.0,coins,C,B,False,-3.803302764892578,-3.678302764892578,-3.865802764892578,-4.553302764892578
2026-05-20T19:21:54.556370+00:00,mlx-community/Qwen3-0.6B-4bit,49,hrm,0.4117647058823529,7,17,2.2135311250021914,1,1,0.25,0.05,0.02,0.01,0.01,1.0,1.0,1.0,modular_small,B,B,True,-1.8126373291015625,-1.1876373291015625,-3.8126373291015625,-3.3751373291015625
2026-05-20T19:21:54.556370+00:00,mlx-community/Qwen3-0.6B-4bit,49,hrm,0.4117647058823529,7,17,2.2135311250021914,1,1,0.25,0.05,0.02,0.01,0.01,1.0,1.0,1.0,syllogism,A,B,False,-5.091106414794922,-3.716106414794922,-5.966106414794922,-4.653606414794922
2026-05-20T19:21:56.772924+00:00,mlx-community/Qwen3-0.6B-4bit,50,hrm,0.4117647058823529,7,17,2.2163583749970712,1,1,0.25,0.05,0.02,0.03,0.03,1.0,1.0,1.0,algebra,B,B,True,-3.9192848205566406,-3.6067848205566406,-5.169284820556641,-6.169284820556641
2026-05-20T19:21:56.772924+00:00,mlx-community/Qwen3-0.6B-4bit,50,hrm,0.4117647058823529,7,17,2.2163583749970712,1,1,0.25,0.05,0.02,0.03,0.03,1.0,1.0,1.0,markup,C,A,False,-2.614513397216797,-4.552013397216797,-5.802013397216797,-6.239513397216797
2026-05-20T19:21:56.772924+00:00,mlx-community/Qwen3-0.6B-4bit,50,hrm,0.4117647058823529,7,17,2.2163583749970712,1,1,0.25,0.05,0.02,0.03,0.03,1.0,1.0,1.0,boxes,C,D,False,-2.000957489013672,-2.625957489013672,-4.500957489013672,-1.8759574890136719
2026-05-20T19:21:56.772924+00:00,mlx-community/Qwen3-0.6B-4bit,50,hrm,0.4117647058823529,7,17,2.2163583749970712,1,1,0.25,0.05,0.02,0.03,0.03,1.0,1.0,1.0,inclusion,B,B,True,-2.127513885498047,-1.2525138854980469,-4.752513885498047,-2.940013885498047
2026-05-20T19:21:56.772924+00:00,mlx-community/Qwen3-0.6B-4bit,50,hrm,0.4117647058823529,7,17,2.2163583749970712,1,1,0.25,0.05,0.02,0.03,0.03,1.0,1.0,1.0,modular,B,B,True,-1.6982269287109375,-1.5732269287109375,-4.4482269287109375,-3.6357269287109375
2026-05-20T19:21:56.772924+00:00,mlx-community/Qwen3-0.6B-4bit,50,hrm,0.4117647058823529,7,17,2.2163583749970712,1,1,0.25,0.05,0.02,0.03,0.03,1.0,1.0,1.0,work_rate,A,A,True,-1.1416282653808594,-2.9541282653808594,-6.016628265380859,-4.641628265380859
2026-05-20T19:21:56.772924+00:00,mlx-community/Qwen3-0.6B-4bit,50,hrm,0.4117647058823529,7,17,2.2163583749970712,1,1,0.25,0.05,0.02,0.03,0.03,1.0,1.0,1.0,probability,B,B,True,-2.6480026245117188,-2.2105026245117188,-4.835502624511719,-3.5855026245117188
2026-05-20T19:21:56.772924+00:00,mlx-community/Qwen3-0.6B-4bit,50,hrm,0.4117647058823529,7,17,2.2163583749970712,1,1,0.25,0.05,0.02,0.03,0.03,1.0,1.0,1.0,sequence,C,A,False,-2.8568382263183594,-2.9193382263183594,-3.1068382263183594,-4.731838226318359
2026-05-20T19:21:56.772924+00:00,mlx-community/Qwen3-0.6B-4bit,50,hrm,0.4117647058823529,7,17,2.2163583749970712,1,1,0.25,0.05,0.02,0.03,0.03,1.0,1.0,1.0,linear_word,B,A,False,-2.292398452758789,-3.417398452758789,-6.479898452758789,-4.792398452758789
2026-05-20T19:21:56.772924+00:00,mlx-community/Qwen3-0.6B-4bit,50,hrm,0.4117647058823529,7,17,2.2163583749970712,1,1,0.25,0.05,0.02,0.03,0.03,1.0,1.0,1.0,reverse_discount,C,A,False,-2.7273292541503906,-4.414829254150391,-6.164829254150391,-5.602329254150391
2026-05-20T19:21:56.772924+00:00,mlx-community/Qwen3-0.6B-4bit,50,hrm,0.4117647058823529,7,17,2.2163583749970712,1,1,0.25,0.05,0.02,0.03,0.03,1.0,1.0,1.0,multiples,B,B,True,-1.9914207458496094,-1.6164207458496094,-4.803920745849609,-2.4914207458496094
2026-05-20T19:21:56.772924+00:00,mlx-community/Qwen3-0.6B-4bit,50,hrm,0.4117647058823529,7,17,2.2163583749970712,1,1,0.25,0.05,0.02,0.03,0.03,1.0,1.0,1.0,rectangle,B,A,False,-2.0291595458984375,-3.4041595458984375,-6.6541595458984375,-4.6541595458984375
2026-05-20T19:21:56.772924+00:00,mlx-community/Qwen3-0.6B-4bit,50,hrm,0.4117647058823529,7,17,2.2163583749970712,1,1,0.25,0.05,0.02,0.03,0.03,1.0,1.0,1.0,average,C,A,False,-2.7360477447509766,-3.3610477447509766,-5.423547744750977,-4.986047744750977
2026-05-20T19:21:56.772924+00:00,mlx-community/Qwen3-0.6B-4bit,50,hrm,0.4117647058823529,7,17,2.2163583749970712,1,1,0.25,0.05,0.02,0.03,0.03,1.0,1.0,1.0,combinations,B,A,False,-3.376659393310547,-3.751659393310547,-5.501659393310547,-4.126659393310547
2026-05-20T19:21:56.772924+00:00,mlx-community/Qwen3-0.6B-4bit,50,hrm,0.4117647058823529,7,17,2.2163583749970712,1,1,0.25,0.05,0.02,0.03,0.03,1.0,1.0,1.0,coins,C,B,False,-3.7431869506835938,-3.6181869506835938,-3.8681869506835938,-4.555686950683594
2026-05-20T19:21:56.772924+00:00,mlx-community/Qwen3-0.6B-4bit,50,hrm,0.4117647058823529,7,17,2.2163583749970712,1,1,0.25,0.05,0.02,0.03,0.03,1.0,1.0,1.0,modular_small,B,B,True,-1.8130874633789062,-1.1880874633789062,-3.8130874633789062,-3.3755874633789062
2026-05-20T19:21:56.772924+00:00,mlx-community/Qwen3-0.6B-4bit,50,hrm,0.4117647058823529,7,17,2.2163583749970712,1,1,0.25,0.05,0.02,0.03,0.03,1.0,1.0,1.0,syllogism,A,B,False,-5.098840713500977,-3.7238407135009766,-5.973840713500977,-4.661340713500977
2026-05-20T19:21:58.989983+00:00,mlx-community/Qwen3-0.6B-4bit,51,hrm,0.4117647058823529,7,17,2.2168478339990543,1,1,0.25,0.05,0.05,0.01,0.01,1.0,1.0,1.0,algebra,B,B,True,-3.920452117919922,-3.607952117919922,-5.170452117919922,-6.170452117919922
2026-05-20T19:21:58.989983+00:00,mlx-community/Qwen3-0.6B-4bit,51,hrm,0.4117647058823529,7,17,2.2168478339990543,1,1,0.25,0.05,0.05,0.01,0.01,1.0,1.0,1.0,markup,C,A,False,-2.614818572998047,-4.552318572998047,-5.802318572998047,-6.239818572998047
2026-05-20T19:21:58.989983+00:00,mlx-community/Qwen3-0.6B-4bit,51,hrm,0.4117647058823529,7,17,2.2168478339990543,1,1,0.25,0.05,0.05,0.01,0.01,1.0,1.0,1.0,boxes,C,D,False,-1.9921741485595703,-2.6171741485595703,-4.42967414855957,-1.9296741485595703
2026-05-20T19:21:58.989983+00:00,mlx-community/Qwen3-0.6B-4bit,51,hrm,0.4117647058823529,7,17,2.2168478339990543,1,1,0.25,0.05,0.05,0.01,0.01,1.0,1.0,1.0,inclusion,B,B,True,-2.1314754486083984,-1.2564754486083984,-4.756475448608398,-2.8814754486083984
2026-05-20T19:21:58.989983+00:00,mlx-community/Qwen3-0.6B-4bit,51,hrm,0.4117647058823529,7,17,2.2168478339990543,1,1,0.25,0.05,0.05,0.01,0.01,1.0,1.0,1.0,modular,B,B,True,-1.6652507781982422,-1.5402507781982422,-4.540250778198242,-3.727750778198242
2026-05-20T19:21:58.989983+00:00,mlx-community/Qwen3-0.6B-4bit,51,hrm,0.4117647058823529,7,17,2.2168478339990543,1,1,0.25,0.05,0.05,0.01,0.01,1.0,1.0,1.0,work_rate,A,A,True,-1.1663036346435547,-2.9788036346435547,-6.041303634643555,-4.603803634643555
2026-05-20T19:21:58.989983+00:00,mlx-community/Qwen3-0.6B-4bit,51,hrm,0.4117647058823529,7,17,2.2168478339990543,1,1,0.25,0.05,0.05,0.01,0.01,1.0,1.0,1.0,probability,B,B,True,-2.5887069702148438,-2.1512069702148438,-4.776206970214844,-3.5262069702148438
2026-05-20T19:21:58.989983+00:00,mlx-community/Qwen3-0.6B-4bit,51,hrm,0.4117647058823529,7,17,2.2168478339990543,1,1,0.25,0.05,0.05,0.01,0.01,1.0,1.0,1.0,sequence,C,B,False,-2.9200286865234375,-2.8575286865234375,-3.1075286865234375,-4.7325286865234375
2026-05-20T19:21:58.989983+00:00,mlx-community/Qwen3-0.6B-4bit,51,hrm,0.4117647058823529,7,17,2.2168478339990543,1,1,0.25,0.05,0.05,0.01,0.01,1.0,1.0,1.0,linear_word,B,A,False,-2.3478927612304688,-3.4103927612304688,-6.472892761230469,-4.785392761230469
2026-05-20T19:21:58.989983+00:00,mlx-community/Qwen3-0.6B-4bit,51,hrm,0.4117647058823529,7,17,2.2168478339990543,1,1,0.25,0.05,0.05,0.01,0.01,1.0,1.0,1.0,reverse_discount,C,A,False,-2.734201431274414,-4.421701431274414,-6.234201431274414,-5.609201431274414
2026-05-20T19:21:58.989983+00:00,mlx-community/Qwen3-0.6B-4bit,51,hrm,0.4117647058823529,7,17,2.2168478339990543,1,1,0.25,0.05,0.05,0.01,0.01,1.0,1.0,1.0,multiples,B,B,True,-1.9914817810058594,-1.6164817810058594,-4.741481781005859,-2.4914817810058594
2026-05-20T19:21:58.989983+00:00,mlx-community/Qwen3-0.6B-4bit,51,hrm,0.4117647058823529,7,17,2.2168478339990543,1,1,0.25,0.05,0.05,0.01,0.01,1.0,1.0,1.0,rectangle,B,A,False,-2.0218429565429688,-3.3968429565429688,-6.646842956542969,-4.709342956542969
2026-05-20T19:21:58.989983+00:00,mlx-community/Qwen3-0.6B-4bit,51,hrm,0.4117647058823529,7,17,2.2168478339990543,1,1,0.25,0.05,0.05,0.01,0.01,1.0,1.0,1.0,average,C,A,False,-2.7003726959228516,-3.3878726959228516,-5.450372695922852,-5.012872695922852
2026-05-20T19:21:58.989983+00:00,mlx-community/Qwen3-0.6B-4bit,51,hrm,0.4117647058823529,7,17,2.2168478339990543,1,1,0.25,0.05,0.05,0.01,0.01,1.0,1.0,1.0,combinations,B,A,False,-3.3746166229248047,-3.7496166229248047,-5.499616622924805,-4.124616622924805
2026-05-20T19:21:58.989983+00:00,mlx-community/Qwen3-0.6B-4bit,51,hrm,0.4117647058823529,7,17,2.2168478339990543,1,1,0.25,0.05,0.05,0.01,0.01,1.0,1.0,1.0,coins,C,B,False,-3.7158279418945312,-3.5908279418945312,-3.7783279418945312,-4.465827941894531
2026-05-20T19:21:58.989983+00:00,mlx-community/Qwen3-0.6B-4bit,51,hrm,0.4117647058823529,7,17,2.2168478339990543,1,1,0.25,0.05,0.05,0.01,0.01,1.0,1.0,1.0,modular_small,B,B,True,-1.7744312286376953,-1.1494312286376953,-3.8994312286376953,-3.4619312286376953
2026-05-20T19:21:58.989983+00:00,mlx-community/Qwen3-0.6B-4bit,51,hrm,0.4117647058823529,7,17,2.2168478339990543,1,1,0.25,0.05,0.05,0.01,0.01,1.0,1.0,1.0,syllogism,A,B,False,-5.103960037231445,-3.7289600372314453,-5.978960037231445,-4.728960037231445
2026-05-20T19:22:01.196370+00:00,mlx-community/Qwen3-0.6B-4bit,52,hrm,0.35294117647058826,6,17,2.2061829999984184,1,1,0.25,0.05,0.05,0.03,0.03,1.0,1.0,1.0,algebra,B,B,True,-3.923055648803711,-3.610555648803711,-5.173055648803711,-6.173055648803711
2026-05-20T19:22:01.196370+00:00,mlx-community/Qwen3-0.6B-4bit,52,hrm,0.35294117647058826,6,17,2.2061829999984184,1,1,0.25,0.05,0.05,0.03,0.03,1.0,1.0,1.0,markup,C,A,False,-2.614675521850586,-4.552175521850586,-5.802175521850586,-6.177175521850586
2026-05-20T19:22:01.196370+00:00,mlx-community/Qwen3-0.6B-4bit,52,hrm,0.35294117647058826,6,17,2.2061829999984184,1,1,0.25,0.05,0.05,0.03,0.03,1.0,1.0,1.0,boxes,C,D,False,-1.9492034912109375,-2.6367034912109375,-4.4492034912109375,-1.8867034912109375
2026-05-20T19:22:01.196370+00:00,mlx-community/Qwen3-0.6B-4bit,52,hrm,0.35294117647058826,6,17,2.2061829999984184,1,1,0.25,0.05,0.05,0.03,0.03,1.0,1.0,1.0,inclusion,B,B,True,-2.121835708618164,-1.246835708618164,-4.746835708618164,-2.934335708618164
2026-05-20T19:22:01.196370+00:00,mlx-community/Qwen3-0.6B-4bit,52,hrm,0.35294117647058826,6,17,2.2061829999984184,1,1,0.25,0.05,0.05,0.03,0.03,1.0,1.0,1.0,modular,B,A,False,-1.6387176513671875,-1.6387176513671875,-4.5137176513671875,-3.6387176513671875
2026-05-20T19:22:01.196370+00:00,mlx-community/Qwen3-0.6B-4bit,52,hrm,0.35294117647058826,6,17,2.2061829999984184,1,1,0.25,0.05,0.05,0.03,0.03,1.0,1.0,1.0,work_rate,A,A,True,-1.1650943756103516,-2.9775943756103516,-6.040094375610352,-4.665094375610352
2026-05-20T19:22:01.196370+00:00,mlx-community/Qwen3-0.6B-4bit,52,hrm,0.35294117647058826,6,17,2.2061829999984184,1,1,0.25,0.05,0.05,0.03,0.03,1.0,1.0,1.0,probability,B,B,True,-2.648508071899414,-2.211008071899414,-4.836008071899414,-3.586008071899414
2026-05-20T19:22:01.196370+00:00,mlx-community/Qwen3-0.6B-4bit,52,hrm,0.35294117647058826,6,17,2.2061829999984184,1,1,0.25,0.05,0.05,0.03,0.03,1.0,1.0,1.0,sequence,C,B,False,-2.9178810119628906,-2.8553810119628906,-3.1053810119628906,-4.730381011962891
2026-05-20T19:22:01.196370+00:00,mlx-community/Qwen3-0.6B-4bit,52,hrm,0.35294117647058826,6,17,2.2061829999984184,1,1,0.25,0.05,0.05,0.03,0.03,1.0,1.0,1.0,linear_word,B,A,False,-2.356058120727539,-3.481058120727539,-6.481058120727539,-4.793558120727539
2026-05-20T19:22:01.196370+00:00,mlx-community/Qwen3-0.6B-4bit,52,hrm,0.35294117647058826,6,17,2.2061829999984184,1,1,0.25,0.05,0.05,0.03,0.03,1.0,1.0,1.0,reverse_discount,C,A,False,-2.7316055297851562,-4.481605529785156,-6.169105529785156,-5.606605529785156
2026-05-20T19:22:01.196370+00:00,mlx-community/Qwen3-0.6B-4bit,52,hrm,0.35294117647058826,6,17,2.2061829999984184,1,1,0.25,0.05,0.05,0.03,0.03,1.0,1.0,1.0,multiples,B,B,True,-2.003223419189453,-1.6282234191894531,-4.753223419189453,-2.378223419189453
2026-05-20T19:22:01.196370+00:00,mlx-community/Qwen3-0.6B-4bit,52,hrm,0.35294117647058826,6,17,2.2061829999984184,1,1,0.25,0.05,0.05,0.03,0.03,1.0,1.0,1.0,rectangle,B,A,False,-2.0229873657226562,-3.4604873657226562,-6.647987365722656,-4.710487365722656
2026-05-20T19:22:01.196370+00:00,mlx-community/Qwen3-0.6B-4bit,52,hrm,0.35294117647058826,6,17,2.2061829999984184,1,1,0.25,0.05,0.05,0.03,0.03,1.0,1.0,1.0,average,C,A,False,-2.7589149475097656,-3.3839149475097656,-5.446414947509766,-5.008914947509766
2026-05-20T19:22:01.196370+00:00,mlx-community/Qwen3-0.6B-4bit,52,hrm,0.35294117647058826,6,17,2.2061829999984184,1,1,0.25,0.05,0.05,0.03,0.03,1.0,1.0,1.0,combinations,B,A,False,-3.318635940551758,-3.693635940551758,-5.568635940551758,-4.131135940551758
2026-05-20T19:22:01.196370+00:00,mlx-community/Qwen3-0.6B-4bit,52,hrm,0.35294117647058826,6,17,2.2061829999984184,1,1,0.25,0.05,0.05,0.03,0.03,1.0,1.0,1.0,coins,C,B,False,-3.804159164428711,-3.616659164428711,-3.866659164428711,-4.554159164428711
2026-05-20T19:22:01.196370+00:00,mlx-community/Qwen3-0.6B-4bit,52,hrm,0.35294117647058826,6,17,2.2061829999984184,1,1,0.25,0.05,0.05,0.03,0.03,1.0,1.0,1.0,modular_small,B,B,True,-1.6929206848144531,-1.1929206848144531,-3.817920684814453,-3.380420684814453
2026-05-20T19:22:01.196370+00:00,mlx-community/Qwen3-0.6B-4bit,52,hrm,0.35294117647058826,6,17,2.2061829999984184,1,1,0.25,0.05,0.05,0.03,0.03,1.0,1.0,1.0,syllogism,A,B,False,-5.090904235839844,-3.7159042358398438,-5.965904235839844,-4.715904235839844
2026-05-20T19:22:03.410023+00:00,mlx-community/Qwen3-0.6B-4bit,53,hrm,0.35294117647058826,6,17,2.2134418339992408,1,1,0.25,0.05,0.08,0.01,0.01,1.0,1.0,1.0,algebra,B,B,True,-3.9253482818603516,-3.5503482818603516,-5.175348281860352,-6.175348281860352
2026-05-20T19:22:03.410023+00:00,mlx-community/Qwen3-0.6B-4bit,53,hrm,0.35294117647058826,6,17,2.2134418339992408,1,1,0.25,0.05,0.08,0.01,0.01,1.0,1.0,1.0,markup,C,A,False,-2.638063430786133,-4.575563430786133,-5.825563430786133,-6.325563430786133
2026-05-20T19:22:03.410023+00:00,mlx-community/Qwen3-0.6B-4bit,53,hrm,0.35294117647058826,6,17,2.2134418339992408,1,1,0.25,0.05,0.08,0.01,0.01,1.0,1.0,1.0,boxes,C,A,False,-1.9420299530029297,-2.6295299530029297,-4.44202995300293,-1.9420299530029297
2026-05-20T19:22:03.410023+00:00,mlx-community/Qwen3-0.6B-4bit,53,hrm,0.35294117647058826,6,17,2.2134418339992408,1,1,0.25,0.05,0.08,0.01,0.01,1.0,1.0,1.0,inclusion,B,B,True,-2.1273059844970703,-1.2523059844970703,-4.75230598449707,-2.9398059844970703
2026-05-20T19:22:03.410023+00:00,mlx-community/Qwen3-0.6B-4bit,53,hrm,0.35294117647058826,6,17,2.2134418339992408,1,1,0.25,0.05,0.08,0.01,0.01,1.0,1.0,1.0,modular,B,A,False,-1.6417217254638672,-1.6417217254638672,-4.516721725463867,-3.704221725463867
2026-05-20T19:22:03.410023+00:00,mlx-community/Qwen3-0.6B-4bit,53,hrm,0.35294117647058826,6,17,2.2134418339992408,1,1,0.25,0.05,0.08,0.01,0.01,1.0,1.0,1.0,work_rate,A,A,True,-1.1729869842529297,-2.9854869842529297,-6.04798698425293,-4.67298698425293
2026-05-20T19:22:03.410023+00:00,mlx-community/Qwen3-0.6B-4bit,53,hrm,0.35294117647058826,6,17,2.2134418339992408,1,1,0.25,0.05,0.08,0.01,0.01,1.0,1.0,1.0,probability,B,B,True,-2.5890045166015625,-2.1515045166015625,-4.7765045166015625,-3.5265045166015625
2026-05-20T19:22:03.410023+00:00,mlx-community/Qwen3-0.6B-4bit,53,hrm,0.35294117647058826,6,17,2.2134418339992408,1,1,0.25,0.05,0.08,0.01,0.01,1.0,1.0,1.0,sequence,C,A,False,-2.8615970611572266,-2.8615970611572266,-3.0490970611572266,-4.736597061157227
2026-05-20T19:22:03.410023+00:00,mlx-community/Qwen3-0.6B-4bit,53,hrm,0.35294117647058826,6,17,2.2134418339992408,1,1,0.25,0.05,0.08,0.01,0.01,1.0,1.0,1.0,linear_word,B,A,False,-2.3525657653808594,-3.4150657653808594,-6.477565765380859,-4.790065765380859
2026-05-20T19:22:03.410023+00:00,mlx-community/Qwen3-0.6B-4bit,53,hrm,0.35294117647058826,6,17,2.2134418339992408,1,1,0.25,0.05,0.08,0.01,0.01,1.0,1.0,1.0,reverse_discount,C,A,False,-2.7294082641601562,-4.479408264160156,-6.229408264160156,-5.604408264160156
2026-05-20T19:22:03.410023+00:00,mlx-community/Qwen3-0.6B-4bit,53,hrm,0.35294117647058826,6,17,2.2134418339992408,1,1,0.25,0.05,0.08,0.01,0.01,1.0,1.0,1.0,multiples,B,B,True,-2.0032081604003906,-1.6282081604003906,-4.753208160400391,-2.3782081604003906
2026-05-20T19:22:03.410023+00:00,mlx-community/Qwen3-0.6B-4bit,53,hrm,0.35294117647058826,6,17,2.2134418339992408,1,1,0.25,0.05,0.08,0.01,0.01,1.0,1.0,1.0,rectangle,B,A,False,-2.021526336669922,-3.459026336669922,-6.646526336669922,-4.709026336669922
2026-05-20T19:22:03.410023+00:00,mlx-community/Qwen3-0.6B-4bit,53,hrm,0.35294117647058826,6,17,2.2134418339992408,1,1,0.25,0.05,0.08,0.01,0.01,1.0,1.0,1.0,average,C,A,False,-2.7342891693115234,-3.3592891693115234,-5.421789169311523,-4.984289169311523
2026-05-20T19:22:03.410023+00:00,mlx-community/Qwen3-0.6B-4bit,53,hrm,0.35294117647058826,6,17,2.2134418339992408,1,1,0.25,0.05,0.08,0.01,0.01,1.0,1.0,1.0,combinations,B,A,False,-3.3171958923339844,-3.6921958923339844,-5.504695892333984,-4.129695892333984
2026-05-20T19:22:03.410023+00:00,mlx-community/Qwen3-0.6B-4bit,53,hrm,0.35294117647058826,6,17,2.2134418339992408,1,1,0.25,0.05,0.08,0.01,0.01,1.0,1.0,1.0,coins,C,B,False,-3.7161731719970703,-3.5911731719970703,-3.7786731719970703,-4.46617317199707
2026-05-20T19:22:03.410023+00:00,mlx-community/Qwen3-0.6B-4bit,53,hrm,0.35294117647058826,6,17,2.2134418339992408,1,1,0.25,0.05,0.08,0.01,0.01,1.0,1.0,1.0,modular_small,B,B,True,-1.7752933502197266,-1.1502933502197266,-3.9002933502197266,-3.4627933502197266
2026-05-20T19:22:03.410023+00:00,mlx-community/Qwen3-0.6B-4bit,53,hrm,0.35294117647058826,6,17,2.2134418339992408,1,1,0.25,0.05,0.08,0.01,0.01,1.0,1.0,1.0,syllogism,A,B,False,-5.031320571899414,-3.718820571899414,-5.968820571899414,-4.656320571899414
2026-05-20T19:22:05.619383+00:00,mlx-community/Qwen3-0.6B-4bit,54,hrm,0.35294117647058826,6,17,2.2091520840003795,1,1,0.25,0.05,0.08,0.03,0.03,1.0,1.0,1.0,algebra,B,B,True,-3.9277381896972656,-3.6152381896972656,-5.177738189697266,-6.177738189697266
2026-05-20T19:22:05.619383+00:00,mlx-community/Qwen3-0.6B-4bit,54,hrm,0.35294117647058826,6,17,2.2091520840003795,1,1,0.25,0.05,0.08,0.03,0.03,1.0,1.0,1.0,markup,C,A,False,-2.5776195526123047,-4.515119552612305,-5.827619552612305,-6.202619552612305
2026-05-20T19:22:05.619383+00:00,mlx-community/Qwen3-0.6B-4bit,54,hrm,0.35294117647058826,6,17,2.2091520840003795,1,1,0.25,0.05,0.08,0.03,0.03,1.0,1.0,1.0,boxes,C,D,False,-1.9520263671875,-2.6395263671875,-4.4520263671875,-1.8895263671875
2026-05-20T19:22:05.619383+00:00,mlx-community/Qwen3-0.6B-4bit,54,hrm,0.35294117647058826,6,17,2.2091520840003795,1,1,0.25,0.05,0.08,0.03,0.03,1.0,1.0,1.0,inclusion,B,B,True,-2.131010055541992,-1.2560100555419922,-4.756010055541992,-2.881010055541992
2026-05-20T19:22:05.619383+00:00,mlx-community/Qwen3-0.6B-4bit,54,hrm,0.35294117647058826,6,17,2.2091520840003795,1,1,0.25,0.05,0.08,0.03,0.03,1.0,1.0,1.0,modular,B,A,False,-1.6435432434082031,-1.6435432434082031,-4.518543243408203,-3.643543243408203
2026-05-20T19:22:05.619383+00:00,mlx-community/Qwen3-0.6B-4bit,54,hrm,0.35294117647058826,6,17,2.2091520840003795,1,1,0.25,0.05,0.08,0.03,0.03,1.0,1.0,1.0,work_rate,A,A,True,-1.1661396026611328,-2.978639602661133,-6.041139602661133,-4.666139602661133
2026-05-20T19:22:05.619383+00:00,mlx-community/Qwen3-0.6B-4bit,54,hrm,0.35294117647058826,6,17,2.2091520840003795,1,1,0.25,0.05,0.08,0.03,0.03,1.0,1.0,1.0,probability,B,B,True,-2.6560134887695312,-2.1560134887695312,-4.843513488769531,-3.5935134887695312
2026-05-20T19:22:05.619383+00:00,mlx-community/Qwen3-0.6B-4bit,54,hrm,0.35294117647058826,6,17,2.2091520840003795,1,1,0.25,0.05,0.08,0.03,0.03,1.0,1.0,1.0,sequence,C,A,False,-2.862588882446289,-2.862588882446289,-3.050088882446289,-4.737588882446289
2026-05-20T19:22:05.619383+00:00,mlx-community/Qwen3-0.6B-4bit,54,hrm,0.35294117647058826,6,17,2.2091520840003795,1,1,0.25,0.05,0.08,0.03,0.03,1.0,1.0,1.0,linear_word,B,A,False,-2.351064682006836,-3.413564682006836,-6.476064682006836,-4.788564682006836
2026-05-20T19:22:05.619383+00:00,mlx-community/Qwen3-0.6B-4bit,54,hrm,0.35294117647058826,6,17,2.2091520840003795,1,1,0.25,0.05,0.08,0.03,0.03,1.0,1.0,1.0,reverse_discount,C,A,False,-2.653676986694336,-4.403676986694336,-6.153676986694336,-5.591176986694336
2026-05-20T19:22:05.619383+00:00,mlx-community/Qwen3-0.6B-4bit,54,hrm,0.35294117647058826,6,17,2.2091520840003795,1,1,0.25,0.05,0.08,0.03,0.03,1.0,1.0,1.0,multiples,B,B,True,-2.002605438232422,-1.6276054382324219,-4.752605438232422,-2.377605438232422
2026-05-20T19:22:05.619383+00:00,mlx-community/Qwen3-0.6B-4bit,54,hrm,0.35294117647058826,6,17,2.2091520840003795,1,1,0.25,0.05,0.08,0.03,0.03,1.0,1.0,1.0,rectangle,B,A,False,-2.0234947204589844,-3.4609947204589844,-6.585994720458984,-4.710994720458984
2026-05-20T19:22:05.619383+00:00,mlx-community/Qwen3-0.6B-4bit,54,hrm,0.35294117647058826,6,17,2.2091520840003795,1,1,0.25,0.05,0.08,0.03,0.03,1.0,1.0,1.0,average,C,A,False,-2.7324867248535156,-3.3574867248535156,-5.419986724853516,-4.982486724853516
2026-05-20T19:22:05.619383+00:00,mlx-community/Qwen3-0.6B-4bit,54,hrm,0.35294117647058826,6,17,2.2091520840003795,1,1,0.25,0.05,0.08,0.03,0.03,1.0,1.0,1.0,combinations,B,A,False,-3.3206119537353516,-3.6956119537353516,-5.508111953735352,-4.070611953735352
2026-05-20T19:22:05.619383+00:00,mlx-community/Qwen3-0.6B-4bit,54,hrm,0.35294117647058826,6,17,2.2091520840003795,1,1,0.25,0.05,0.08,0.03,0.03,1.0,1.0,1.0,coins,C,B,False,-3.802694320678711,-3.677694320678711,-3.865194320678711,-4.552694320678711
2026-05-20T19:22:05.619383+00:00,mlx-community/Qwen3-0.6B-4bit,54,hrm,0.35294117647058826,6,17,2.2091520840003795,1,1,0.25,0.05,0.08,0.03,0.03,1.0,1.0,1.0,modular_small,B,B,True,-1.7755012512207031,-1.1505012512207031,-3.900501251220703,-3.463001251220703
2026-05-20T19:22:05.619383+00:00,mlx-community/Qwen3-0.6B-4bit,54,hrm,0.35294117647058826,6,17,2.2091520840003795,1,1,0.25,0.05,0.08,0.03,0.03,1.0,1.0,1.0,syllogism,A,B,False,-5.089815139770508,-3.714815139770508,-5.964815139770508,-4.652315139770508
2026-05-20T19:22:07.845120+00:00,mlx-community/Qwen3-0.6B-4bit,55,hrm,0.35294117647058826,6,17,2.225526833000913,1,1,0.35,0.01,0.02,0.01,0.01,1.0,1.0,1.0,algebra,B,B,True,-4.448253631591797,-3.823253631591797,-5.385753631591797,-6.635753631591797
2026-05-20T19:22:07.845120+00:00,mlx-community/Qwen3-0.6B-4bit,55,hrm,0.35294117647058826,6,17,2.225526833000913,1,1,0.35,0.01,0.02,0.01,0.01,1.0,1.0,1.0,markup,C,A,False,-3.137460708618164,-4.387460708618164,-6.012460708618164,-6.637460708618164
2026-05-20T19:22:07.845120+00:00,mlx-community/Qwen3-0.6B-4bit,55,hrm,0.35294117647058826,6,17,2.225526833000913,1,1,0.35,0.01,0.02,0.01,0.01,1.0,1.0,1.0,boxes,C,A,False,-2.4681034088134766,-2.7181034088134766,-5.218103408813477,-2.6556034088134766
2026-05-20T19:22:07.845120+00:00,mlx-community/Qwen3-0.6B-4bit,55,hrm,0.35294117647058826,6,17,2.225526833000913,1,1,0.35,0.01,0.02,0.01,0.01,1.0,1.0,1.0,inclusion,B,B,True,-2.278341293334961,-1.653341293334961,-4.903341293334961,-3.340841293334961
2026-05-20T19:22:07.845120+00:00,mlx-community/Qwen3-0.6B-4bit,55,hrm,0.35294117647058826,6,17,2.225526833000913,1,1,0.35,0.01,0.02,0.01,0.01,1.0,1.0,1.0,modular,B,A,False,-1.757619857788086,-1.757619857788086,-4.382619857788086,-3.882619857788086
2026-05-20T19:22:07.845120+00:00,mlx-community/Qwen3-0.6B-4bit,55,hrm,0.35294117647058826,6,17,2.225526833000913,1,1,0.35,0.01,0.02,0.01,0.01,1.0,1.0,1.0,work_rate,A,A,True,-1.659759521484375,-3.347259521484375,-6.784759521484375,-5.034759521484375
2026-05-20T19:22:07.845120+00:00,mlx-community/Qwen3-0.6B-4bit,55,hrm,0.35294117647058826,6,17,2.225526833000913,1,1,0.35,0.01,0.02,0.01,0.01,1.0,1.0,1.0,probability,B,B,True,-3.2068538665771484,-2.4568538665771484,-5.331853866577148,-4.144353866577148
2026-05-20T19:22:07.845120+00:00,mlx-community/Qwen3-0.6B-4bit,55,hrm,0.35294117647058826,6,17,2.225526833000913,1,1,0.35,0.01,0.02,0.01,0.01,1.0,1.0,1.0,sequence,C,B,False,-3.8186988830566406,-3.3186988830566406,-3.6311988830566406,-5.506198883056641
2026-05-20T19:22:07.845120+00:00,mlx-community/Qwen3-0.6B-4bit,55,hrm,0.35294117647058826,6,17,2.225526833000913,1,1,0.35,0.01,0.02,0.01,0.01,1.0,1.0,1.0,linear_word,B,A,False,-3.0058536529541016,-3.7558536529541016,-7.255853652954102,-5.380853652954102
2026-05-20T19:22:07.845120+00:00,mlx-community/Qwen3-0.6B-4bit,55,hrm,0.35294117647058826,6,17,2.225526833000913,1,1,0.35,0.01,0.02,0.01,0.01,1.0,1.0,1.0,reverse_discount,C,A,False,-2.9170570373535156,-4.417057037353516,-6.604557037353516,-6.167057037353516
2026-05-20T19:22:07.845120+00:00,mlx-community/Qwen3-0.6B-4bit,55,hrm,0.35294117647058826,6,17,2.225526833000913,1,1,0.35,0.01,0.02,0.01,0.01,1.0,1.0,1.0,multiples,B,B,True,-2.0502853393554688,-1.9252853393554688,-5.175285339355469,-2.7377853393554688
2026-05-20T19:22:07.845120+00:00,mlx-community/Qwen3-0.6B-4bit,55,hrm,0.35294117647058826,6,17,2.225526833000913,1,1,0.35,0.01,0.02,0.01,0.01,1.0,1.0,1.0,rectangle,B,A,False,-2.334064483642578,-3.646564483642578,-7.084064483642578,-5.021564483642578
2026-05-20T19:22:07.845120+00:00,mlx-community/Qwen3-0.6B-4bit,55,hrm,0.35294117647058826,6,17,2.225526833000913,1,1,0.35,0.01,0.02,0.01,0.01,1.0,1.0,1.0,average,C,A,False,-2.9938411712646484,-3.6813411712646484,-6.181341171264648,-5.868841171264648
2026-05-20T19:22:07.845120+00:00,mlx-community/Qwen3-0.6B-4bit,55,hrm,0.35294117647058826,6,17,2.225526833000913,1,1,0.35,0.01,0.02,0.01,0.01,1.0,1.0,1.0,combinations,B,A,False,-3.743593215942383,-4.243593215942383,-6.181093215942383,-4.556093215942383
2026-05-20T19:22:07.845120+00:00,mlx-community/Qwen3-0.6B-4bit,55,hrm,0.35294117647058826,6,17,2.225526833000913,1,1,0.35,0.01,0.02,0.01,0.01,1.0,1.0,1.0,coins,C,B,False,-4.539897918701172,-4.352397918701172,-4.602397918701172,-4.977397918701172
2026-05-20T19:22:07.845120+00:00,mlx-community/Qwen3-0.6B-4bit,55,hrm,0.35294117647058826,6,17,2.225526833000913,1,1,0.35,0.01,0.02,0.01,0.01,1.0,1.0,1.0,modular_small,B,B,True,-1.8239860534667969,-1.3239860534667969,-3.823986053466797,-3.698986053466797
2026-05-20T19:22:07.845120+00:00,mlx-community/Qwen3-0.6B-4bit,55,hrm,0.35294117647058826,6,17,2.225526833000913,1,1,0.35,0.01,0.02,0.01,0.01,1.0,1.0,1.0,syllogism,A,B,False,-5.910297393798828,-4.222797393798828,-6.785297393798828,-5.847797393798828
2026-05-20T19:22:10.178164+00:00,mlx-community/Qwen3-0.6B-4bit,56,hrm,0.35294117647058826,6,17,2.3328343339999265,1,1,0.35,0.01,0.02,0.03,0.03,1.0,1.0,1.0,algebra,B,B,True,-4.45088005065918,-3.8258800506591797,-5.38838005065918,-6.57588005065918
2026-05-20T19:22:10.178164+00:00,mlx-community/Qwen3-0.6B-4bit,56,hrm,0.35294117647058826,6,17,2.3328343339999265,1,1,0.35,0.01,0.02,0.03,0.03,1.0,1.0,1.0,markup,C,A,False,-3.172321319580078,-4.422321319580078,-5.984821319580078,-6.609821319580078
2026-05-20T19:22:10.178164+00:00,mlx-community/Qwen3-0.6B-4bit,56,hrm,0.35294117647058826,6,17,2.3328343339999265,1,1,0.35,0.01,0.02,0.03,0.03,1.0,1.0,1.0,boxes,C,A,False,-2.511477470397949,-2.761477470397949,-5.261477470397949,-2.698977470397949
2026-05-20T19:22:10.178164+00:00,mlx-community/Qwen3-0.6B-4bit,56,hrm,0.35294117647058826,6,17,2.3328343339999265,1,1,0.35,0.01,0.02,0.03,0.03,1.0,1.0,1.0,inclusion,B,B,True,-2.2430686950683594,-1.6180686950683594,-4.868068695068359,-3.3680686950683594
2026-05-20T19:22:10.178164+00:00,mlx-community/Qwen3-0.6B-4bit,56,hrm,0.35294117647058826,6,17,2.3328343339999265,1,1,0.35,0.01,0.02,0.03,0.03,1.0,1.0,1.0,modular,B,A,False,-1.7591972351074219,-1.7591972351074219,-4.384197235107422,-3.884197235107422
2026-05-20T19:22:10.178164+00:00,mlx-community/Qwen3-0.6B-4bit,56,hrm,0.35294117647058826,6,17,2.3328343339999265,1,1,0.35,0.01,0.02,0.03,0.03,1.0,1.0,1.0,work_rate,A,A,True,-1.663106918334961,-3.288106918334961,-6.788106918334961,-4.975606918334961
2026-05-20T19:22:10.178164+00:00,mlx-community/Qwen3-0.6B-4bit,56,hrm,0.35294117647058826,6,17,2.3328343339999265,1,1,0.35,0.01,0.02,0.03,0.03,1.0,1.0,1.0,probability,B,B,True,-3.276266098022461,-2.401266098022461,-5.276266098022461,-4.151266098022461
2026-05-20T19:22:10.178164+00:00,mlx-community/Qwen3-0.6B-4bit,56,hrm,0.35294117647058826,6,17,2.3328343339999265,1,1,0.35,0.01,0.02,0.03,0.03,1.0,1.0,1.0,sequence,C,B,False,-3.817183494567871,-3.379683494567871,-3.629683494567871,-5.567183494567871
2026-05-20T19:22:10.178164+00:00,mlx-community/Qwen3-0.6B-4bit,56,hrm,0.35294117647058826,6,17,2.3328343339999265,1,1,0.35,0.01,0.02,0.03,0.03,1.0,1.0,1.0,linear_word,B,A,False,-3.031719207763672,-3.781719207763672,-7.281719207763672,-5.344219207763672
2026-05-20T19:22:10.178164+00:00,mlx-community/Qwen3-0.6B-4bit,56,hrm,0.35294117647058826,6,17,2.3328343339999265,1,1,0.35,0.01,0.02,0.03,0.03,1.0,1.0,1.0,reverse_discount,C,A,False,-2.8046302795410156,-4.367130279541016,-6.554630279541016,-6.117130279541016
2026-05-20T19:22:10.178164+00:00,mlx-community/Qwen3-0.6B-4bit,56,hrm,0.35294117647058826,6,17,2.3328343339999265,1,1,0.35,0.01,0.02,0.03,0.03,1.0,1.0,1.0,multiples,B,B,True,-2.028087615966797,-1.9030876159667969,-5.215587615966797,-2.778087615966797
2026-05-20T19:22:10.178164+00:00,mlx-community/Qwen3-0.6B-4bit,56,hrm,0.35294117647058826,6,17,2.3328343339999265,1,1,0.35,0.01,0.02,0.03,0.03,1.0,1.0,1.0,rectangle,B,A,False,-2.330362319946289,-3.705362319946289,-7.080362319946289,-4.955362319946289
2026-05-20T19:22:10.178164+00:00,mlx-community/Qwen3-0.6B-4bit,56,hrm,0.35294117647058826,6,17,2.3328343339999265,1,1,0.35,0.01,0.02,0.03,0.03,1.0,1.0,1.0,average,C,A,False,-2.9373779296875,-3.6873779296875,-6.1873779296875,-5.8748779296875
2026-05-20T19:22:10.178164+00:00,mlx-community/Qwen3-0.6B-4bit,56,hrm,0.35294117647058826,6,17,2.3328343339999265,1,1,0.35,0.01,0.02,0.03,0.03,1.0,1.0,1.0,combinations,B,A,False,-3.7244300842285156,-4.286930084228516,-6.224430084228516,-4.599430084228516
2026-05-20T19:22:10.178164+00:00,mlx-community/Qwen3-0.6B-4bit,56,hrm,0.35294117647058826,6,17,2.3328343339999265,1,1,0.35,0.01,0.02,0.03,0.03,1.0,1.0,1.0,coins,C,B,False,-4.599538803100586,-4.287038803100586,-4.599538803100586,-4.974538803100586
2026-05-20T19:22:10.178164+00:00,mlx-community/Qwen3-0.6B-4bit,56,hrm,0.35294117647058826,6,17,2.3328343339999265,1,1,0.35,0.01,0.02,0.03,0.03,1.0,1.0,1.0,modular_small,B,B,True,-1.8093109130859375,-1.3718109130859375,-3.8093109130859375,-3.6218109130859375
2026-05-20T19:22:10.178164+00:00,mlx-community/Qwen3-0.6B-4bit,56,hrm,0.35294117647058826,6,17,2.3328343339999265,1,1,0.35,0.01,0.02,0.03,0.03,1.0,1.0,1.0,syllogism,A,B,False,-5.901546478271484,-4.276546478271484,-6.776546478271484,-5.839046478271484
2026-05-20T19:22:12.611454+00:00,mlx-community/Qwen3-0.6B-4bit,57,hrm,0.35294117647058826,6,17,2.433075416000065,1,1,0.35,0.01,0.05,0.01,0.01,1.0,1.0,1.0,algebra,B,B,True,-4.387828826904297,-3.762828826904297,-5.387828826904297,-6.637828826904297
2026-05-20T19:22:12.611454+00:00,mlx-community/Qwen3-0.6B-4bit,57,hrm,0.35294117647058826,6,17,2.433075416000065,1,1,0.35,0.01,0.05,0.01,0.01,1.0,1.0,1.0,markup,C,A,False,-3.1294193267822266,-4.379419326782227,-6.004419326782227,-6.629419326782227
2026-05-20T19:22:12.611454+00:00,mlx-community/Qwen3-0.6B-4bit,57,hrm,0.35294117647058826,6,17,2.433075416000065,1,1,0.35,0.01,0.05,0.01,0.01,1.0,1.0,1.0,boxes,C,A,False,-2.517428398132324,-2.704928398132324,-5.267428398132324,-2.704928398132324
2026-05-20T19:22:12.611454+00:00,mlx-community/Qwen3-0.6B-4bit,57,hrm,0.35294117647058826,6,17,2.433075416000065,1,1,0.35,0.01,0.05,0.01,0.01,1.0,1.0,1.0,inclusion,B,B,True,-2.2946701049804688,-1.6071701049804688,-4.857170104980469,-3.3571701049804688
2026-05-20T19:22:12.611454+00:00,mlx-community/Qwen3-0.6B-4bit,57,hrm,0.35294117647058826,6,17,2.433075416000065,1,1,0.35,0.01,0.05,0.01,0.01,1.0,1.0,1.0,modular,B,A,False,-1.7351398468017578,-1.7351398468017578,-4.485139846801758,-3.922639846801758
2026-05-20T19:22:12.611454+00:00,mlx-community/Qwen3-0.6B-4bit,57,hrm,0.35294117647058826,6,17,2.433075416000065,1,1,0.35,0.01,0.05,0.01,0.01,1.0,1.0,1.0,work_rate,A,A,True,-1.6547355651855469,-3.279735565185547,-6.779735565185547,-4.967235565185547
2026-05-20T19:22:12.611454+00:00,mlx-community/Qwen3-0.6B-4bit,57,hrm,0.35294117647058826,6,17,2.433075416000065,1,1,0.35,0.01,0.05,0.01,0.01,1.0,1.0,1.0,probability,B,B,True,-3.3259048461914062,-2.4509048461914062,-5.325904846191406,-4.138404846191406
2026-05-20T19:22:12.611454+00:00,mlx-community/Qwen3-0.6B-4bit,57,hrm,0.35294117647058826,6,17,2.433075416000065,1,1,0.35,0.01,0.05,0.01,0.01,1.0,1.0,1.0,sequence,C,B,False,-3.8125267028808594,-3.3750267028808594,-3.6250267028808594,-5.500026702880859
2026-05-20T19:22:12.611454+00:00,mlx-community/Qwen3-0.6B-4bit,57,hrm,0.35294117647058826,6,17,2.433075416000065,1,1,0.35,0.01,0.05,0.01,0.01,1.0,1.0,1.0,linear_word,B,A,False,-3.0082969665527344,-3.7582969665527344,-7.258296966552734,-5.320796966552734
2026-05-20T19:22:12.611454+00:00,mlx-community/Qwen3-0.6B-4bit,57,hrm,0.35294117647058826,6,17,2.433075416000065,1,1,0.35,0.01,0.05,0.01,0.01,1.0,1.0,1.0,reverse_discount,C,A,False,-2.8660011291503906,-4.366001129150391,-6.491001129150391,-6.178501129150391
2026-05-20T19:22:12.611454+00:00,mlx-community/Qwen3-0.6B-4bit,57,hrm,0.35294117647058826,6,17,2.433075416000065,1,1,0.35,0.01,0.05,0.01,0.01,1.0,1.0,1.0,multiples,B,B,True,-2.029684066772461,-1.904684066772461,-5.217184066772461,-2.779684066772461
2026-05-20T19:22:12.611454+00:00,mlx-community/Qwen3-0.6B-4bit,57,hrm,0.35294117647058826,6,17,2.433075416000065,1,1,0.35,0.01,0.05,0.01,0.01,1.0,1.0,1.0,rectangle,B,A,False,-2.347932815551758,-3.722932815551758,-7.097932815551758,-5.035432815551758
2026-05-20T19:22:12.611454+00:00,mlx-community/Qwen3-0.6B-4bit,57,hrm,0.35294117647058826,6,17,2.433075416000065,1,1,0.35,0.01,0.05,0.01,0.01,1.0,1.0,1.0,average,C,A,False,-2.9946556091308594,-3.6821556091308594,-6.182155609130859,-5.869655609130859
2026-05-20T19:22:12.611454+00:00,mlx-community/Qwen3-0.6B-4bit,57,hrm,0.35294117647058826,6,17,2.433075416000065,1,1,0.35,0.01,0.05,0.01,0.01,1.0,1.0,1.0,combinations,B,A,False,-3.690988540649414,-4.253488540649414,-6.190988540649414,-4.565988540649414
2026-05-20T19:22:12.611454+00:00,mlx-community/Qwen3-0.6B-4bit,57,hrm,0.35294117647058826,6,17,2.433075416000065,1,1,0.35,0.01,0.05,0.01,0.01,1.0,1.0,1.0,coins,C,B,False,-4.605136871337891,-4.292636871337891,-4.605136871337891,-4.980136871337891
2026-05-20T19:22:12.611454+00:00,mlx-community/Qwen3-0.6B-4bit,57,hrm,0.35294117647058826,6,17,2.433075416000065,1,1,0.35,0.01,0.05,0.01,0.01,1.0,1.0,1.0,modular_small,B,B,True,-1.7602710723876953,-1.3227710723876953,-3.8852710723876953,-3.6977710723876953
2026-05-20T19:22:12.611454+00:00,mlx-community/Qwen3-0.6B-4bit,57,hrm,0.35294117647058826,6,17,2.433075416000065,1,1,0.35,0.01,0.05,0.01,0.01,1.0,1.0,1.0,syllogism,A,B,False,-5.910466194152832,-4.285466194152832,-6.785466194152832,-5.847966194152832
2026-05-20T19:22:14.890019+00:00,mlx-community/Qwen3-0.6B-4bit,58,hrm,0.35294117647058826,6,17,2.278360000000248,1,1,0.35,0.01,0.05,0.03,0.03,1.0,1.0,1.0,algebra,B,B,True,-4.445606231689453,-3.820606231689453,-5.383106231689453,-6.633106231689453
2026-05-20T19:22:14.890019+00:00,mlx-community/Qwen3-0.6B-4bit,58,hrm,0.35294117647058826,6,17,2.278360000000248,1,1,0.35,0.01,0.05,0.03,0.03,1.0,1.0,1.0,markup,C,A,False,-3.1473941802978516,-4.397394180297852,-6.022394180297852,-6.647394180297852
2026-05-20T19:22:14.890019+00:00,mlx-community/Qwen3-0.6B-4bit,58,hrm,0.35294117647058826,6,17,2.278360000000248,1,1,0.35,0.01,0.05,0.03,0.03,1.0,1.0,1.0,boxes,C,A,False,-2.5217018127441406,-2.7092018127441406,-5.209201812744141,-2.6467018127441406
2026-05-20T19:22:14.890019+00:00,mlx-community/Qwen3-0.6B-4bit,58,hrm,0.35294117647058826,6,17,2.278360000000248,1,1,0.35,0.01,0.05,0.03,0.03,1.0,1.0,1.0,inclusion,B,B,True,-2.296079635620117,-1.6085796356201172,-4.921079635620117,-3.358579635620117
2026-05-20T19:22:14.890019+00:00,mlx-community/Qwen3-0.6B-4bit,58,hrm,0.35294117647058826,6,17,2.278360000000248,1,1,0.35,0.01,0.05,0.03,0.03,1.0,1.0,1.0,modular,B,A,False,-1.7466144561767578,-1.8091144561767578,-4.496614456176758,-3.934114456176758
2026-05-20T19:22:14.890019+00:00,mlx-community/Qwen3-0.6B-4bit,58,hrm,0.35294117647058826,6,17,2.278360000000248,1,1,0.35,0.01,0.05,0.03,0.03,1.0,1.0,1.0,work_rate,A,A,True,-1.6490325927734375,-3.3365325927734375,-6.7740325927734375,-5.0240325927734375
2026-05-20T19:22:14.890019+00:00,mlx-community/Qwen3-0.6B-4bit,58,hrm,0.35294117647058826,6,17,2.278360000000248,1,1,0.35,0.01,0.05,0.03,0.03,1.0,1.0,1.0,probability,B,B,True,-3.2706146240234375,-2.4581146240234375,-5.3331146240234375,-4.0831146240234375
2026-05-20T19:22:14.890019+00:00,mlx-community/Qwen3-0.6B-4bit,58,hrm,0.35294117647058826,6,17,2.278360000000248,1,1,0.35,0.01,0.05,0.03,0.03,1.0,1.0,1.0,sequence,C,B,False,-3.80380916595459,-3.30380916595459,-3.55380916595459,-5.49130916595459
2026-05-20T19:22:14.890019+00:00,mlx-community/Qwen3-0.6B-4bit,58,hrm,0.35294117647058826,6,17,2.278360000000248,1,1,0.35,0.01,0.05,0.03,0.03,1.0,1.0,1.0,linear_word,B,A,False,-3.0071182250976562,-3.7571182250976562,-7.257118225097656,-5.319618225097656
2026-05-20T19:22:14.890019+00:00,mlx-community/Qwen3-0.6B-4bit,58,hrm,0.35294117647058826,6,17,2.278360000000248,1,1,0.35,0.01,0.05,0.03,0.03,1.0,1.0,1.0,reverse_discount,C,A,False,-2.867382049560547,-4.304882049560547,-6.554882049560547,-6.117382049560547
2026-05-20T19:22:14.890019+00:00,mlx-community/Qwen3-0.6B-4bit,58,hrm,0.35294117647058826,6,17,2.278360000000248,1,1,0.35,0.01,0.05,0.03,0.03,1.0,1.0,1.0,multiples,B,B,True,-2.0332984924316406,-1.9082984924316406,-5.220798492431641,-2.7832984924316406
2026-05-20T19:22:14.890019+00:00,mlx-community/Qwen3-0.6B-4bit,58,hrm,0.35294117647058826,6,17,2.278360000000248,1,1,0.35,0.01,0.05,0.03,0.03,1.0,1.0,1.0,rectangle,B,A,False,-2.3118228912353516,-3.6243228912353516,-6.999322891235352,-4.999322891235352
2026-05-20T19:22:14.890019+00:00,mlx-community/Qwen3-0.6B-4bit,58,hrm,0.35294117647058826,6,17,2.278360000000248,1,1,0.35,0.01,0.05,0.03,0.03,1.0,1.0,1.0,average,C,A,False,-2.9745025634765625,-3.6620025634765625,-6.1620025634765625,-5.8495025634765625
2026-05-20T19:22:14.890019+00:00,mlx-community/Qwen3-0.6B-4bit,58,hrm,0.35294117647058826,6,17,2.278360000000248,1,1,0.35,0.01,0.05,0.03,0.03,1.0,1.0,1.0,combinations,B,A,False,-3.702890396118164,-4.202890396118164,-6.202890396118164,-4.515390396118164
2026-05-20T19:22:14.890019+00:00,mlx-community/Qwen3-0.6B-4bit,58,hrm,0.35294117647058826,6,17,2.278360000000248,1,1,0.35,0.01,0.05,0.03,0.03,1.0,1.0,1.0,coins,C,B,False,-4.559885025024414,-4.309885025024414,-4.559885025024414,-4.997385025024414
2026-05-20T19:22:14.890019+00:00,mlx-community/Qwen3-0.6B-4bit,58,hrm,0.35294117647058826,6,17,2.278360000000248,1,1,0.35,0.01,0.05,0.03,0.03,1.0,1.0,1.0,modular_small,B,B,True,-1.7476463317871094,-1.3101463317871094,-3.8726463317871094,-3.6851463317871094
2026-05-20T19:22:14.890019+00:00,mlx-community/Qwen3-0.6B-4bit,58,hrm,0.35294117647058826,6,17,2.278360000000248,1,1,0.35,0.01,0.05,0.03,0.03,1.0,1.0,1.0,syllogism,A,B,False,-5.898870468139648,-4.273870468139648,-6.773870468139648,-5.836370468139648
2026-05-20T19:22:17.120975+00:00,mlx-community/Qwen3-0.6B-4bit,59,hrm,0.35294117647058826,6,17,2.2307458750001388,1,1,0.35,0.01,0.08,0.01,0.01,1.0,1.0,1.0,algebra,B,B,True,-4.441749572753906,-3.8167495727539062,-5.379249572753906,-6.629249572753906
2026-05-20T19:22:17.120975+00:00,mlx-community/Qwen3-0.6B-4bit,59,hrm,0.35294117647058826,6,17,2.2307458750001388,1,1,0.35,0.01,0.08,0.01,0.01,1.0,1.0,1.0,markup,C,A,False,-3.2156715393066406,-4.403171539306641,-6.028171539306641,-6.715671539306641
2026-05-20T19:22:17.120975+00:00,mlx-community/Qwen3-0.6B-4bit,59,hrm,0.35294117647058826,6,17,2.2307458750001388,1,1,0.35,0.01,0.08,0.01,0.01,1.0,1.0,1.0,boxes,C,A,False,-2.606853485107422,-2.731853485107422,-5.231853485107422,-2.669353485107422
2026-05-20T19:22:17.120975+00:00,mlx-community/Qwen3-0.6B-4bit,59,hrm,0.35294117647058826,6,17,2.2307458750001388,1,1,0.35,0.01,0.08,0.01,0.01,1.0,1.0,1.0,inclusion,B,B,True,-2.309581756591797,-1.5595817565917969,-4.872081756591797,-3.372081756591797
2026-05-20T19:22:17.120975+00:00,mlx-community/Qwen3-0.6B-4bit,59,hrm,0.35294117647058826,6,17,2.2307458750001388,1,1,0.35,0.01,0.08,0.01,0.01,1.0,1.0,1.0,modular,B,A,False,-1.7205162048339844,-1.7830162048339844,-4.533016204833984,-3.9705162048339844
2026-05-20T19:22:17.120975+00:00,mlx-community/Qwen3-0.6B-4bit,59,hrm,0.35294117647058826,6,17,2.2307458750001388,1,1,0.35,0.01,0.08,0.01,0.01,1.0,1.0,1.0,work_rate,A,A,True,-1.604776382446289,-3.292276382446289,-6.792276382446289,-4.979776382446289
2026-05-20T19:22:17.120975+00:00,mlx-community/Qwen3-0.6B-4bit,59,hrm,0.35294117647058826,6,17,2.2307458750001388,1,1,0.35,0.01,0.08,0.01,0.01,1.0,1.0,1.0,probability,B,B,True,-3.264619827270508,-2.452119827270508,-5.327119827270508,-4.139619827270508
2026-05-20T19:22:17.120975+00:00,mlx-community/Qwen3-0.6B-4bit,59,hrm,0.35294117647058826,6,17,2.2307458750001388,1,1,0.35,0.01,0.08,0.01,0.01,1.0,1.0,1.0,sequence,C,B,False,-3.812887191772461,-3.250387191772461,-3.562887191772461,-5.562887191772461
2026-05-20T19:22:17.120975+00:00,mlx-community/Qwen3-0.6B-4bit,59,hrm,0.35294117647058826,6,17,2.2307458750001388,1,1,0.35,0.01,0.08,0.01,0.01,1.0,1.0,1.0,linear_word,B,A,False,-3.0320987701416016,-3.7820987701416016,-7.219598770141602,-5.344598770141602
2026-05-20T19:22:17.120975+00:00,mlx-community/Qwen3-0.6B-4bit,59,hrm,0.35294117647058826,6,17,2.2307458750001388,1,1,0.35,0.01,0.08,0.01,0.01,1.0,1.0,1.0,reverse_discount,C,A,False,-2.857259750366211,-4.294759750366211,-6.482259750366211,-6.107259750366211
2026-05-20T19:22:17.120975+00:00,mlx-community/Qwen3-0.6B-4bit,59,hrm,0.35294117647058826,6,17,2.2307458750001388,1,1,0.35,0.01,0.08,0.01,0.01,1.0,1.0,1.0,multiples,B,B,True,-2.087553024291992,-1.9000530242919922,-5.150053024291992,-2.712553024291992
2026-05-20T19:22:17.120975+00:00,mlx-community/Qwen3-0.6B-4bit,59,hrm,0.35294117647058826,6,17,2.2307458750001388,1,1,0.35,0.01,0.08,0.01,0.01,1.0,1.0,1.0,rectangle,B,A,False,-2.332632064819336,-3.707632064819336,-7.082632064819336,-5.020132064819336
2026-05-20T19:22:17.120975+00:00,mlx-community/Qwen3-0.6B-4bit,59,hrm,0.35294117647058826,6,17,2.2307458750001388,1,1,0.35,0.01,0.08,0.01,0.01,1.0,1.0,1.0,average,C,A,False,-3.0140438079833984,-3.6390438079833984,-6.201543807983398,-5.889043807983398
2026-05-20T19:22:17.120975+00:00,mlx-community/Qwen3-0.6B-4bit,59,hrm,0.35294117647058826,6,17,2.2307458750001388,1,1,0.35,0.01,0.08,0.01,0.01,1.0,1.0,1.0,combinations,B,A,False,-3.7609596252441406,-4.260959625244141,-6.260959625244141,-4.510959625244141
2026-05-20T19:22:17.120975+00:00,mlx-community/Qwen3-0.6B-4bit,59,hrm,0.35294117647058826,6,17,2.2307458750001388,1,1,0.35,0.01,0.08,0.01,0.01,1.0,1.0,1.0,coins,C,B,False,-4.559843063354492,-4.247343063354492,-4.559843063354492,-4.934843063354492
2026-05-20T19:22:17.120975+00:00,mlx-community/Qwen3-0.6B-4bit,59,hrm,0.35294117647058826,6,17,2.2307458750001388,1,1,0.35,0.01,0.08,0.01,0.01,1.0,1.0,1.0,modular_small,B,B,True,-1.686065673828125,-1.311065673828125,-3.873565673828125,-3.686065673828125
2026-05-20T19:22:17.120975+00:00,mlx-community/Qwen3-0.6B-4bit,59,hrm,0.35294117647058826,6,17,2.2307458750001388,1,1,0.35,0.01,0.08,0.01,0.01,1.0,1.0,1.0,syllogism,A,B,False,-5.905004501342773,-4.280004501342773,-6.780004501342773,-5.842504501342773
2026-05-20T19:22:19.334759+00:00,mlx-community/Qwen3-0.6B-4bit,60,hrm,0.35294117647058826,6,17,2.2135965839988785,1,1,0.35,0.01,0.08,0.03,0.03,1.0,1.0,1.0,algebra,B,B,True,-4.445180892944336,-3.757680892944336,-5.382680892944336,-6.570180892944336
2026-05-20T19:22:19.334759+00:00,mlx-community/Qwen3-0.6B-4bit,60,hrm,0.35294117647058826,6,17,2.2135965839988785,1,1,0.35,0.01,0.08,0.03,0.03,1.0,1.0,1.0,markup,C,A,False,-3.1428260803222656,-4.455326080322266,-6.080326080322266,-6.767826080322266
2026-05-20T19:22:19.334759+00:00,mlx-community/Qwen3-0.6B-4bit,60,hrm,0.35294117647058826,6,17,2.2135965839988785,1,1,0.35,0.01,0.08,0.03,0.03,1.0,1.0,1.0,boxes,C,A,False,-2.536332130432129,-2.786332130432129,-5.223832130432129,-2.723832130432129
2026-05-20T19:22:19.334759+00:00,mlx-community/Qwen3-0.6B-4bit,60,hrm,0.35294117647058826,6,17,2.2135965839988785,1,1,0.35,0.01,0.08,0.03,0.03,1.0,1.0,1.0,inclusion,B,B,True,-2.2995338439941406,-1.6120338439941406,-4.924533843994141,-3.3620338439941406
2026-05-20T19:22:19.334759+00:00,mlx-community/Qwen3-0.6B-4bit,60,hrm,0.35294117647058826,6,17,2.2135965839988785,1,1,0.35,0.01,0.08,0.03,0.03,1.0,1.0,1.0,modular,B,A,False,-1.7298469543457031,-1.7923469543457031,-4.479846954345703,-3.979846954345703
2026-05-20T19:22:19.334759+00:00,mlx-community/Qwen3-0.6B-4bit,60,hrm,0.35294117647058826,6,17,2.2135965839988785,1,1,0.35,0.01,0.08,0.03,0.03,1.0,1.0,1.0,work_rate,A,A,True,-1.6525020599365234,-3.2775020599365234,-6.777502059936523,-4.965002059936523
2026-05-20T19:22:19.334759+00:00,mlx-community/Qwen3-0.6B-4bit,60,hrm,0.35294117647058826,6,17,2.2135965839988785,1,1,0.35,0.01,0.08,0.03,0.03,1.0,1.0,1.0,probability,B,B,True,-3.2668533325195312,-2.4543533325195312,-5.266853332519531,-4.141853332519531
2026-05-20T19:22:19.334759+00:00,mlx-community/Qwen3-0.6B-4bit,60,hrm,0.35294117647058826,6,17,2.2135965839988785,1,1,0.35,0.01,0.08,0.03,0.03,1.0,1.0,1.0,sequence,C,B,False,-3.7974815368652344,-3.2974815368652344,-3.6099815368652344,-5.484981536865234
2026-05-20T19:22:19.334759+00:00,mlx-community/Qwen3-0.6B-4bit,60,hrm,0.35294117647058826,6,17,2.2135965839988785,1,1,0.35,0.01,0.08,0.03,0.03,1.0,1.0,1.0,linear_word,B,A,False,-3.0804824829101562,-3.7679824829101562,-7.205482482910156,-5.392982482910156
2026-05-20T19:22:19.334759+00:00,mlx-community/Qwen3-0.6B-4bit,60,hrm,0.35294117647058826,6,17,2.2135965839988785,1,1,0.35,0.01,0.08,0.03,0.03,1.0,1.0,1.0,reverse_discount,C,A,False,-2.9186763763427734,-4.418676376342773,-6.543676376342773,-6.106176376342773
2026-05-20T19:22:19.334759+00:00,mlx-community/Qwen3-0.6B-4bit,60,hrm,0.35294117647058826,6,17,2.2135965839988785,1,1,0.35,0.01,0.08,0.03,0.03,1.0,1.0,1.0,multiples,B,B,True,-2.0325069427490234,-1.9075069427490234,-5.157506942749023,-2.7200069427490234
2026-05-20T19:22:19.334759+00:00,mlx-community/Qwen3-0.6B-4bit,60,hrm,0.35294117647058826,6,17,2.2135965839988785,1,1,0.35,0.01,0.08,0.03,0.03,1.0,1.0,1.0,rectangle,B,A,False,-2.345674514770508,-3.720674514770508,-7.095674514770508,-4.970674514770508
2026-05-20T19:22:19.334759+00:00,mlx-community/Qwen3-0.6B-4bit,60,hrm,0.35294117647058826,6,17,2.2135965839988785,1,1,0.35,0.01,0.08,0.03,0.03,1.0,1.0,1.0,average,C,A,False,-3.001415252685547,-3.688915252685547,-6.188915252685547,-5.876415252685547
2026-05-20T19:22:19.334759+00:00,mlx-community/Qwen3-0.6B-4bit,60,hrm,0.35294117647058826,6,17,2.2135965839988785,1,1,0.35,0.01,0.08,0.03,0.03,1.0,1.0,1.0,combinations,B,A,False,-3.7365036010742188,-4.236503601074219,-6.174003601074219,-4.549003601074219
2026-05-20T19:22:19.334759+00:00,mlx-community/Qwen3-0.6B-4bit,60,hrm,0.35294117647058826,6,17,2.2135965839988785,1,1,0.35,0.01,0.08,0.03,0.03,1.0,1.0,1.0,coins,C,B,False,-4.5615386962890625,-4.2490386962890625,-4.5615386962890625,-4.9365386962890625
2026-05-20T19:22:19.334759+00:00,mlx-community/Qwen3-0.6B-4bit,60,hrm,0.35294117647058826,6,17,2.2135965839988785,1,1,0.35,0.01,0.08,0.03,0.03,1.0,1.0,1.0,modular_small,B,B,True,-1.7191143035888672,-1.2816143035888672,-3.906614303588867,-3.719114303588867
2026-05-20T19:22:19.334759+00:00,mlx-community/Qwen3-0.6B-4bit,60,hrm,0.35294117647058826,6,17,2.2135965839988785,1,1,0.35,0.01,0.08,0.03,0.03,1.0,1.0,1.0,syllogism,A,B,False,-5.839288711547852,-4.214288711547852,-6.776788711547852,-5.839288711547852
2026-05-20T19:22:21.545820+00:00,mlx-community/Qwen3-0.6B-4bit,61,hrm,0.35294117647058826,6,17,2.2108624579996103,1,1,0.35,0.03,0.02,0.01,0.01,1.0,1.0,1.0,algebra,B,B,True,-4.4482421875,-3.8232421875,-5.3857421875,-6.6357421875
2026-05-20T19:22:21.545820+00:00,mlx-community/Qwen3-0.6B-4bit,61,hrm,0.35294117647058826,6,17,2.2108624579996103,1,1,0.35,0.03,0.02,0.01,0.01,1.0,1.0,1.0,markup,C,A,False,-3.1279373168945312,-4.377937316894531,-6.002937316894531,-6.627937316894531
2026-05-20T19:22:21.545820+00:00,mlx-community/Qwen3-0.6B-4bit,61,hrm,0.35294117647058826,6,17,2.2108624579996103,1,1,0.35,0.03,0.02,0.01,0.01,1.0,1.0,1.0,boxes,C,A,False,-2.5113353729248047,-2.7613353729248047,-5.261335372924805,-2.6988353729248047
2026-05-20T19:22:21.545820+00:00,mlx-community/Qwen3-0.6B-4bit,61,hrm,0.35294117647058826,6,17,2.2108624579996103,1,1,0.35,0.03,0.02,0.01,0.01,1.0,1.0,1.0,inclusion,B,B,True,-2.2394752502441406,-1.6144752502441406,-4.864475250244141,-3.3644752502441406
2026-05-20T19:22:21.545820+00:00,mlx-community/Qwen3-0.6B-4bit,61,hrm,0.35294117647058826,6,17,2.2108624579996103,1,1,0.35,0.03,0.02,0.01,0.01,1.0,1.0,1.0,modular,B,A,False,-1.7344799041748047,-1.7344799041748047,-4.421979904174805,-3.9219799041748047
2026-05-20T19:22:21.545820+00:00,mlx-community/Qwen3-0.6B-4bit,61,hrm,0.35294117647058826,6,17,2.2108624579996103,1,1,0.35,0.03,0.02,0.01,0.01,1.0,1.0,1.0,work_rate,A,A,True,-1.6457462310791016,-3.2707462310791016,-6.770746231079102,-5.020746231079102
2026-05-20T19:22:21.545820+00:00,mlx-community/Qwen3-0.6B-4bit,61,hrm,0.35294117647058826,6,17,2.2108624579996103,1,1,0.35,0.03,0.02,0.01,0.01,1.0,1.0,1.0,probability,B,B,True,-3.273153305053711,-2.460653305053711,-5.335653305053711,-4.148153305053711
2026-05-20T19:22:21.545820+00:00,mlx-community/Qwen3-0.6B-4bit,61,hrm,0.35294117647058826,6,17,2.2108624579996103,1,1,0.35,0.03,0.02,0.01,0.01,1.0,1.0,1.0,sequence,C,B,False,-3.8238391876220703,-3.3238391876220703,-3.6363391876220703,-5.51133918762207
2026-05-20T19:22:21.545820+00:00,mlx-community/Qwen3-0.6B-4bit,61,hrm,0.35294117647058826,6,17,2.2108624579996103,1,1,0.35,0.03,0.02,0.01,0.01,1.0,1.0,1.0,linear_word,B,A,False,-3.0329456329345703,-3.7829456329345703,-7.22044563293457,-5.34544563293457
2026-05-20T19:22:21.545820+00:00,mlx-community/Qwen3-0.6B-4bit,61,hrm,0.35294117647058826,6,17,2.2108624579996103,1,1,0.35,0.03,0.02,0.01,0.01,1.0,1.0,1.0,reverse_discount,C,A,False,-2.8662796020507812,-4.428779602050781,-6.616279602050781,-6.178779602050781
2026-05-20T19:22:21.545820+00:00,mlx-community/Qwen3-0.6B-4bit,61,hrm,0.35294117647058826,6,17,2.2108624579996103,1,1,0.35,0.03,0.02,0.01,0.01,1.0,1.0,1.0,multiples,B,B,True,-1.9748477935791016,-1.9123477935791016,-5.162347793579102,-2.7873477935791016
2026-05-20T19:22:21.545820+00:00,mlx-community/Qwen3-0.6B-4bit,61,hrm,0.35294117647058826,6,17,2.2108624579996103,1,1,0.35,0.03,0.02,0.01,0.01,1.0,1.0,1.0,rectangle,B,A,False,-2.331226348876953,-3.643726348876953,-7.081226348876953,-5.018726348876953
2026-05-20T19:22:21.545820+00:00,mlx-community/Qwen3-0.6B-4bit,61,hrm,0.35294117647058826,6,17,2.2108624579996103,1,1,0.35,0.03,0.02,0.01,0.01,1.0,1.0,1.0,average,C,A,False,-2.981159210205078,-3.668659210205078,-6.231159210205078,-5.856159210205078
2026-05-20T19:22:21.545820+00:00,mlx-community/Qwen3-0.6B-4bit,61,hrm,0.35294117647058826,6,17,2.2108624579996103,1,1,0.35,0.03,0.02,0.01,0.01,1.0,1.0,1.0,combinations,B,A,False,-3.745542526245117,-4.245542526245117,-6.183042526245117,-4.558042526245117
2026-05-20T19:22:21.545820+00:00,mlx-community/Qwen3-0.6B-4bit,61,hrm,0.35294117647058826,6,17,2.2108624579996103,1,1,0.35,0.03,0.02,0.01,0.01,1.0,1.0,1.0,coins,C,B,False,-4.558277130126953,-4.245777130126953,-4.558277130126953,-4.933277130126953
2026-05-20T19:22:21.545820+00:00,mlx-community/Qwen3-0.6B-4bit,61,hrm,0.35294117647058826,6,17,2.2108624579996103,1,1,0.35,0.03,0.02,0.01,0.01,1.0,1.0,1.0,modular_small,B,B,True,-1.747415542602539,-1.309915542602539,-3.809915542602539,-3.684915542602539
2026-05-20T19:22:21.545820+00:00,mlx-community/Qwen3-0.6B-4bit,61,hrm,0.35294117647058826,6,17,2.2108624579996103,1,1,0.35,0.03,0.02,0.01,0.01,1.0,1.0,1.0,syllogism,A,B,False,-5.919652938842773,-4.232152938842773,-6.732152938842773,-5.794652938842773
2026-05-20T19:22:23.874897+00:00,mlx-community/Qwen3-0.6B-4bit,62,hrm,0.35294117647058826,6,17,2.3288652909977827,1,1,0.35,0.03,0.02,0.03,0.03,1.0,1.0,1.0,algebra,B,B,True,-4.450651168823242,-3.825651168823242,-5.388151168823242,-6.638151168823242
2026-05-20T19:22:23.874897+00:00,mlx-community/Qwen3-0.6B-4bit,62,hrm,0.35294117647058826,6,17,2.3288652909977827,1,1,0.35,0.03,0.02,0.03,0.03,1.0,1.0,1.0,markup,C,A,False,-3.1356639862060547,-4.385663986206055,-6.010663986206055,-6.635663986206055
2026-05-20T19:22:23.874897+00:00,mlx-community/Qwen3-0.6B-4bit,62,hrm,0.35294117647058826,6,17,2.3288652909977827,1,1,0.35,0.03,0.02,0.03,0.03,1.0,1.0,1.0,boxes,C,A,False,-2.515562057495117,-2.765562057495117,-5.265562057495117,-2.640562057495117
2026-05-20T19:22:23.874897+00:00,mlx-community/Qwen3-0.6B-4bit,62,hrm,0.35294117647058826,6,17,2.3288652909977827,1,1,0.35,0.03,0.02,0.03,0.03,1.0,1.0,1.0,inclusion,B,B,True,-2.2417774200439453,-1.6167774200439453,-4.929277420043945,-3.3667774200439453
2026-05-20T19:22:23.874897+00:00,mlx-community/Qwen3-0.6B-4bit,62,hrm,0.35294117647058826,6,17,2.3288652909977827,1,1,0.35,0.03,0.02,0.03,0.03,1.0,1.0,1.0,modular,B,A,False,-1.7349567413330078,-1.7349567413330078,-4.422456741333008,-3.922456741333008
2026-05-20T19:22:23.874897+00:00,mlx-community/Qwen3-0.6B-4bit,62,hrm,0.35294117647058826,6,17,2.3288652909977827,1,1,0.35,0.03,0.02,0.03,0.03,1.0,1.0,1.0,work_rate,A,A,True,-1.6244449615478516,-3.3119449615478516,-6.749444961547852,-4.936944961547852
2026-05-20T19:22:23.874897+00:00,mlx-community/Qwen3-0.6B-4bit,62,hrm,0.35294117647058826,6,17,2.3288652909977827,1,1,0.35,0.03,0.02,0.03,0.03,1.0,1.0,1.0,probability,B,B,True,-3.2666263580322266,-2.4541263580322266,-5.329126358032227,-4.079126358032227
2026-05-20T19:22:23.874897+00:00,mlx-community/Qwen3-0.6B-4bit,62,hrm,0.35294117647058826,6,17,2.3288652909977827,1,1,0.35,0.03,0.02,0.03,0.03,1.0,1.0,1.0,sequence,C,B,False,-3.8249073028564453,-3.3874073028564453,-3.6374073028564453,-5.512407302856445
2026-05-20T19:22:23.874897+00:00,mlx-community/Qwen3-0.6B-4bit,62,hrm,0.35294117647058826,6,17,2.3288652909977827,1,1,0.35,0.03,0.02,0.03,0.03,1.0,1.0,1.0,linear_word,B,A,False,-3.006704330444336,-3.756704330444336,-7.256704330444336,-5.381704330444336
2026-05-20T19:22:23.874897+00:00,mlx-community/Qwen3-0.6B-4bit,62,hrm,0.35294117647058826,6,17,2.3288652909977827,1,1,0.35,0.03,0.02,0.03,0.03,1.0,1.0,1.0,reverse_discount,C,A,False,-2.8573856353759766,-4.419885635375977,-6.607385635375977,-6.169885635375977
2026-05-20T19:22:23.874897+00:00,mlx-community/Qwen3-0.6B-4bit,62,hrm,0.35294117647058826,6,17,2.3288652909977827,1,1,0.35,0.03,0.02,0.03,0.03,1.0,1.0,1.0,multiples,B,B,True,-2.0277881622314453,-1.9027881622314453,-5.152788162231445,-2.7777881622314453
2026-05-20T19:22:23.874897+00:00,mlx-community/Qwen3-0.6B-4bit,62,hrm,0.35294117647058826,6,17,2.3288652909977827,1,1,0.35,0.03,0.02,0.03,0.03,1.0,1.0,1.0,rectangle,B,A,False,-2.333829879760742,-3.646329879760742,-7.083829879760742,-4.958829879760742
2026-05-20T19:22:23.874897+00:00,mlx-community/Qwen3-0.6B-4bit,62,hrm,0.35294117647058826,6,17,2.3288652909977827,1,1,0.35,0.03,0.02,0.03,0.03,1.0,1.0,1.0,average,C,A,False,-2.9263744354248047,-3.6763744354248047,-6.176374435424805,-5.863874435424805
2026-05-20T19:22:23.874897+00:00,mlx-community/Qwen3-0.6B-4bit,62,hrm,0.35294117647058826,6,17,2.3288652909977827,1,1,0.35,0.03,0.02,0.03,0.03,1.0,1.0,1.0,combinations,B,A,False,-3.7400875091552734,-4.240087509155273,-6.240087509155273,-4.552587509155273
2026-05-20T19:22:23.874897+00:00,mlx-community/Qwen3-0.6B-4bit,62,hrm,0.35294117647058826,6,17,2.3288652909977827,1,1,0.35,0.03,0.02,0.03,0.03,1.0,1.0,1.0,coins,C,B,False,-4.499919891357422,-4.312419891357422,-4.562419891357422,-4.937419891357422
2026-05-20T19:22:23.874897+00:00,mlx-community/Qwen3-0.6B-4bit,62,hrm,0.35294117647058826,6,17,2.3288652909977827,1,1,0.35,0.03,0.02,0.03,0.03,1.0,1.0,1.0,modular_small,B,B,True,-1.7278900146484375,-1.3528900146484375,-3.8528900146484375,-3.7278900146484375
2026-05-20T19:22:23.874897+00:00,mlx-community/Qwen3-0.6B-4bit,62,hrm,0.35294117647058826,6,17,2.3288652909977827,1,1,0.35,0.03,0.02,0.03,0.03,1.0,1.0,1.0,syllogism,A,B,False,-5.9141387939453125,-4.2266387939453125,-6.7891387939453125,-5.7891387939453125
2026-05-20T19:22:26.149239+00:00,mlx-community/Qwen3-0.6B-4bit,63,hrm,0.35294117647058826,6,17,2.274142333000782,1,1,0.35,0.03,0.05,0.01,0.01,1.0,1.0,1.0,algebra,B,B,True,-4.432855606079102,-3.8078556060791016,-5.432855606079102,-6.620355606079102
2026-05-20T19:22:26.149239+00:00,mlx-community/Qwen3-0.6B-4bit,63,hrm,0.35294117647058826,6,17,2.274142333000782,1,1,0.35,0.03,0.05,0.01,0.01,1.0,1.0,1.0,markup,C,A,False,-3.124431610107422,-4.374431610107422,-5.999431610107422,-6.624431610107422
2026-05-20T19:22:26.149239+00:00,mlx-community/Qwen3-0.6B-4bit,63,hrm,0.35294117647058826,6,17,2.274142333000782,1,1,0.35,0.03,0.05,0.01,0.01,1.0,1.0,1.0,boxes,C,A,False,-2.5140132904052734,-2.7640132904052734,-5.264013290405273,-2.7015132904052734
2026-05-20T19:22:26.149239+00:00,mlx-community/Qwen3-0.6B-4bit,63,hrm,0.35294117647058826,6,17,2.274142333000782,1,1,0.35,0.03,0.05,0.01,0.01,1.0,1.0,1.0,inclusion,B,B,True,-2.2314529418945312,-1.6064529418945312,-4.856452941894531,-3.3564529418945312
2026-05-20T19:22:26.149239+00:00,mlx-community/Qwen3-0.6B-4bit,63,hrm,0.35294117647058826,6,17,2.274142333000782,1,1,0.35,0.03,0.05,0.01,0.01,1.0,1.0,1.0,modular,B,A,False,-1.6856231689453125,-1.7481231689453125,-4.4356231689453125,-3.8731231689453125
2026-05-20T19:22:26.149239+00:00,mlx-community/Qwen3-0.6B-4bit,63,hrm,0.35294117647058826,6,17,2.274142333000782,1,1,0.35,0.03,0.05,0.01,0.01,1.0,1.0,1.0,work_rate,A,A,True,-1.6435260772705078,-3.331026077270508,-6.768526077270508,-4.956026077270508
2026-05-20T19:22:26.149239+00:00,mlx-community/Qwen3-0.6B-4bit,63,hrm,0.35294117647058826,6,17,2.274142333000782,1,1,0.35,0.03,0.05,0.01,0.01,1.0,1.0,1.0,probability,B,B,True,-3.2737350463867188,-2.3987350463867188,-5.336235046386719,-4.148735046386719
2026-05-20T19:22:26.149239+00:00,mlx-community/Qwen3-0.6B-4bit,63,hrm,0.35294117647058826,6,17,2.274142333000782,1,1,0.35,0.03,0.05,0.01,0.01,1.0,1.0,1.0,sequence,C,B,False,-3.8421010971069336,-3.3421010971069336,-3.5921010971069336,-5.529601097106934
2026-05-20T19:22:26.149239+00:00,mlx-community/Qwen3-0.6B-4bit,63,hrm,0.35294117647058826,6,17,2.274142333000782,1,1,0.35,0.03,0.05,0.01,0.01,1.0,1.0,1.0,linear_word,B,A,False,-3.0091209411621094,-3.7591209411621094,-7.259120941162109,-5.384120941162109
2026-05-20T19:22:26.149239+00:00,mlx-community/Qwen3-0.6B-4bit,63,hrm,0.35294117647058826,6,17,2.274142333000782,1,1,0.35,0.03,0.05,0.01,0.01,1.0,1.0,1.0,reverse_discount,C,A,False,-2.8797874450683594,-4.379787445068359,-6.567287445068359,-6.129787445068359
2026-05-20T19:22:26.149239+00:00,mlx-community/Qwen3-0.6B-4bit,63,hrm,0.35294117647058826,6,17,2.274142333000782,1,1,0.35,0.03,0.05,0.01,0.01,1.0,1.0,1.0,multiples,B,B,True,-2.0419883728027344,-1.8544883728027344,-5.166988372802734,-2.7919883728027344
2026-05-20T19:22:26.149239+00:00,mlx-community/Qwen3-0.6B-4bit,63,hrm,0.35294117647058826,6,17,2.274142333000782,1,1,0.35,0.03,0.05,0.01,0.01,1.0,1.0,1.0,rectangle,B,A,False,-2.3520355224609375,-3.7270355224609375,-7.1020355224609375,-4.9770355224609375
2026-05-20T19:22:26.149239+00:00,mlx-community/Qwen3-0.6B-4bit,63,hrm,0.35294117647058826,6,17,2.274142333000782,1,1,0.35,0.03,0.05,0.01,0.01,1.0,1.0,1.0,average,C,A,False,-2.9190731048583984,-3.6690731048583984,-6.169073104858398,-5.856573104858398
2026-05-20T19:22:26.149239+00:00,mlx-community/Qwen3-0.6B-4bit,63,hrm,0.35294117647058826,6,17,2.274142333000782,1,1,0.35,0.03,0.05,0.01,0.01,1.0,1.0,1.0,combinations,B,A,False,-3.7029571533203125,-4.2654571533203125,-6.2029571533203125,-4.5779571533203125
2026-05-20T19:22:26.149239+00:00,mlx-community/Qwen3-0.6B-4bit,63,hrm,0.35294117647058826,6,17,2.274142333000782,1,1,0.35,0.03,0.05,0.01,0.01,1.0,1.0,1.0,coins,C,B,False,-4.600994110107422,-4.350994110107422,-4.600994110107422,-4.975994110107422
2026-05-20T19:22:26.149239+00:00,mlx-community/Qwen3-0.6B-4bit,63,hrm,0.35294117647058826,6,17,2.274142333000782,1,1,0.35,0.03,0.05,0.01,0.01,1.0,1.0,1.0,modular_small,B,B,True,-1.725341796875,-1.350341796875,-3.850341796875,-3.662841796875
2026-05-20T19:22:26.149239+00:00,mlx-community/Qwen3-0.6B-4bit,63,hrm,0.35294117647058826,6,17,2.274142333000782,1,1,0.35,0.03,0.05,0.01,0.01,1.0,1.0,1.0,syllogism,A,B,False,-5.844049453735352,-4.219049453735352,-6.781549453735352,-5.844049453735352
2026-05-20T19:22:28.477156+00:00,mlx-community/Qwen3-0.6B-4bit,64,hrm,0.35294117647058826,6,17,2.327681874998234,1,1,0.35,0.03,0.05,0.03,0.03,1.0,1.0,1.0,algebra,B,B,True,-4.443561553955078,-3.818561553955078,-5.381061553955078,-6.631061553955078
2026-05-20T19:22:28.477156+00:00,mlx-community/Qwen3-0.6B-4bit,64,hrm,0.35294117647058826,6,17,2.327681874998234,1,1,0.35,0.03,0.05,0.03,0.03,1.0,1.0,1.0,markup,C,A,False,-3.152099609375,-4.402099609375,-6.027099609375,-6.714599609375
2026-05-20T19:22:28.477156+00:00,mlx-community/Qwen3-0.6B-4bit,64,hrm,0.35294117647058826,6,17,2.327681874998234,1,1,0.35,0.03,0.05,0.03,0.03,1.0,1.0,1.0,boxes,C,A,False,-2.515091896057129,-2.765091896057129,-5.265091896057129,-2.640091896057129
2026-05-20T19:22:28.477156+00:00,mlx-community/Qwen3-0.6B-4bit,64,hrm,0.35294117647058826,6,17,2.327681874998234,1,1,0.35,0.03,0.05,0.03,0.03,1.0,1.0,1.0,inclusion,B,B,True,-2.2949066162109375,-1.6074066162109375,-4.9199066162109375,-3.3574066162109375
2026-05-20T19:22:28.477156+00:00,mlx-community/Qwen3-0.6B-4bit,64,hrm,0.35294117647058826,6,17,2.327681874998234,1,1,0.35,0.03,0.05,0.03,0.03,1.0,1.0,1.0,modular,B,A,False,-1.7549018859863281,-1.7549018859863281,-4.442401885986328,-3.942401885986328
2026-05-20T19:22:28.477156+00:00,mlx-community/Qwen3-0.6B-4bit,64,hrm,0.35294117647058826,6,17,2.327681874998234,1,1,0.35,0.03,0.05,0.03,0.03,1.0,1.0,1.0,work_rate,A,A,True,-1.6721172332763672,-3.359617233276367,-6.797117233276367,-4.984617233276367
2026-05-20T19:22:28.477156+00:00,mlx-community/Qwen3-0.6B-4bit,64,hrm,0.35294117647058826,6,17,2.327681874998234,1,1,0.35,0.03,0.05,0.03,0.03,1.0,1.0,1.0,probability,B,B,True,-3.2564659118652344,-2.3814659118652344,-5.318965911865234,-4.131465911865234
2026-05-20T19:22:28.477156+00:00,mlx-community/Qwen3-0.6B-4bit,64,hrm,0.35294117647058826,6,17,2.327681874998234,1,1,0.35,0.03,0.05,0.03,0.03,1.0,1.0,1.0,sequence,C,B,False,-3.8251781463623047,-3.3251781463623047,-3.5751781463623047,-5.512678146362305
2026-05-20T19:22:28.477156+00:00,mlx-community/Qwen3-0.6B-4bit,64,hrm,0.35294117647058826,6,17,2.327681874998234,1,1,0.35,0.03,0.05,0.03,0.03,1.0,1.0,1.0,linear_word,B,A,False,-3.007444381713867,-3.757444381713867,-7.257444381713867,-5.382444381713867
2026-05-20T19:22:28.477156+00:00,mlx-community/Qwen3-0.6B-4bit,64,hrm,0.35294117647058826,6,17,2.327681874998234,1,1,0.35,0.03,0.05,0.03,0.03,1.0,1.0,1.0,reverse_discount,C,A,False,-2.861257553100586,-4.361257553100586,-6.548757553100586,-6.111257553100586
2026-05-20T19:22:28.477156+00:00,mlx-community/Qwen3-0.6B-4bit,64,hrm,0.35294117647058826,6,17,2.327681874998234,1,1,0.35,0.03,0.05,0.03,0.03,1.0,1.0,1.0,multiples,B,B,True,-2.0424022674560547,-1.8549022674560547,-5.167402267456055,-2.7924022674560547
2026-05-20T19:22:28.477156+00:00,mlx-community/Qwen3-0.6B-4bit,64,hrm,0.35294117647058826,6,17,2.327681874998234,1,1,0.35,0.03,0.05,0.03,0.03,1.0,1.0,1.0,rectangle,B,A,False,-2.328889846801758,-3.703889846801758,-7.078889846801758,-4.953889846801758
2026-05-20T19:22:28.477156+00:00,mlx-community/Qwen3-0.6B-4bit,64,hrm,0.35294117647058826,6,17,2.327681874998234,1,1,0.35,0.03,0.05,0.03,0.03,1.0,1.0,1.0,average,C,A,False,-2.9973697662353516,-3.6848697662353516,-6.184869766235352,-5.872369766235352
2026-05-20T19:22:28.477156+00:00,mlx-community/Qwen3-0.6B-4bit,64,hrm,0.35294117647058826,6,17,2.327681874998234,1,1,0.35,0.03,0.05,0.03,0.03,1.0,1.0,1.0,combinations,B,A,False,-3.7387638092041016,-4.238763809204102,-6.238763809204102,-4.551263809204102
2026-05-20T19:22:28.477156+00:00,mlx-community/Qwen3-0.6B-4bit,64,hrm,0.35294117647058826,6,17,2.327681874998234,1,1,0.35,0.03,0.05,0.03,0.03,1.0,1.0,1.0,coins,C,B,False,-4.556936264038086,-4.306936264038086,-4.556936264038086,-4.994436264038086
2026-05-20T19:22:28.477156+00:00,mlx-community/Qwen3-0.6B-4bit,64,hrm,0.35294117647058826,6,17,2.327681874998234,1,1,0.35,0.03,0.05,0.03,0.03,1.0,1.0,1.0,modular_small,B,B,True,-1.7376480102539062,-1.3001480102539062,-3.9251480102539062,-3.7376480102539062
2026-05-20T19:22:28.477156+00:00,mlx-community/Qwen3-0.6B-4bit,64,hrm,0.35294117647058826,6,17,2.327681874998234,1,1,0.35,0.03,0.05,0.03,0.03,1.0,1.0,1.0,syllogism,A,B,False,-5.907060623168945,-4.282060623168945,-6.782060623168945,-5.782060623168945
2026-05-20T19:22:30.683023+00:00,mlx-community/Qwen3-0.6B-4bit,65,hrm,0.35294117647058826,6,17,2.2056675420026295,1,1,0.35,0.03,0.08,0.01,0.01,1.0,1.0,1.0,algebra,B,B,True,-4.445991516113281,-3.8209915161132812,-5.383491516113281,-6.633491516113281
2026-05-20T19:22:30.683023+00:00,mlx-community/Qwen3-0.6B-4bit,65,hrm,0.35294117647058826,6,17,2.2056675420026295,1,1,0.35,0.03,0.08,0.01,0.01,1.0,1.0,1.0,markup,C,A,False,-3.1334991455078125,-4.4459991455078125,-6.0084991455078125,-6.6959991455078125
2026-05-20T19:22:30.683023+00:00,mlx-community/Qwen3-0.6B-4bit,65,hrm,0.35294117647058826,6,17,2.2056675420026295,1,1,0.35,0.03,0.08,0.01,0.01,1.0,1.0,1.0,boxes,C,A,False,-2.5825796127319336,-2.7700796127319336,-5.207579612731934,-2.6450796127319336
2026-05-20T19:22:30.683023+00:00,mlx-community/Qwen3-0.6B-4bit,65,hrm,0.35294117647058826,6,17,2.2056675420026295,1,1,0.35,0.03,0.08,0.01,0.01,1.0,1.0,1.0,inclusion,B,B,True,-2.2426681518554688,-1.6176681518554688,-4.867668151855469,-3.3676681518554688
2026-05-20T19:22:30.683023+00:00,mlx-community/Qwen3-0.6B-4bit,65,hrm,0.35294117647058826,6,17,2.2056675420026295,1,1,0.35,0.03,0.08,0.01,0.01,1.0,1.0,1.0,modular,B,A,False,-1.7543468475341797,-1.8168468475341797,-4.56684684753418,-4.00434684753418
2026-05-20T19:22:30.683023+00:00,mlx-community/Qwen3-0.6B-4bit,65,hrm,0.35294117647058826,6,17,2.2056675420026295,1,1,0.35,0.03,0.08,0.01,0.01,1.0,1.0,1.0,work_rate,A,A,True,-1.6548805236816406,-3.2798805236816406,-6.779880523681641,-5.029880523681641
2026-05-20T19:22:30.683023+00:00,mlx-community/Qwen3-0.6B-4bit,65,hrm,0.35294117647058826,6,17,2.2056675420026295,1,1,0.35,0.03,0.08,0.01,0.01,1.0,1.0,1.0,probability,B,B,True,-3.2747459411621094,-2.3997459411621094,-5.337245941162109,-4.149745941162109
2026-05-20T19:22:30.683023+00:00,mlx-community/Qwen3-0.6B-4bit,65,hrm,0.35294117647058826,6,17,2.2056675420026295,1,1,0.35,0.03,0.08,0.01,0.01,1.0,1.0,1.0,sequence,C,B,False,-3.8299503326416016,-3.3299503326416016,-3.6424503326416016,-5.517450332641602
2026-05-20T19:22:30.683023+00:00,mlx-community/Qwen3-0.6B-4bit,65,hrm,0.35294117647058826,6,17,2.2056675420026295,1,1,0.35,0.03,0.08,0.01,0.01,1.0,1.0,1.0,linear_word,B,A,False,-3.0208282470703125,-3.7708282470703125,-7.2708282470703125,-5.3333282470703125
2026-05-20T19:22:30.683023+00:00,mlx-community/Qwen3-0.6B-4bit,65,hrm,0.35294117647058826,6,17,2.2056675420026295,1,1,0.35,0.03,0.08,0.01,0.01,1.0,1.0,1.0,reverse_discount,C,A,False,-2.8651351928710938,-4.365135192871094,-6.552635192871094,-6.115135192871094
2026-05-20T19:22:30.683023+00:00,mlx-community/Qwen3-0.6B-4bit,65,hrm,0.35294117647058826,6,17,2.2056675420026295,1,1,0.35,0.03,0.08,0.01,0.01,1.0,1.0,1.0,multiples,B,B,True,-2.047456741333008,-1.8599567413330078,-5.172456741333008,-2.734956741333008
2026-05-20T19:22:30.683023+00:00,mlx-community/Qwen3-0.6B-4bit,65,hrm,0.35294117647058826,6,17,2.2056675420026295,1,1,0.35,0.03,0.08,0.01,0.01,1.0,1.0,1.0,rectangle,B,A,False,-2.4041213989257812,-3.7166213989257812,-7.091621398925781,-5.029121398925781
2026-05-20T19:22:30.683023+00:00,mlx-community/Qwen3-0.6B-4bit,65,hrm,0.35294117647058826,6,17,2.2056675420026295,1,1,0.35,0.03,0.08,0.01,0.01,1.0,1.0,1.0,average,C,A,False,-2.9771080017089844,-3.6646080017089844,-6.164608001708984,-5.914608001708984
2026-05-20T19:22:30.683023+00:00,mlx-community/Qwen3-0.6B-4bit,65,hrm,0.35294117647058826,6,17,2.2056675420026295,1,1,0.35,0.03,0.08,0.01,0.01,1.0,1.0,1.0,combinations,B,A,False,-3.7429771423339844,-4.242977142333984,-6.180477142333984,-4.555477142333984
2026-05-20T19:22:30.683023+00:00,mlx-community/Qwen3-0.6B-4bit,65,hrm,0.35294117647058826,6,17,2.2056675420026295,1,1,0.35,0.03,0.08,0.01,0.01,1.0,1.0,1.0,coins,C,B,False,-4.6056060791015625,-4.2931060791015625,-4.6056060791015625,-4.9806060791015625
2026-05-20T19:22:30.683023+00:00,mlx-community/Qwen3-0.6B-4bit,65,hrm,0.35294117647058826,6,17,2.2056675420026295,1,1,0.35,0.03,0.08,0.01,0.01,1.0,1.0,1.0,modular_small,B,B,True,-1.7107563018798828,-1.3357563018798828,-3.960756301879883,-3.710756301879883
2026-05-20T19:22:30.683023+00:00,mlx-community/Qwen3-0.6B-4bit,65,hrm,0.35294117647058826,6,17,2.2056675420026295,1,1,0.35,0.03,0.08,0.01,0.01,1.0,1.0,1.0,syllogism,A,B,False,-5.9087982177734375,-4.2212982177734375,-6.7837982177734375,-5.7837982177734375
2026-05-20T19:22:32.896888+00:00,mlx-community/Qwen3-0.6B-4bit,66,hrm,0.35294117647058826,6,17,2.2136626669998805,1,1,0.35,0.03,0.08,0.03,0.03,1.0,1.0,1.0,algebra,B,B,True,-4.436032295227051,-3.811032295227051,-5.373532295227051,-6.623532295227051
2026-05-20T19:22:32.896888+00:00,mlx-community/Qwen3-0.6B-4bit,66,hrm,0.35294117647058826,6,17,2.2136626669998805,1,1,0.35,0.03,0.08,0.03,0.03,1.0,1.0,1.0,markup,C,A,False,-3.1502819061279297,-4.46278190612793,-6.08778190612793,-6.71278190612793
2026-05-20T19:22:32.896888+00:00,mlx-community/Qwen3-0.6B-4bit,66,hrm,0.35294117647058826,6,17,2.2136626669998805,1,1,0.35,0.03,0.08,0.03,0.03,1.0,1.0,1.0,boxes,C,A,False,-2.5249013900756836,-2.7749013900756836,-5.212401390075684,-2.6499013900756836
2026-05-20T19:22:32.896888+00:00,mlx-community/Qwen3-0.6B-4bit,66,hrm,0.35294117647058826,6,17,2.2136626669998805,1,1,0.35,0.03,0.08,0.03,0.03,1.0,1.0,1.0,inclusion,B,B,True,-2.3116912841796875,-1.5616912841796875,-4.8741912841796875,-3.3116912841796875
2026-05-20T19:22:32.896888+00:00,mlx-community/Qwen3-0.6B-4bit,66,hrm,0.35294117647058826,6,17,2.2136626669998805,1,1,0.35,0.03,0.08,0.03,0.03,1.0,1.0,1.0,modular,B,A,False,-1.705606460571289,-1.830606460571289,-4.518106460571289,-3.955606460571289
2026-05-20T19:22:32.896888+00:00,mlx-community/Qwen3-0.6B-4bit,66,hrm,0.35294117647058826,6,17,2.2136626669998805,1,1,0.35,0.03,0.08,0.03,0.03,1.0,1.0,1.0,work_rate,A,A,True,-1.6803722381591797,-3.3678722381591797,-6.80537223815918,-5.05537223815918
2026-05-20T19:22:32.896888+00:00,mlx-community/Qwen3-0.6B-4bit,66,hrm,0.35294117647058826,6,17,2.2136626669998805,1,1,0.35,0.03,0.08,0.03,0.03,1.0,1.0,1.0,probability,B,B,True,-3.273344039916992,-2.398344039916992,-5.273344039916992,-4.148344039916992
2026-05-20T19:22:32.896888+00:00,mlx-community/Qwen3-0.6B-4bit,66,hrm,0.35294117647058826,6,17,2.2136626669998805,1,1,0.35,0.03,0.08,0.03,0.03,1.0,1.0,1.0,sequence,C,B,False,-3.8778343200683594,-3.3153343200683594,-3.6278343200683594,-5.565334320068359
2026-05-20T19:22:32.896888+00:00,mlx-community/Qwen3-0.6B-4bit,66,hrm,0.35294117647058826,6,17,2.2136626669998805,1,1,0.35,0.03,0.08,0.03,0.03,1.0,1.0,1.0,linear_word,B,A,False,-2.971761703491211,-3.784261703491211,-7.221761703491211,-5.409261703491211
2026-05-20T19:22:32.896888+00:00,mlx-community/Qwen3-0.6B-4bit,66,hrm,0.35294117647058826,6,17,2.2136626669998805,1,1,0.35,0.03,0.08,0.03,0.03,1.0,1.0,1.0,reverse_discount,C,A,False,-2.8645381927490234,-4.302038192749023,-6.552038192749023,-6.114538192749023
2026-05-20T19:22:32.896888+00:00,mlx-community/Qwen3-0.6B-4bit,66,hrm,0.35294117647058826,6,17,2.2136626669998805,1,1,0.35,0.03,0.08,0.03,0.03,1.0,1.0,1.0,multiples,B,B,True,-2.0990524291992188,-1.8490524291992188,-5.161552429199219,-2.7240524291992188
2026-05-20T19:22:32.896888+00:00,mlx-community/Qwen3-0.6B-4bit,66,hrm,0.35294117647058826,6,17,2.2136626669998805,1,1,0.35,0.03,0.08,0.03,0.03,1.0,1.0,1.0,rectangle,B,A,False,-2.3739280700683594,-3.6864280700683594,-7.061428070068359,-4.998928070068359
2026-05-20T19:22:32.896888+00:00,mlx-community/Qwen3-0.6B-4bit,66,hrm,0.35294117647058826,6,17,2.2136626669998805,1,1,0.35,0.03,0.08,0.03,0.03,1.0,1.0,1.0,average,C,A,False,-3.0114059448242188,-3.6989059448242188,-6.198905944824219,-5.886405944824219
2026-05-20T19:22:32.896888+00:00,mlx-community/Qwen3-0.6B-4bit,66,hrm,0.35294117647058826,6,17,2.2136626669998805,1,1,0.35,0.03,0.08,0.03,0.03,1.0,1.0,1.0,combinations,B,A,False,-3.7790374755859375,-4.2790374755859375,-6.2165374755859375,-4.5290374755859375
2026-05-20T19:22:32.896888+00:00,mlx-community/Qwen3-0.6B-4bit,66,hrm,0.35294117647058826,6,17,2.2136626669998805,1,1,0.35,0.03,0.08,0.03,0.03,1.0,1.0,1.0,coins,C,B,False,-4.567756652832031,-4.255256652832031,-4.567756652832031,-4.942756652832031
2026-05-20T19:22:32.896888+00:00,mlx-community/Qwen3-0.6B-4bit,66,hrm,0.35294117647058826,6,17,2.2136626669998805,1,1,0.35,0.03,0.08,0.03,0.03,1.0,1.0,1.0,modular_small,B,B,True,-1.7122135162353516,-1.3372135162353516,-3.8997135162353516,-3.7122135162353516
2026-05-20T19:22:32.896888+00:00,mlx-community/Qwen3-0.6B-4bit,66,hrm,0.35294117647058826,6,17,2.2136626669998805,1,1,0.35,0.03,0.08,0.03,0.03,1.0,1.0,1.0,syllogism,A,B,False,-5.904928207397461,-4.217428207397461,-6.779928207397461,-5.779928207397461
2026-05-20T19:22:35.105611+00:00,mlx-community/Qwen3-0.6B-4bit,67,hrm,0.4117647058823529,7,17,2.2085281670006225,1,1,0.35,0.05,0.02,0.01,0.01,1.0,1.0,1.0,algebra,B,B,True,-4.392793655395508,-3.830293655395508,-5.392793655395508,-6.642793655395508
2026-05-20T19:22:35.105611+00:00,mlx-community/Qwen3-0.6B-4bit,67,hrm,0.4117647058823529,7,17,2.2085281670006225,1,1,0.35,0.05,0.02,0.01,0.01,1.0,1.0,1.0,markup,C,A,False,-3.1292457580566406,-4.441745758056641,-6.004245758056641,-6.691745758056641
2026-05-20T19:22:35.105611+00:00,mlx-community/Qwen3-0.6B-4bit,67,hrm,0.4117647058823529,7,17,2.2085281670006225,1,1,0.35,0.05,0.02,0.01,0.01,1.0,1.0,1.0,boxes,C,A,False,-2.517941474914551,-2.767941474914551,-5.267941474914551,-2.642941474914551
2026-05-20T19:22:35.105611+00:00,mlx-community/Qwen3-0.6B-4bit,67,hrm,0.4117647058823529,7,17,2.2085281670006225,1,1,0.35,0.05,0.02,0.01,0.01,1.0,1.0,1.0,inclusion,B,B,True,-2.293315887451172,-1.6058158874511719,-4.855815887451172,-3.418315887451172
2026-05-20T19:22:35.105611+00:00,mlx-community/Qwen3-0.6B-4bit,67,hrm,0.4117647058823529,7,17,2.2085281670006225,1,1,0.35,0.05,0.02,0.01,0.01,1.0,1.0,1.0,modular,B,B,True,-1.7808876037597656,-1.7183876037597656,-4.405887603759766,-3.9058876037597656
2026-05-20T19:22:35.105611+00:00,mlx-community/Qwen3-0.6B-4bit,67,hrm,0.4117647058823529,7,17,2.2085281670006225,1,1,0.35,0.05,0.02,0.01,0.01,1.0,1.0,1.0,work_rate,A,A,True,-1.7034683227539062,-3.2659683227539062,-6.765968322753906,-4.953468322753906
2026-05-20T19:22:35.105611+00:00,mlx-community/Qwen3-0.6B-4bit,67,hrm,0.4117647058823529,7,17,2.2085281670006225,1,1,0.35,0.05,0.02,0.01,0.01,1.0,1.0,1.0,probability,B,B,True,-3.2451248168945312,-2.4326248168945312,-5.307624816894531,-4.120124816894531
2026-05-20T19:22:35.105611+00:00,mlx-community/Qwen3-0.6B-4bit,67,hrm,0.4117647058823529,7,17,2.2085281670006225,1,1,0.35,0.05,0.02,0.01,0.01,1.0,1.0,1.0,sequence,C,B,False,-3.828908920288086,-3.391408920288086,-3.578908920288086,-5.453908920288086
2026-05-20T19:22:35.105611+00:00,mlx-community/Qwen3-0.6B-4bit,67,hrm,0.4117647058823529,7,17,2.2085281670006225,1,1,0.35,0.05,0.02,0.01,0.01,1.0,1.0,1.0,linear_word,B,A,False,-3.0189743041992188,-3.7689743041992188,-7.268974304199219,-5.393974304199219
2026-05-20T19:22:35.105611+00:00,mlx-community/Qwen3-0.6B-4bit,67,hrm,0.4117647058823529,7,17,2.2085281670006225,1,1,0.35,0.05,0.02,0.01,0.01,1.0,1.0,1.0,reverse_discount,C,A,False,-2.862455368041992,-4.362455368041992,-6.549955368041992,-6.112455368041992
2026-05-20T19:22:35.105611+00:00,mlx-community/Qwen3-0.6B-4bit,67,hrm,0.4117647058823529,7,17,2.2085281670006225,1,1,0.35,0.05,0.02,0.01,0.01,1.0,1.0,1.0,multiples,B,B,True,-2.0571727752685547,-1.8696727752685547,-5.182172775268555,-2.7446727752685547
2026-05-20T19:22:35.105611+00:00,mlx-community/Qwen3-0.6B-4bit,67,hrm,0.4117647058823529,7,17,2.2085281670006225,1,1,0.35,0.05,0.02,0.01,0.01,1.0,1.0,1.0,rectangle,B,A,False,-2.334095001220703,-3.646595001220703,-7.146595001220703,-5.021595001220703
2026-05-20T19:22:35.105611+00:00,mlx-community/Qwen3-0.6B-4bit,67,hrm,0.4117647058823529,7,17,2.2085281670006225,1,1,0.35,0.05,0.02,0.01,0.01,1.0,1.0,1.0,average,C,A,False,-2.974374771118164,-3.661874771118164,-6.161874771118164,-5.849374771118164
2026-05-20T19:22:35.105611+00:00,mlx-community/Qwen3-0.6B-4bit,67,hrm,0.4117647058823529,7,17,2.2085281670006225,1,1,0.35,0.05,0.02,0.01,0.01,1.0,1.0,1.0,combinations,B,A,False,-3.7607803344726562,-4.260780334472656,-6.198280334472656,-4.510780334472656
2026-05-20T19:22:35.105611+00:00,mlx-community/Qwen3-0.6B-4bit,67,hrm,0.4117647058823529,7,17,2.2085281670006225,1,1,0.35,0.05,0.02,0.01,0.01,1.0,1.0,1.0,coins,C,B,False,-4.563531875610352,-4.313531875610352,-4.563531875610352,-4.938531875610352
2026-05-20T19:22:35.105611+00:00,mlx-community/Qwen3-0.6B-4bit,67,hrm,0.4117647058823529,7,17,2.2085281670006225,1,1,0.35,0.05,0.02,0.01,0.01,1.0,1.0,1.0,modular_small,B,B,True,-1.8291130065917969,-1.3291130065917969,-3.766613006591797,-3.641613006591797
2026-05-20T19:22:35.105611+00:00,mlx-community/Qwen3-0.6B-4bit,67,hrm,0.4117647058823529,7,17,2.2085281670006225,1,1,0.35,0.05,0.02,0.01,0.01,1.0,1.0,1.0,syllogism,A,B,False,-5.915282249450684,-4.227782249450684,-6.790282249450684,-5.790282249450684
2026-05-20T19:22:37.314556+00:00,mlx-community/Qwen3-0.6B-4bit,68,hrm,0.4117647058823529,7,17,2.2087391249988286,1,1,0.35,0.05,0.02,0.03,0.03,1.0,1.0,1.0,algebra,B,B,True,-4.445274353027344,-3.8202743530273438,-5.445274353027344,-6.632774353027344
2026-05-20T19:22:37.314556+00:00,mlx-community/Qwen3-0.6B-4bit,68,hrm,0.4117647058823529,7,17,2.2087391249988286,1,1,0.35,0.05,0.02,0.03,0.03,1.0,1.0,1.0,markup,C,A,False,-3.139263153076172,-4.389263153076172,-6.014263153076172,-6.701763153076172
2026-05-20T19:22:37.314556+00:00,mlx-community/Qwen3-0.6B-4bit,68,hrm,0.4117647058823529,7,17,2.2087391249988286,1,1,0.35,0.05,0.02,0.03,0.03,1.0,1.0,1.0,boxes,C,A,False,-2.5233774185180664,-2.7108774185180664,-5.273377418518066,-2.7108774185180664
2026-05-20T19:22:37.314556+00:00,mlx-community/Qwen3-0.6B-4bit,68,hrm,0.4117647058823529,7,17,2.2087391249988286,1,1,0.35,0.05,0.02,0.03,0.03,1.0,1.0,1.0,inclusion,B,B,True,-2.297046661376953,-1.6095466613769531,-4.859546661376953,-3.359546661376953
2026-05-20T19:22:37.314556+00:00,mlx-community/Qwen3-0.6B-4bit,68,hrm,0.4117647058823529,7,17,2.2087391249988286,1,1,0.35,0.05,0.02,0.03,0.03,1.0,1.0,1.0,modular,B,B,True,-1.7871456146240234,-1.7246456146240234,-4.349645614624023,-3.8496456146240234
2026-05-20T19:22:37.314556+00:00,mlx-community/Qwen3-0.6B-4bit,68,hrm,0.4117647058823529,7,17,2.2087391249988286,1,1,0.35,0.05,0.02,0.03,0.03,1.0,1.0,1.0,work_rate,A,A,True,-1.6244735717773438,-3.2494735717773438,-6.749473571777344,-4.999473571777344
2026-05-20T19:22:37.314556+00:00,mlx-community/Qwen3-0.6B-4bit,68,hrm,0.4117647058823529,7,17,2.2087391249988286,1,1,0.35,0.05,0.02,0.03,0.03,1.0,1.0,1.0,probability,B,B,True,-3.2662353515625,-2.4537353515625,-5.3287353515625,-4.1412353515625
2026-05-20T19:22:37.314556+00:00,mlx-community/Qwen3-0.6B-4bit,68,hrm,0.4117647058823529,7,17,2.2087391249988286,1,1,0.35,0.05,0.02,0.03,0.03,1.0,1.0,1.0,sequence,C,B,False,-3.830141067504883,-3.392641067504883,-3.580141067504883,-5.517641067504883
2026-05-20T19:22:37.314556+00:00,mlx-community/Qwen3-0.6B-4bit,68,hrm,0.4117647058823529,7,17,2.2087391249988286,1,1,0.35,0.05,0.02,0.03,0.03,1.0,1.0,1.0,linear_word,B,A,False,-2.9992103576660156,-3.7492103576660156,-7.249210357666016,-5.374210357666016
2026-05-20T19:22:37.314556+00:00,mlx-community/Qwen3-0.6B-4bit,68,hrm,0.4117647058823529,7,17,2.2087391249988286,1,1,0.35,0.05,0.02,0.03,0.03,1.0,1.0,1.0,reverse_discount,C,A,False,-2.810758590698242,-4.373258590698242,-6.498258590698242,-6.123258590698242
2026-05-20T19:22:37.314556+00:00,mlx-community/Qwen3-0.6B-4bit,68,hrm,0.4117647058823529,7,17,2.2087391249988286,1,1,0.35,0.05,0.02,0.03,0.03,1.0,1.0,1.0,multiples,B,B,True,-2.0288028717041016,-1.9038028717041016,-5.216302871704102,-2.7788028717041016
2026-05-20T19:22:37.314556+00:00,mlx-community/Qwen3-0.6B-4bit,68,hrm,0.4117647058823529,7,17,2.2087391249988286,1,1,0.35,0.05,0.02,0.03,0.03,1.0,1.0,1.0,rectangle,B,A,False,-2.3399314880371094,-3.6524314880371094,-7.089931488037109,-4.964931488037109
2026-05-20T19:22:37.314556+00:00,mlx-community/Qwen3-0.6B-4bit,68,hrm,0.4117647058823529,7,17,2.2087391249988286,1,1,0.35,0.05,0.02,0.03,0.03,1.0,1.0,1.0,average,C,A,False,-2.997831344604492,-3.685331344604492,-6.185331344604492,-5.872831344604492
2026-05-20T19:22:37.314556+00:00,mlx-community/Qwen3-0.6B-4bit,68,hrm,0.4117647058823529,7,17,2.2087391249988286,1,1,0.35,0.05,0.02,0.03,0.03,1.0,1.0,1.0,combinations,B,A,False,-3.7381725311279297,-4.23817253112793,-6.17567253112793,-4.55067253112793
2026-05-20T19:22:37.314556+00:00,mlx-community/Qwen3-0.6B-4bit,68,hrm,0.4117647058823529,7,17,2.2087391249988286,1,1,0.35,0.05,0.02,0.03,0.03,1.0,1.0,1.0,coins,C,B,False,-4.541509628295898,-4.291509628295898,-4.604009628295898,-4.979009628295898
2026-05-20T19:22:37.314556+00:00,mlx-community/Qwen3-0.6B-4bit,68,hrm,0.4117647058823529,7,17,2.2087391249988286,1,1,0.35,0.05,0.02,0.03,0.03,1.0,1.0,1.0,modular_small,B,B,True,-1.784891128540039,-1.347391128540039,-3.784891128540039,-3.597391128540039
2026-05-20T19:22:37.314556+00:00,mlx-community/Qwen3-0.6B-4bit,68,hrm,0.4117647058823529,7,17,2.2087391249988286,1,1,0.35,0.05,0.02,0.03,0.03,1.0,1.0,1.0,syllogism,A,B,False,-5.9199676513671875,-4.2324676513671875,-6.7324676513671875,-5.7949676513671875
2026-05-20T19:22:39.547620+00:00,mlx-community/Qwen3-0.6B-4bit,69,hrm,0.35294117647058826,6,17,2.232853707999311,1,1,0.35,0.05,0.05,0.01,0.01,1.0,1.0,1.0,algebra,B,B,True,-4.447088241577148,-3.8220882415771484,-5.384588241577148,-6.634588241577148
2026-05-20T19:22:39.547620+00:00,mlx-community/Qwen3-0.6B-4bit,69,hrm,0.35294117647058826,6,17,2.232853707999311,1,1,0.35,0.05,0.05,0.01,0.01,1.0,1.0,1.0,markup,C,A,False,-3.149049758911133,-4.461549758911133,-6.024049758911133,-6.711549758911133
2026-05-20T19:22:39.547620+00:00,mlx-community/Qwen3-0.6B-4bit,69,hrm,0.35294117647058826,6,17,2.232853707999311,1,1,0.35,0.05,0.05,0.01,0.01,1.0,1.0,1.0,boxes,C,A,False,-2.571099281311035,-2.758599281311035,-5.196099281311035,-2.696099281311035
2026-05-20T19:22:39.547620+00:00,mlx-community/Qwen3-0.6B-4bit,69,hrm,0.35294117647058826,6,17,2.232853707999311,1,1,0.35,0.05,0.05,0.01,0.01,1.0,1.0,1.0,inclusion,B,B,True,-2.3024253845214844,-1.6149253845214844,-4.864925384521484,-3.3024253845214844
2026-05-20T19:22:39.547620+00:00,mlx-community/Qwen3-0.6B-4bit,69,hrm,0.35294117647058826,6,17,2.232853707999311,1,1,0.35,0.05,0.05,0.01,0.01,1.0,1.0,1.0,modular,B,A,False,-1.7597236633300781,-1.7597236633300781,-4.509723663330078,-3.947223663330078
2026-05-20T19:22:39.547620+00:00,mlx-community/Qwen3-0.6B-4bit,69,hrm,0.35294117647058826,6,17,2.232853707999311,1,1,0.35,0.05,0.05,0.01,0.01,1.0,1.0,1.0,work_rate,A,A,True,-1.659475326538086,-3.346975326538086,-6.784475326538086,-4.971975326538086
2026-05-20T19:22:39.547620+00:00,mlx-community/Qwen3-0.6B-4bit,69,hrm,0.35294117647058826,6,17,2.232853707999311,1,1,0.35,0.05,0.05,0.01,0.01,1.0,1.0,1.0,probability,B,B,True,-3.2723922729492188,-2.3973922729492188,-5.334892272949219,-4.147392272949219
2026-05-20T19:22:39.547620+00:00,mlx-community/Qwen3-0.6B-4bit,69,hrm,0.35294117647058826,6,17,2.232853707999311,1,1,0.35,0.05,0.05,0.01,0.01,1.0,1.0,1.0,sequence,C,B,False,-3.8285350799560547,-3.3285350799560547,-3.5785350799560547,-5.516035079956055
2026-05-20T19:22:39.547620+00:00,mlx-community/Qwen3-0.6B-4bit,69,hrm,0.35294117647058826,6,17,2.232853707999311,1,1,0.35,0.05,0.05,0.01,0.01,1.0,1.0,1.0,linear_word,B,A,False,-3.0000362396240234,-3.7500362396240234,-7.250036239624023,-5.375036239624023
2026-05-20T19:22:39.547620+00:00,mlx-community/Qwen3-0.6B-4bit,69,hrm,0.35294117647058826,6,17,2.232853707999311,1,1,0.35,0.05,0.05,0.01,0.01,1.0,1.0,1.0,reverse_discount,C,A,False,-2.8718833923339844,-4.371883392333984,-6.559383392333984,-6.121883392333984
2026-05-20T19:22:39.547620+00:00,mlx-community/Qwen3-0.6B-4bit,69,hrm,0.35294117647058826,6,17,2.232853707999311,1,1,0.35,0.05,0.05,0.01,0.01,1.0,1.0,1.0,multiples,B,B,True,-2.087430953979492,-1.8999309539794922,-5.212430953979492,-2.712430953979492
2026-05-20T19:22:39.547620+00:00,mlx-community/Qwen3-0.6B-4bit,69,hrm,0.35294117647058826,6,17,2.232853707999311,1,1,0.35,0.05,0.05,0.01,0.01,1.0,1.0,1.0,rectangle,B,A,False,-2.3270740509033203,-3.7020740509033203,-7.07707405090332,-4.95207405090332
2026-05-20T19:22:39.547620+00:00,mlx-community/Qwen3-0.6B-4bit,69,hrm,0.35294117647058826,6,17,2.232853707999311,1,1,0.35,0.05,0.05,0.01,0.01,1.0,1.0,1.0,average,C,A,False,-2.9633255004882812,-3.7133255004882812,-6.213325500488281,-5.900825500488281
2026-05-20T19:22:39.547620+00:00,mlx-community/Qwen3-0.6B-4bit,69,hrm,0.35294117647058826,6,17,2.232853707999311,1,1,0.35,0.05,0.05,0.01,0.01,1.0,1.0,1.0,combinations,B,A,False,-3.7367687225341797,-4.23676872253418,-6.17426872253418,-4.54926872253418
2026-05-20T19:22:39.547620+00:00,mlx-community/Qwen3-0.6B-4bit,69,hrm,0.35294117647058826,6,17,2.232853707999311,1,1,0.35,0.05,0.05,0.01,0.01,1.0,1.0,1.0,coins,C,B,False,-4.555091857910156,-4.305091857910156,-4.617591857910156,-4.930091857910156
2026-05-20T19:22:39.547620+00:00,mlx-community/Qwen3-0.6B-4bit,69,hrm,0.35294117647058826,6,17,2.232853707999311,1,1,0.35,0.05,0.05,0.01,0.01,1.0,1.0,1.0,modular_small,B,B,True,-1.7127265930175781,-1.3377265930175781,-3.900226593017578,-3.775226593017578
2026-05-20T19:22:39.547620+00:00,mlx-community/Qwen3-0.6B-4bit,69,hrm,0.35294117647058826,6,17,2.232853707999311,1,1,0.35,0.05,0.05,0.01,0.01,1.0,1.0,1.0,syllogism,A,B,False,-5.90608024597168,-4.21858024597168,-6.78108024597168,-5.84358024597168
