timestamp_utc,model,run_id,label,accuracy,correct,total,elapsed_s,h_cycles,l_cycles,logit_blend,alpha_l,alpha_h,beta_l,beta_h,update_mix_l,update_mix_h,refined_delta_scale,split_index,case,expected,prediction,is_correct,score_A,score_B,score_C,score_D
2026-05-20T19:31:45.991913+00:00,mlx-community/Qwen3-1.7B-4bit,0,base,0.5882352941176471,10,17,1.9532605000022158,0,1,0.0,0.0,0.0,0.0,0.0,1.0,1.0,0.0,14,algebra,B,B,True,-3.6954193115234375,-0.0704193115234375,-6.9454193115234375,-4.9454193115234375
2026-05-20T19:31:45.991913+00:00,mlx-community/Qwen3-1.7B-4bit,0,base,0.5882352941176471,10,17,1.9532605000022158,0,1,0.0,0.0,0.0,0.0,0.0,1.0,1.0,0.0,14,markup,C,D,False,-2.409404754638672,-3.159404754638672,-6.659404754638672,-0.4094047546386719
2026-05-20T19:31:45.991913+00:00,mlx-community/Qwen3-1.7B-4bit,0,base,0.5882352941176471,10,17,1.9532605000022158,0,1,0.0,0.0,0.0,0.0,0.0,1.0,1.0,0.0,14,boxes,C,C,True,-6.928346633911133,-6.303346633911133,-0.1783466339111328,-5.053346633911133
2026-05-20T19:31:45.991913+00:00,mlx-community/Qwen3-1.7B-4bit,0,base,0.5882352941176471,10,17,1.9532605000022158,0,1,0.0,0.0,0.0,0.0,0.0,1.0,1.0,0.0,14,inclusion,B,B,True,-2.6451854705810547,-1.6451854705810547,-2.5201854705810547,-4.270185470581055
2026-05-20T19:31:45.991913+00:00,mlx-community/Qwen3-1.7B-4bit,0,base,0.5882352941176471,10,17,1.9532605000022158,0,1,0.0,0.0,0.0,0.0,0.0,1.0,1.0,0.0,14,modular,B,B,True,-3.0824050903320312,-1.3324050903320312,-3.2074050903320312,-1.5824050903320312
2026-05-20T19:31:45.991913+00:00,mlx-community/Qwen3-1.7B-4bit,0,base,0.5882352941176471,10,17,1.9532605000022158,0,1,0.0,0.0,0.0,0.0,0.0,1.0,1.0,0.0,14,work_rate,A,A,True,-0.17084503173828125,-5.170845031738281,-8.795845031738281,-7.045845031738281
2026-05-20T19:31:45.991913+00:00,mlx-community/Qwen3-1.7B-4bit,0,base,0.5882352941176471,10,17,1.9532605000022158,0,1,0.0,0.0,0.0,0.0,0.0,1.0,1.0,0.0,14,probability,B,A,False,-0.7300300598144531,-2.230030059814453,-4.105030059814453,-1.9800300598144531
2026-05-20T19:31:45.991913+00:00,mlx-community/Qwen3-1.7B-4bit,0,base,0.5882352941176471,10,17,1.9532605000022158,0,1,0.0,0.0,0.0,0.0,0.0,1.0,1.0,0.0,14,sequence,C,B,False,-3.447793960571289,-0.44779396057128906,-3.322793960571289,-2.197793960571289
2026-05-20T19:31:45.991913+00:00,mlx-community/Qwen3-1.7B-4bit,0,base,0.5882352941176471,10,17,1.9532605000022158,0,1,0.0,0.0,0.0,0.0,0.0,1.0,1.0,0.0,14,linear_word,B,B,True,-2.6383895874023438,-1.6383895874023438,-4.138389587402344,-2.5133895874023438
2026-05-20T19:31:45.991913+00:00,mlx-community/Qwen3-1.7B-4bit,0,base,0.5882352941176471,10,17,1.9532605000022158,0,1,0.0,0.0,0.0,0.0,0.0,1.0,1.0,0.0,14,reverse_discount,C,B,False,-3.0061607360839844,-0.5061607360839844,-4.006160736083984,-1.7561607360839844
2026-05-20T19:31:45.991913+00:00,mlx-community/Qwen3-1.7B-4bit,0,base,0.5882352941176471,10,17,1.9532605000022158,0,1,0.0,0.0,0.0,0.0,0.0,1.0,1.0,0.0,14,multiples,B,D,False,-5.171377182006836,-5.796377182006836,-1.296377182006836,-0.6713771820068359
2026-05-20T19:31:45.991913+00:00,mlx-community/Qwen3-1.7B-4bit,0,base,0.5882352941176471,10,17,1.9532605000022158,0,1,0.0,0.0,0.0,0.0,0.0,1.0,1.0,0.0,14,rectangle,B,B,True,-3.7156925201416016,-0.09069252014160156,-6.840692520141602,-6.215692520141602
2026-05-20T19:31:45.991913+00:00,mlx-community/Qwen3-1.7B-4bit,0,base,0.5882352941176471,10,17,1.9532605000022158,0,1,0.0,0.0,0.0,0.0,0.0,1.0,1.0,0.0,14,average,C,C,True,-3.0646419525146484,-6.439641952514648,-0.18964195251464844,-5.314641952514648
2026-05-20T19:31:45.991913+00:00,mlx-community/Qwen3-1.7B-4bit,0,base,0.5882352941176471,10,17,1.9532605000022158,0,1,0.0,0.0,0.0,0.0,0.0,1.0,1.0,0.0,14,combinations,B,B,True,-7.549112319946289,-0.04911231994628906,-8.299112319946289,-9.549112319946289
2026-05-20T19:31:45.991913+00:00,mlx-community/Qwen3-1.7B-4bit,0,base,0.5882352941176471,10,17,1.9532605000022158,0,1,0.0,0.0,0.0,0.0,0.0,1.0,1.0,0.0,14,coins,C,C,True,-6.927867889404297,-10.552867889404297,-0.052867889404296875,-9.927867889404297
2026-05-20T19:31:45.991913+00:00,mlx-community/Qwen3-1.7B-4bit,0,base,0.5882352941176471,10,17,1.9532605000022158,0,1,0.0,0.0,0.0,0.0,0.0,1.0,1.0,0.0,14,modular_small,B,A,False,-1.3374977111816406,-2.4624977111816406,-2.3374977111816406,-1.8374977111816406
2026-05-20T19:31:45.991913+00:00,mlx-community/Qwen3-1.7B-4bit,0,base,0.5882352941176471,10,17,1.9532605000022158,0,1,0.0,0.0,0.0,0.0,0.0,1.0,1.0,0.0,14,syllogism,A,D,False,-4.51141357421875,-4.63641357421875,-3.51141357421875,-0.26141357421875
2026-05-20T19:31:51.794132+00:00,mlx-community/Qwen3-1.7B-4bit,1,hrm,0.5882352941176471,10,17,5.8019277499988675,1,1,0.12,0.01,0.02,0.0,0.0,1.0,1.0,1.0,10,algebra,B,B,True,-3.9460697174072266,-0.07106971740722656,-6.321069717407227,-4.696069717407227
2026-05-20T19:31:51.794132+00:00,mlx-community/Qwen3-1.7B-4bit,1,hrm,0.5882352941176471,10,17,5.8019277499988675,1,1,0.12,0.01,0.02,0.0,0.0,1.0,1.0,1.0,10,markup,C,D,False,-2.1333580017089844,-2.3833580017089844,-5.758358001708984,-0.6333580017089844
2026-05-20T19:31:51.794132+00:00,mlx-community/Qwen3-1.7B-4bit,1,hrm,0.5882352941176471,10,17,5.8019277499988675,1,1,0.12,0.01,0.02,0.0,0.0,1.0,1.0,1.0,10,boxes,C,C,True,-7.2213592529296875,-6.3463592529296875,-0.0963592529296875,-5.4713592529296875
2026-05-20T19:31:51.794132+00:00,mlx-community/Qwen3-1.7B-4bit,1,hrm,0.5882352941176471,10,17,5.8019277499988675,1,1,0.12,0.01,0.02,0.0,0.0,1.0,1.0,1.0,10,inclusion,B,B,True,-2.881389617919922,-1.5063896179199219,-2.506389617919922,-4.131389617919922
2026-05-20T19:31:51.794132+00:00,mlx-community/Qwen3-1.7B-4bit,1,hrm,0.5882352941176471,10,17,5.8019277499988675,1,1,0.12,0.01,0.02,0.0,0.0,1.0,1.0,1.0,10,modular,B,B,True,-3.2376041412353516,-0.8626041412353516,-3.2376041412353516,-1.9876041412353516
2026-05-20T19:31:51.794132+00:00,mlx-community/Qwen3-1.7B-4bit,1,hrm,0.5882352941176471,10,17,5.8019277499988675,1,1,0.12,0.01,0.02,0.0,0.0,1.0,1.0,1.0,10,work_rate,A,A,True,-0.18072891235351562,-3.9307289123535156,-7.180728912353516,-6.305728912353516
2026-05-20T19:31:51.794132+00:00,mlx-community/Qwen3-1.7B-4bit,1,hrm,0.5882352941176471,10,17,5.8019277499988675,1,1,0.12,0.01,0.02,0.0,0.0,1.0,1.0,1.0,10,probability,B,A,False,-0.8657913208007812,-1.9907913208007812,-3.6157913208007812,-2.3657913208007812
2026-05-20T19:31:51.794132+00:00,mlx-community/Qwen3-1.7B-4bit,1,hrm,0.5882352941176471,10,17,5.8019277499988675,1,1,0.12,0.01,0.02,0.0,0.0,1.0,1.0,1.0,10,sequence,C,B,False,-3.7408504486083984,-0.49085044860839844,-2.9908504486083984,-2.2408504486083984
2026-05-20T19:31:51.794132+00:00,mlx-community/Qwen3-1.7B-4bit,1,hrm,0.5882352941176471,10,17,5.8019277499988675,1,1,0.12,0.01,0.02,0.0,0.0,1.0,1.0,1.0,10,linear_word,B,B,True,-2.474933624267578,-1.0999336242675781,-3.224933624267578,-2.349933624267578
2026-05-20T19:31:51.794132+00:00,mlx-community/Qwen3-1.7B-4bit,1,hrm,0.5882352941176471,10,17,5.8019277499988675,1,1,0.12,0.01,0.02,0.0,0.0,1.0,1.0,1.0,10,reverse_discount,C,B,False,-3.229646682739258,-0.4796466827392578,-3.479646682739258,-1.9796466827392578
2026-05-20T19:31:51.794132+00:00,mlx-community/Qwen3-1.7B-4bit,1,hrm,0.5882352941176471,10,17,5.8019277499988675,1,1,0.12,0.01,0.02,0.0,0.0,1.0,1.0,1.0,10,multiples,B,C,False,-4.855167388916016,-4.730167388916016,-0.9801673889160156,-0.9801673889160156
2026-05-20T19:31:51.794132+00:00,mlx-community/Qwen3-1.7B-4bit,1,hrm,0.5882352941176471,10,17,5.8019277499988675,1,1,0.12,0.01,0.02,0.0,0.0,1.0,1.0,1.0,10,rectangle,B,B,True,-3.8417530059814453,-0.09175300598144531,-5.966753005981445,-5.841753005981445
2026-05-20T19:31:51.794132+00:00,mlx-community/Qwen3-1.7B-4bit,1,hrm,0.5882352941176471,10,17,5.8019277499988675,1,1,0.12,0.01,0.02,0.0,0.0,1.0,1.0,1.0,10,average,C,C,True,-3.3230037689208984,-5.698003768920898,-0.19800376892089844,-5.198003768920898
2026-05-20T19:31:51.794132+00:00,mlx-community/Qwen3-1.7B-4bit,1,hrm,0.5882352941176471,10,17,5.8019277499988675,1,1,0.12,0.01,0.02,0.0,0.0,1.0,1.0,1.0,10,combinations,B,B,True,-6.937417984008789,-0.06241798400878906,-6.937417984008789,-8.687417984008789
2026-05-20T19:31:51.794132+00:00,mlx-community/Qwen3-1.7B-4bit,1,hrm,0.5882352941176471,10,17,5.8019277499988675,1,1,0.12,0.01,0.02,0.0,0.0,1.0,1.0,1.0,10,coins,C,C,True,-6.797294616699219,-9.547294616699219,-0.04729461669921875,-9.547294616699219
2026-05-20T19:31:51.794132+00:00,mlx-community/Qwen3-1.7B-4bit,1,hrm,0.5882352941176471,10,17,5.8019277499988675,1,1,0.12,0.01,0.02,0.0,0.0,1.0,1.0,1.0,10,modular_small,B,A,False,-1.6737594604492188,-1.9237594604492188,-2.1737594604492188,-1.9237594604492188
2026-05-20T19:31:51.794132+00:00,mlx-community/Qwen3-1.7B-4bit,1,hrm,0.5882352941176471,10,17,5.8019277499988675,1,1,0.12,0.01,0.02,0.0,0.0,1.0,1.0,1.0,10,syllogism,A,D,False,-4.484111785888672,-3.734111785888672,-2.859111785888672,-0.3591117858886719
2026-05-20T19:31:57.774359+00:00,mlx-community/Qwen3-1.7B-4bit,2,hrm,0.5882352941176471,10,17,5.979782291000447,1,1,0.12,0.01,0.02,0.01,0.01,1.0,1.0,1.0,10,algebra,B,B,True,-3.9460620880126953,-0.07106208801269531,-6.321062088012695,-4.696062088012695
2026-05-20T19:31:57.774359+00:00,mlx-community/Qwen3-1.7B-4bit,2,hrm,0.5882352941176471,10,17,5.979782291000447,1,1,0.12,0.01,0.02,0.01,0.01,1.0,1.0,1.0,10,markup,C,D,False,-2.133199691772461,-2.383199691772461,-5.758199691772461,-0.6331996917724609
2026-05-20T19:31:57.774359+00:00,mlx-community/Qwen3-1.7B-4bit,2,hrm,0.5882352941176471,10,17,5.979782291000447,1,1,0.12,0.01,0.02,0.01,0.01,1.0,1.0,1.0,10,boxes,C,C,True,-7.335531234741211,-6.460531234741211,-0.08553123474121094,-5.585531234741211
2026-05-20T19:31:57.774359+00:00,mlx-community/Qwen3-1.7B-4bit,2,hrm,0.5882352941176471,10,17,5.979782291000447,1,1,0.12,0.01,0.02,0.01,0.01,1.0,1.0,1.0,10,inclusion,B,B,True,-2.9331226348876953,-1.4331226348876953,-2.5581226348876953,-4.183122634887695
2026-05-20T19:31:57.774359+00:00,mlx-community/Qwen3-1.7B-4bit,2,hrm,0.5882352941176471,10,17,5.979782291000447,1,1,0.12,0.01,0.02,0.01,0.01,1.0,1.0,1.0,10,modular,B,B,True,-3.2378292083740234,-0.8628292083740234,-3.2378292083740234,-1.9878292083740234
2026-05-20T19:31:57.774359+00:00,mlx-community/Qwen3-1.7B-4bit,2,hrm,0.5882352941176471,10,17,5.979782291000447,1,1,0.12,0.01,0.02,0.01,0.01,1.0,1.0,1.0,10,work_rate,A,A,True,-0.1807994842529297,-3.9307994842529297,-7.18079948425293,-6.30579948425293
2026-05-20T19:31:57.774359+00:00,mlx-community/Qwen3-1.7B-4bit,2,hrm,0.5882352941176471,10,17,5.979782291000447,1,1,0.12,0.01,0.02,0.01,0.01,1.0,1.0,1.0,10,probability,B,A,False,-0.9401187896728516,-1.9401187896728516,-3.5651187896728516,-2.3151187896728516
2026-05-20T19:31:57.774359+00:00,mlx-community/Qwen3-1.7B-4bit,2,hrm,0.5882352941176471,10,17,5.979782291000447,1,1,0.12,0.01,0.02,0.01,0.01,1.0,1.0,1.0,10,sequence,C,B,False,-3.7390308380126953,-0.4890308380126953,-2.9890308380126953,-2.2390308380126953
2026-05-20T19:31:57.774359+00:00,mlx-community/Qwen3-1.7B-4bit,2,hrm,0.5882352941176471,10,17,5.979782291000447,1,1,0.12,0.01,0.02,0.01,0.01,1.0,1.0,1.0,10,linear_word,B,B,True,-2.4786243438720703,-1.1036243438720703,-3.2286243438720703,-2.3536243438720703
2026-05-20T19:31:57.774359+00:00,mlx-community/Qwen3-1.7B-4bit,2,hrm,0.5882352941176471,10,17,5.979782291000447,1,1,0.12,0.01,0.02,0.01,0.01,1.0,1.0,1.0,10,reverse_discount,C,B,False,-3.2319793701171875,-0.4819793701171875,-3.4819793701171875,-1.9819793701171875
2026-05-20T19:31:57.774359+00:00,mlx-community/Qwen3-1.7B-4bit,2,hrm,0.5882352941176471,10,17,5.979782291000447,1,1,0.12,0.01,0.02,0.01,0.01,1.0,1.0,1.0,10,multiples,B,C,False,-4.849155426025391,-4.724155426025391,-0.9741554260253906,-0.9741554260253906
2026-05-20T19:31:57.774359+00:00,mlx-community/Qwen3-1.7B-4bit,2,hrm,0.5882352941176471,10,17,5.979782291000447,1,1,0.12,0.01,0.02,0.01,0.01,1.0,1.0,1.0,10,rectangle,B,B,True,-3.844980239868164,-0.09498023986816406,-5.969980239868164,-5.844980239868164
2026-05-20T19:31:57.774359+00:00,mlx-community/Qwen3-1.7B-4bit,2,hrm,0.5882352941176471,10,17,5.979782291000447,1,1,0.12,0.01,0.02,0.01,0.01,1.0,1.0,1.0,10,average,C,C,True,-3.3228836059570312,-5.697883605957031,-0.19788360595703125,-5.197883605957031
2026-05-20T19:31:57.774359+00:00,mlx-community/Qwen3-1.7B-4bit,2,hrm,0.5882352941176471,10,17,5.979782291000447,1,1,0.12,0.01,0.02,0.01,0.01,1.0,1.0,1.0,10,combinations,B,B,True,-6.937370300292969,-0.06237030029296875,-6.937370300292969,-8.687370300292969
2026-05-20T19:31:57.774359+00:00,mlx-community/Qwen3-1.7B-4bit,2,hrm,0.5882352941176471,10,17,5.979782291000447,1,1,0.12,0.01,0.02,0.01,0.01,1.0,1.0,1.0,10,coins,C,C,True,-6.79728889465332,-9.54728889465332,-0.04728889465332031,-9.54728889465332
2026-05-20T19:31:57.774359+00:00,mlx-community/Qwen3-1.7B-4bit,2,hrm,0.5882352941176471,10,17,5.979782291000447,1,1,0.12,0.01,0.02,0.01,0.01,1.0,1.0,1.0,10,modular_small,B,A,False,-1.6680583953857422,-1.9180583953857422,-2.168058395385742,-1.9180583953857422
2026-05-20T19:31:57.774359+00:00,mlx-community/Qwen3-1.7B-4bit,2,hrm,0.5882352941176471,10,17,5.979782291000447,1,1,0.12,0.01,0.02,0.01,0.01,1.0,1.0,1.0,10,syllogism,A,D,False,-4.482866287231445,-3.7328662872314453,-2.8578662872314453,-0.3578662872314453
2026-05-20T19:32:03.160570+00:00,mlx-community/Qwen3-1.7B-4bit,3,hrm,0.5882352941176471,10,17,5.385983165997459,1,1,0.12,0.01,0.05,0.0,0.0,1.0,1.0,1.0,10,algebra,B,B,True,-4.068855285644531,-0.06885528564453125,-6.318855285644531,-4.693855285644531
2026-05-20T19:32:03.160570+00:00,mlx-community/Qwen3-1.7B-4bit,3,hrm,0.5882352941176471,10,17,5.385983165997459,1,1,0.12,0.01,0.05,0.0,0.0,1.0,1.0,1.0,10,markup,C,D,False,-2.1329593658447266,-2.3829593658447266,-5.757959365844727,-0.6329593658447266
2026-05-20T19:32:03.160570+00:00,mlx-community/Qwen3-1.7B-4bit,3,hrm,0.5882352941176471,10,17,5.385983165997459,1,1,0.12,0.01,0.05,0.0,0.0,1.0,1.0,1.0,10,boxes,C,C,True,-7.335563659667969,-6.460563659667969,-0.08556365966796875,-5.585563659667969
2026-05-20T19:32:03.160570+00:00,mlx-community/Qwen3-1.7B-4bit,3,hrm,0.5882352941176471,10,17,5.385983165997459,1,1,0.12,0.01,0.05,0.0,0.0,1.0,1.0,1.0,10,inclusion,B,B,True,-2.865182876586914,-1.490182876586914,-2.490182876586914,-4.115182876586914
2026-05-20T19:32:03.160570+00:00,mlx-community/Qwen3-1.7B-4bit,3,hrm,0.5882352941176471,10,17,5.385983165997459,1,1,0.12,0.01,0.05,0.0,0.0,1.0,1.0,1.0,10,modular,B,B,True,-3.3513317108154297,-0.8513317108154297,-3.3513317108154297,-1.9763317108154297
2026-05-20T19:32:03.160570+00:00,mlx-community/Qwen3-1.7B-4bit,3,hrm,0.5882352941176471,10,17,5.385983165997459,1,1,0.12,0.01,0.05,0.0,0.0,1.0,1.0,1.0,10,work_rate,A,A,True,-0.18077468872070312,-3.930774688720703,-7.180774688720703,-6.305774688720703
2026-05-20T19:32:03.160570+00:00,mlx-community/Qwen3-1.7B-4bit,3,hrm,0.5882352941176471,10,17,5.385983165997459,1,1,0.12,0.01,0.05,0.0,0.0,1.0,1.0,1.0,10,probability,B,A,False,-0.9228382110595703,-2.0478382110595703,-3.5478382110595703,-2.2978382110595703
2026-05-20T19:32:03.160570+00:00,mlx-community/Qwen3-1.7B-4bit,3,hrm,0.5882352941176471,10,17,5.385983165997459,1,1,0.12,0.01,0.05,0.0,0.0,1.0,1.0,1.0,10,sequence,C,B,False,-3.7407150268554688,-0.49071502685546875,-2.9907150268554688,-2.2407150268554688
2026-05-20T19:32:03.160570+00:00,mlx-community/Qwen3-1.7B-4bit,3,hrm,0.5882352941176471,10,17,5.385983165997459,1,1,0.12,0.01,0.05,0.0,0.0,1.0,1.0,1.0,10,linear_word,B,B,True,-2.4748802185058594,-1.0998802185058594,-3.2248802185058594,-2.3498802185058594
2026-05-20T19:32:03.160570+00:00,mlx-community/Qwen3-1.7B-4bit,3,hrm,0.5882352941176471,10,17,5.385983165997459,1,1,0.12,0.01,0.05,0.0,0.0,1.0,1.0,1.0,10,reverse_discount,C,B,False,-3.227052688598633,-0.4770526885986328,-3.477052688598633,-1.9770526885986328
2026-05-20T19:32:03.160570+00:00,mlx-community/Qwen3-1.7B-4bit,3,hrm,0.5882352941176471,10,17,5.385983165997459,1,1,0.12,0.01,0.05,0.0,0.0,1.0,1.0,1.0,10,multiples,B,C,False,-4.979242324829102,-4.729242324829102,-0.9792423248291016,-0.9792423248291016
2026-05-20T19:32:03.160570+00:00,mlx-community/Qwen3-1.7B-4bit,3,hrm,0.5882352941176471,10,17,5.385983165997459,1,1,0.12,0.01,0.05,0.0,0.0,1.0,1.0,1.0,10,rectangle,B,B,True,-3.8445968627929688,-0.09459686279296875,-5.969596862792969,-5.969596862792969
2026-05-20T19:32:03.160570+00:00,mlx-community/Qwen3-1.7B-4bit,3,hrm,0.5882352941176471,10,17,5.385983165997459,1,1,0.12,0.01,0.05,0.0,0.0,1.0,1.0,1.0,10,average,C,C,True,-3.2216434478759766,-5.596643447875977,-0.22164344787597656,-5.096643447875977
2026-05-20T19:32:03.160570+00:00,mlx-community/Qwen3-1.7B-4bit,3,hrm,0.5882352941176471,10,17,5.385983165997459,1,1,0.12,0.01,0.05,0.0,0.0,1.0,1.0,1.0,10,combinations,B,B,True,-6.940755844116211,-0.06575584411621094,-6.940755844116211,-8.690755844116211
2026-05-20T19:32:03.160570+00:00,mlx-community/Qwen3-1.7B-4bit,3,hrm,0.5882352941176471,10,17,5.385983165997459,1,1,0.12,0.01,0.05,0.0,0.0,1.0,1.0,1.0,10,coins,C,C,True,-6.680778503417969,-9.430778503417969,-0.05577850341796875,-9.430778503417969
2026-05-20T19:32:03.160570+00:00,mlx-community/Qwen3-1.7B-4bit,3,hrm,0.5882352941176471,10,17,5.385983165997459,1,1,0.12,0.01,0.05,0.0,0.0,1.0,1.0,1.0,10,modular_small,B,A,False,-1.6351661682128906,-1.8851661682128906,-2.1351661682128906,-1.8851661682128906
2026-05-20T19:32:03.160570+00:00,mlx-community/Qwen3-1.7B-4bit,3,hrm,0.5882352941176471,10,17,5.385983165997459,1,1,0.12,0.01,0.05,0.0,0.0,1.0,1.0,1.0,10,syllogism,A,D,False,-4.482770919799805,-3.7327709197998047,-2.8577709197998047,-0.3577709197998047
2026-05-20T19:32:08.368511+00:00,mlx-community/Qwen3-1.7B-4bit,4,hrm,0.5882352941176471,10,17,5.207741542002623,1,1,0.12,0.01,0.05,0.01,0.01,1.0,1.0,1.0,10,algebra,B,B,True,-4.068778991699219,-0.06877899169921875,-6.318778991699219,-4.693778991699219
2026-05-20T19:32:08.368511+00:00,mlx-community/Qwen3-1.7B-4bit,4,hrm,0.5882352941176471,10,17,5.207741542002623,1,1,0.12,0.01,0.05,0.01,0.01,1.0,1.0,1.0,10,markup,C,D,False,-2.132963180541992,-2.382963180541992,-5.757963180541992,-0.6329631805419922
2026-05-20T19:32:08.368511+00:00,mlx-community/Qwen3-1.7B-4bit,4,hrm,0.5882352941176471,10,17,5.207741542002623,1,1,0.12,0.01,0.05,0.01,0.01,1.0,1.0,1.0,10,boxes,C,C,True,-7.33564567565918,-6.46064567565918,-0.08564567565917969,-5.58564567565918
2026-05-20T19:32:08.368511+00:00,mlx-community/Qwen3-1.7B-4bit,4,hrm,0.5882352941176471,10,17,5.207741542002623,1,1,0.12,0.01,0.05,0.01,0.01,1.0,1.0,1.0,10,inclusion,B,B,True,-2.9213085174560547,-1.4213085174560547,-2.5463085174560547,-4.171308517456055
2026-05-20T19:32:08.368511+00:00,mlx-community/Qwen3-1.7B-4bit,4,hrm,0.5882352941176471,10,17,5.207741542002623,1,1,0.12,0.01,0.05,0.01,0.01,1.0,1.0,1.0,10,modular,B,B,True,-3.2418956756591797,-0.8668956756591797,-3.2418956756591797,-1.9918956756591797
2026-05-20T19:32:08.368511+00:00,mlx-community/Qwen3-1.7B-4bit,4,hrm,0.5882352941176471,10,17,5.207741542002623,1,1,0.12,0.01,0.05,0.01,0.01,1.0,1.0,1.0,10,work_rate,A,A,True,-0.1806640625,-3.9306640625,-7.1806640625,-6.3056640625
2026-05-20T19:32:08.368511+00:00,mlx-community/Qwen3-1.7B-4bit,4,hrm,0.5882352941176471,10,17,5.207741542002623,1,1,0.12,0.01,0.05,0.01,0.01,1.0,1.0,1.0,10,probability,B,A,False,-0.9226093292236328,-2.047609329223633,-3.547609329223633,-2.297609329223633
2026-05-20T19:32:08.368511+00:00,mlx-community/Qwen3-1.7B-4bit,4,hrm,0.5882352941176471,10,17,5.207741542002623,1,1,0.12,0.01,0.05,0.01,0.01,1.0,1.0,1.0,10,sequence,C,B,False,-3.7405471801757812,-0.49054718017578125,-2.9905471801757812,-2.2405471801757812
2026-05-20T19:32:08.368511+00:00,mlx-community/Qwen3-1.7B-4bit,4,hrm,0.5882352941176471,10,17,5.207741542002623,1,1,0.12,0.01,0.05,0.01,0.01,1.0,1.0,1.0,10,linear_word,B,B,True,-2.4741134643554688,-1.0991134643554688,-3.2241134643554688,-2.3491134643554688
2026-05-20T19:32:08.368511+00:00,mlx-community/Qwen3-1.7B-4bit,4,hrm,0.5882352941176471,10,17,5.207741542002623,1,1,0.12,0.01,0.05,0.01,0.01,1.0,1.0,1.0,10,reverse_discount,C,B,False,-3.2293033599853516,-0.47930335998535156,-3.4793033599853516,-1.9793033599853516
2026-05-20T19:32:08.368511+00:00,mlx-community/Qwen3-1.7B-4bit,4,hrm,0.5882352941176471,10,17,5.207741542002623,1,1,0.12,0.01,0.05,0.01,0.01,1.0,1.0,1.0,10,multiples,B,C,False,-4.979196548461914,-4.729196548461914,-0.9791965484619141,-0.9791965484619141
2026-05-20T19:32:08.368511+00:00,mlx-community/Qwen3-1.7B-4bit,4,hrm,0.5882352941176471,10,17,5.207741542002623,1,1,0.12,0.01,0.05,0.01,0.01,1.0,1.0,1.0,10,rectangle,B,B,True,-3.844989776611328,-0.09498977661132812,-5.969989776611328,-5.844989776611328
2026-05-20T19:32:08.368511+00:00,mlx-community/Qwen3-1.7B-4bit,4,hrm,0.5882352941176471,10,17,5.207741542002623,1,1,0.12,0.01,0.05,0.01,0.01,1.0,1.0,1.0,10,average,C,C,True,-3.3229637145996094,-5.697963714599609,-0.19796371459960938,-5.197963714599609
2026-05-20T19:32:08.368511+00:00,mlx-community/Qwen3-1.7B-4bit,4,hrm,0.5882352941176471,10,17,5.207741542002623,1,1,0.12,0.01,0.05,0.01,0.01,1.0,1.0,1.0,10,combinations,B,B,True,-6.937416076660156,-0.06241607666015625,-6.937416076660156,-8.687416076660156
2026-05-20T19:32:08.368511+00:00,mlx-community/Qwen3-1.7B-4bit,4,hrm,0.5882352941176471,10,17,5.207741542002623,1,1,0.12,0.01,0.05,0.01,0.01,1.0,1.0,1.0,10,coins,C,C,True,-6.797281265258789,-9.547281265258789,-0.04728126525878906,-9.547281265258789
2026-05-20T19:32:08.368511+00:00,mlx-community/Qwen3-1.7B-4bit,4,hrm,0.5882352941176471,10,17,5.207741542002623,1,1,0.12,0.01,0.05,0.01,0.01,1.0,1.0,1.0,10,modular_small,B,A,False,-1.6683578491210938,-1.9183578491210938,-2.1683578491210938,-1.9183578491210938
2026-05-20T19:32:08.368511+00:00,mlx-community/Qwen3-1.7B-4bit,4,hrm,0.5882352941176471,10,17,5.207741542002623,1,1,0.12,0.01,0.05,0.01,0.01,1.0,1.0,1.0,10,syllogism,A,D,False,-4.483037948608398,-3.7330379486083984,-2.8580379486083984,-0.35803794860839844
2026-05-20T19:32:13.584679+00:00,mlx-community/Qwen3-1.7B-4bit,5,hrm,0.5882352941176471,10,17,5.215950666999561,1,1,0.12,0.01,0.08,0.0,0.0,1.0,1.0,1.0,10,algebra,B,B,True,-4.068849563598633,-0.06884956359863281,-6.318849563598633,-4.693849563598633
2026-05-20T19:32:13.584679+00:00,mlx-community/Qwen3-1.7B-4bit,5,hrm,0.5882352941176471,10,17,5.215950666999561,1,1,0.12,0.01,0.08,0.0,0.0,1.0,1.0,1.0,10,markup,C,D,False,-2.132883071899414,-2.382883071899414,-5.757883071899414,-0.6328830718994141
2026-05-20T19:32:13.584679+00:00,mlx-community/Qwen3-1.7B-4bit,5,hrm,0.5882352941176471,10,17,5.215950666999561,1,1,0.12,0.01,0.08,0.0,0.0,1.0,1.0,1.0,10,boxes,C,C,True,-7.333087921142578,-6.458087921142578,-0.08308792114257812,-5.583087921142578
2026-05-20T19:32:13.584679+00:00,mlx-community/Qwen3-1.7B-4bit,5,hrm,0.5882352941176471,10,17,5.215950666999561,1,1,0.12,0.01,0.08,0.0,0.0,1.0,1.0,1.0,10,inclusion,B,B,True,-2.911611557006836,-1.411611557006836,-2.536611557006836,-4.161611557006836
2026-05-20T19:32:13.584679+00:00,mlx-community/Qwen3-1.7B-4bit,5,hrm,0.5882352941176471,10,17,5.215950666999561,1,1,0.12,0.01,0.08,0.0,0.0,1.0,1.0,1.0,10,modular,B,B,True,-3.3528499603271484,-0.8528499603271484,-3.3528499603271484,-1.9778499603271484
2026-05-20T19:32:13.584679+00:00,mlx-community/Qwen3-1.7B-4bit,5,hrm,0.5882352941176471,10,17,5.215950666999561,1,1,0.12,0.01,0.08,0.0,0.0,1.0,1.0,1.0,10,work_rate,A,A,True,-0.1796092987060547,-3.9296092987060547,-7.179609298706055,-6.429609298706055
2026-05-20T19:32:13.584679+00:00,mlx-community/Qwen3-1.7B-4bit,5,hrm,0.5882352941176471,10,17,5.215950666999561,1,1,0.12,0.01,0.08,0.0,0.0,1.0,1.0,1.0,10,probability,B,A,False,-0.9224071502685547,-2.0474071502685547,-3.5474071502685547,-2.2974071502685547
2026-05-20T19:32:13.584679+00:00,mlx-community/Qwen3-1.7B-4bit,5,hrm,0.5882352941176471,10,17,5.215950666999561,1,1,0.12,0.01,0.08,0.0,0.0,1.0,1.0,1.0,10,sequence,C,B,False,-3.7406749725341797,-0.4906749725341797,-2.9906749725341797,-2.2406749725341797
2026-05-20T19:32:13.584679+00:00,mlx-community/Qwen3-1.7B-4bit,5,hrm,0.5882352941176471,10,17,5.215950666999561,1,1,0.12,0.01,0.08,0.0,0.0,1.0,1.0,1.0,10,linear_word,B,B,True,-2.4718093872070312,-1.0968093872070312,-3.2218093872070312,-2.3468093872070312
2026-05-20T19:32:13.584679+00:00,mlx-community/Qwen3-1.7B-4bit,5,hrm,0.5882352941176471,10,17,5.215950666999561,1,1,0.12,0.01,0.08,0.0,0.0,1.0,1.0,1.0,10,reverse_discount,C,B,False,-3.229257583618164,-0.47925758361816406,-3.479257583618164,-1.979257583618164
2026-05-20T19:32:13.584679+00:00,mlx-community/Qwen3-1.7B-4bit,5,hrm,0.5882352941176471,10,17,5.215950666999561,1,1,0.12,0.01,0.08,0.0,0.0,1.0,1.0,1.0,10,multiples,B,C,False,-4.979331970214844,-4.729331970214844,-0.9793319702148438,-0.9793319702148438
2026-05-20T19:32:13.584679+00:00,mlx-community/Qwen3-1.7B-4bit,5,hrm,0.5882352941176471,10,17,5.215950666999561,1,1,0.12,0.01,0.08,0.0,0.0,1.0,1.0,1.0,10,rectangle,B,B,True,-3.8416900634765625,-0.0916900634765625,-5.9666900634765625,-5.8416900634765625
2026-05-20T19:32:13.584679+00:00,mlx-community/Qwen3-1.7B-4bit,5,hrm,0.5882352941176471,10,17,5.215950666999561,1,1,0.12,0.01,0.08,0.0,0.0,1.0,1.0,1.0,10,average,C,C,True,-3.221527099609375,-5.596527099609375,-0.221527099609375,-5.096527099609375
2026-05-20T19:32:13.584679+00:00,mlx-community/Qwen3-1.7B-4bit,5,hrm,0.5882352941176471,10,17,5.215950666999561,1,1,0.12,0.01,0.08,0.0,0.0,1.0,1.0,1.0,10,combinations,B,B,True,-6.937324523925781,-0.06232452392578125,-6.937324523925781,-8.687324523925781
2026-05-20T19:32:13.584679+00:00,mlx-community/Qwen3-1.7B-4bit,5,hrm,0.5882352941176471,10,17,5.215950666999561,1,1,0.12,0.01,0.08,0.0,0.0,1.0,1.0,1.0,10,coins,C,C,True,-6.678796768188477,-9.428796768188477,-0.05379676818847656,-9.428796768188477
2026-05-20T19:32:13.584679+00:00,mlx-community/Qwen3-1.7B-4bit,5,hrm,0.5882352941176471,10,17,5.215950666999561,1,1,0.12,0.01,0.08,0.0,0.0,1.0,1.0,1.0,10,modular_small,B,A,False,-1.6680736541748047,-1.9180736541748047,-2.1680736541748047,-1.9180736541748047
2026-05-20T19:32:13.584679+00:00,mlx-community/Qwen3-1.7B-4bit,5,hrm,0.5882352941176471,10,17,5.215950666999561,1,1,0.12,0.01,0.08,0.0,0.0,1.0,1.0,1.0,10,syllogism,A,D,False,-4.482908248901367,-3.732908248901367,-2.857908248901367,-0.3579082489013672
2026-05-20T19:32:18.802169+00:00,mlx-community/Qwen3-1.7B-4bit,6,hrm,0.5882352941176471,10,17,5.217273082998872,1,1,0.12,0.01,0.08,0.01,0.01,1.0,1.0,1.0,10,algebra,B,B,True,-4.068784713745117,-0.06878471374511719,-6.318784713745117,-4.693784713745117
2026-05-20T19:32:18.802169+00:00,mlx-community/Qwen3-1.7B-4bit,6,hrm,0.5882352941176471,10,17,5.217273082998872,1,1,0.12,0.01,0.08,0.01,0.01,1.0,1.0,1.0,10,markup,C,D,False,-2.132761001586914,-2.382761001586914,-5.757761001586914,-0.6327610015869141
2026-05-20T19:32:18.802169+00:00,mlx-community/Qwen3-1.7B-4bit,6,hrm,0.5882352941176471,10,17,5.217273082998872,1,1,0.12,0.01,0.08,0.01,0.01,1.0,1.0,1.0,10,boxes,C,C,True,-7.332738876342773,-6.457738876342773,-0.08273887634277344,-5.582738876342773
2026-05-20T19:32:18.802169+00:00,mlx-community/Qwen3-1.7B-4bit,6,hrm,0.5882352941176471,10,17,5.217273082998872,1,1,0.12,0.01,0.08,0.01,0.01,1.0,1.0,1.0,10,inclusion,B,B,True,-2.921907424926758,-1.4219074249267578,-2.546907424926758,-4.171907424926758
2026-05-20T19:32:18.802169+00:00,mlx-community/Qwen3-1.7B-4bit,6,hrm,0.5882352941176471,10,17,5.217273082998872,1,1,0.12,0.01,0.08,0.01,0.01,1.0,1.0,1.0,10,modular,B,B,True,-3.352567672729492,-0.8525676727294922,-3.352567672729492,-1.9775676727294922
2026-05-20T19:32:18.802169+00:00,mlx-community/Qwen3-1.7B-4bit,6,hrm,0.5882352941176471,10,17,5.217273082998872,1,1,0.12,0.01,0.08,0.01,0.01,1.0,1.0,1.0,10,work_rate,A,A,True,-0.18059921264648438,-3.9305992126464844,-7.180599212646484,-6.305599212646484
2026-05-20T19:32:18.802169+00:00,mlx-community/Qwen3-1.7B-4bit,6,hrm,0.5882352941176471,10,17,5.217273082998872,1,1,0.12,0.01,0.08,0.01,0.01,1.0,1.0,1.0,10,probability,B,A,False,-0.9226036071777344,-2.0476036071777344,-3.5476036071777344,-2.2976036071777344
2026-05-20T19:32:18.802169+00:00,mlx-community/Qwen3-1.7B-4bit,6,hrm,0.5882352941176471,10,17,5.217273082998872,1,1,0.12,0.01,0.08,0.01,0.01,1.0,1.0,1.0,10,sequence,C,B,False,-3.7406139373779297,-0.4906139373779297,-2.9906139373779297,-2.2406139373779297
2026-05-20T19:32:18.802169+00:00,mlx-community/Qwen3-1.7B-4bit,6,hrm,0.5882352941176471,10,17,5.217273082998872,1,1,0.12,0.01,0.08,0.01,0.01,1.0,1.0,1.0,10,linear_word,B,B,True,-2.471118927001953,-1.0961189270019531,-3.221118927001953,-2.346118927001953
2026-05-20T19:32:18.802169+00:00,mlx-community/Qwen3-1.7B-4bit,6,hrm,0.5882352941176471,10,17,5.217273082998872,1,1,0.12,0.01,0.08,0.01,0.01,1.0,1.0,1.0,10,reverse_discount,C,B,False,-3.227031707763672,-0.4770317077636719,-3.477031707763672,-1.9770317077636719
2026-05-20T19:32:18.802169+00:00,mlx-community/Qwen3-1.7B-4bit,6,hrm,0.5882352941176471,10,17,5.217273082998872,1,1,0.12,0.01,0.08,0.01,0.01,1.0,1.0,1.0,10,multiples,B,C,False,-4.979360580444336,-4.729360580444336,-0.9793605804443359,-0.9793605804443359
2026-05-20T19:32:18.802169+00:00,mlx-community/Qwen3-1.7B-4bit,6,hrm,0.5882352941176471,10,17,5.217273082998872,1,1,0.12,0.01,0.08,0.01,0.01,1.0,1.0,1.0,10,rectangle,B,B,True,-3.841684341430664,-0.09168434143066406,-5.966684341430664,-5.841684341430664
2026-05-20T19:32:18.802169+00:00,mlx-community/Qwen3-1.7B-4bit,6,hrm,0.5882352941176471,10,17,5.217273082998872,1,1,0.12,0.01,0.08,0.01,0.01,1.0,1.0,1.0,10,average,C,C,True,-3.221649169921875,-5.596649169921875,-0.221649169921875,-5.096649169921875
2026-05-20T19:32:18.802169+00:00,mlx-community/Qwen3-1.7B-4bit,6,hrm,0.5882352941176471,10,17,5.217273082998872,1,1,0.12,0.01,0.08,0.01,0.01,1.0,1.0,1.0,10,combinations,B,B,True,-6.940752029418945,-0.06575202941894531,-6.940752029418945,-8.690752029418945
2026-05-20T19:32:18.802169+00:00,mlx-community/Qwen3-1.7B-4bit,6,hrm,0.5882352941176471,10,17,5.217273082998872,1,1,0.12,0.01,0.08,0.01,0.01,1.0,1.0,1.0,10,coins,C,C,True,-6.555812835693359,-9.43081283569336,-0.055812835693359375,-9.43081283569336
2026-05-20T19:32:18.802169+00:00,mlx-community/Qwen3-1.7B-4bit,6,hrm,0.5882352941176471,10,17,5.217273082998872,1,1,0.12,0.01,0.08,0.01,0.01,1.0,1.0,1.0,10,modular_small,B,A,False,-1.6724205017089844,-1.9224205017089844,-2.1724205017089844,-1.9224205017089844
2026-05-20T19:32:18.802169+00:00,mlx-community/Qwen3-1.7B-4bit,6,hrm,0.5882352941176471,10,17,5.217273082998872,1,1,0.12,0.01,0.08,0.01,0.01,1.0,1.0,1.0,10,syllogism,A,D,False,-4.482795715332031,-3.7327957153320312,-2.8577957153320312,-0.35779571533203125
2026-05-20T19:32:24.022824+00:00,mlx-community/Qwen3-1.7B-4bit,7,hrm,0.5882352941176471,10,17,5.2204393339998205,1,1,0.12,0.03,0.02,0.0,0.0,1.0,1.0,1.0,10,algebra,B,B,True,-3.9460830688476562,-0.07108306884765625,-6.321083068847656,-4.696083068847656
2026-05-20T19:32:24.022824+00:00,mlx-community/Qwen3-1.7B-4bit,7,hrm,0.5882352941176471,10,17,5.2204393339998205,1,1,0.12,0.03,0.02,0.0,0.0,1.0,1.0,1.0,10,markup,C,D,False,-2.1330184936523438,-2.3830184936523438,-5.758018493652344,-0.6330184936523438
2026-05-20T19:32:24.022824+00:00,mlx-community/Qwen3-1.7B-4bit,7,hrm,0.5882352941176471,10,17,5.2204393339998205,1,1,0.12,0.03,0.02,0.0,0.0,1.0,1.0,1.0,10,boxes,C,C,True,-7.335502624511719,-6.460502624511719,-0.08550262451171875,-5.585502624511719
2026-05-20T19:32:24.022824+00:00,mlx-community/Qwen3-1.7B-4bit,7,hrm,0.5882352941176471,10,17,5.2204393339998205,1,1,0.12,0.03,0.02,0.0,0.0,1.0,1.0,1.0,10,inclusion,B,B,True,-2.9369163513183594,-1.4369163513183594,-2.5619163513183594,-4.186916351318359
2026-05-20T19:32:24.022824+00:00,mlx-community/Qwen3-1.7B-4bit,7,hrm,0.5882352941176471,10,17,5.2204393339998205,1,1,0.12,0.03,0.02,0.0,0.0,1.0,1.0,1.0,10,modular,B,B,True,-3.237997055053711,-0.8629970550537109,-3.237997055053711,-1.987997055053711
2026-05-20T19:32:24.022824+00:00,mlx-community/Qwen3-1.7B-4bit,7,hrm,0.5882352941176471,10,17,5.2204393339998205,1,1,0.12,0.03,0.02,0.0,0.0,1.0,1.0,1.0,10,work_rate,A,A,True,-0.1808490753173828,-3.930849075317383,-7.180849075317383,-6.305849075317383
2026-05-20T19:32:24.022824+00:00,mlx-community/Qwen3-1.7B-4bit,7,hrm,0.5882352941176471,10,17,5.2204393339998205,1,1,0.12,0.03,0.02,0.0,0.0,1.0,1.0,1.0,10,probability,B,A,False,-0.9397182464599609,-1.939718246459961,-3.564718246459961,-2.314718246459961
2026-05-20T19:32:24.022824+00:00,mlx-community/Qwen3-1.7B-4bit,7,hrm,0.5882352941176471,10,17,5.2204393339998205,1,1,0.12,0.03,0.02,0.0,0.0,1.0,1.0,1.0,10,sequence,C,B,False,-3.7408313751220703,-0.4908313751220703,-2.9908313751220703,-2.2408313751220703
2026-05-20T19:32:24.022824+00:00,mlx-community/Qwen3-1.7B-4bit,7,hrm,0.5882352941176471,10,17,5.2204393339998205,1,1,0.12,0.03,0.02,0.0,0.0,1.0,1.0,1.0,10,linear_word,B,B,True,-2.4750194549560547,-1.1000194549560547,-3.2250194549560547,-2.3500194549560547
2026-05-20T19:32:24.022824+00:00,mlx-community/Qwen3-1.7B-4bit,7,hrm,0.5882352941176471,10,17,5.2204393339998205,1,1,0.12,0.03,0.02,0.0,0.0,1.0,1.0,1.0,10,reverse_discount,C,B,False,-3.229694366455078,-0.4796943664550781,-3.479694366455078,-1.9796943664550781
2026-05-20T19:32:24.022824+00:00,mlx-community/Qwen3-1.7B-4bit,7,hrm,0.5882352941176471,10,17,5.2204393339998205,1,1,0.12,0.03,0.02,0.0,0.0,1.0,1.0,1.0,10,multiples,B,C,False,-4.979228973388672,-4.729228973388672,-0.9792289733886719,-0.9792289733886719
2026-05-20T19:32:24.022824+00:00,mlx-community/Qwen3-1.7B-4bit,7,hrm,0.5882352941176471,10,17,5.2204393339998205,1,1,0.12,0.03,0.02,0.0,0.0,1.0,1.0,1.0,10,rectangle,B,B,True,-3.8476181030273438,-0.09761810302734375,-5.972618103027344,-5.847618103027344
2026-05-20T19:32:24.022824+00:00,mlx-community/Qwen3-1.7B-4bit,7,hrm,0.5882352941176471,10,17,5.2204393339998205,1,1,0.12,0.03,0.02,0.0,0.0,1.0,1.0,1.0,10,average,C,C,True,-3.3228626251220703,-5.69786262512207,-0.1978626251220703,-5.19786262512207
2026-05-20T19:32:24.022824+00:00,mlx-community/Qwen3-1.7B-4bit,7,hrm,0.5882352941176471,10,17,5.2204393339998205,1,1,0.12,0.03,0.02,0.0,0.0,1.0,1.0,1.0,10,combinations,B,B,True,-6.940801620483398,-0.06580162048339844,-6.940801620483398,-8.690801620483398
2026-05-20T19:32:24.022824+00:00,mlx-community/Qwen3-1.7B-4bit,7,hrm,0.5882352941176471,10,17,5.2204393339998205,1,1,0.12,0.03,0.02,0.0,0.0,1.0,1.0,1.0,10,coins,C,C,True,-6.797267913818359,-9.54726791381836,-0.047267913818359375,-9.54726791381836
2026-05-20T19:32:24.022824+00:00,mlx-community/Qwen3-1.7B-4bit,7,hrm,0.5882352941176471,10,17,5.2204393339998205,1,1,0.12,0.03,0.02,0.0,0.0,1.0,1.0,1.0,10,modular_small,B,A,False,-1.6680564880371094,-1.9180564880371094,-2.1680564880371094,-1.9180564880371094
2026-05-20T19:32:24.022824+00:00,mlx-community/Qwen3-1.7B-4bit,7,hrm,0.5882352941176471,10,17,5.2204393339998205,1,1,0.12,0.03,0.02,0.0,0.0,1.0,1.0,1.0,10,syllogism,A,D,False,-4.483270645141602,-3.7332706451416016,-2.8582706451416016,-0.35827064514160156
2026-05-20T19:32:29.243937+00:00,mlx-community/Qwen3-1.7B-4bit,8,hrm,0.5882352941176471,10,17,5.220912084001611,1,1,0.12,0.03,0.02,0.01,0.01,1.0,1.0,1.0,10,algebra,B,B,True,-4.068788528442383,-0.06878852844238281,-6.318788528442383,-4.693788528442383
2026-05-20T19:32:29.243937+00:00,mlx-community/Qwen3-1.7B-4bit,8,hrm,0.5882352941176471,10,17,5.220912084001611,1,1,0.12,0.03,0.02,0.01,0.01,1.0,1.0,1.0,10,markup,C,D,False,-2.0239715576171875,-2.3989715576171875,-5.7739715576171875,-0.6489715576171875
2026-05-20T19:32:29.243937+00:00,mlx-community/Qwen3-1.7B-4bit,8,hrm,0.5882352941176471,10,17,5.220912084001611,1,1,0.12,0.03,0.02,0.01,0.01,1.0,1.0,1.0,10,boxes,C,C,True,-7.220317840576172,-6.470317840576172,-0.09531784057617188,-5.470317840576172
2026-05-20T19:32:29.243937+00:00,mlx-community/Qwen3-1.7B-4bit,8,hrm,0.5882352941176471,10,17,5.220912084001611,1,1,0.12,0.03,0.02,0.01,0.01,1.0,1.0,1.0,10,inclusion,B,B,True,-2.9235992431640625,-1.4235992431640625,-2.5485992431640625,-4.1735992431640625
2026-05-20T19:32:29.243937+00:00,mlx-community/Qwen3-1.7B-4bit,8,hrm,0.5882352941176471,10,17,5.220912084001611,1,1,0.12,0.03,0.02,0.01,0.01,1.0,1.0,1.0,10,modular,B,B,True,-3.237638473510742,-0.8626384735107422,-3.237638473510742,-1.9876384735107422
2026-05-20T19:32:29.243937+00:00,mlx-community/Qwen3-1.7B-4bit,8,hrm,0.5882352941176471,10,17,5.220912084001611,1,1,0.12,0.03,0.02,0.01,0.01,1.0,1.0,1.0,10,work_rate,A,A,True,-0.1807727813720703,-3.9307727813720703,-7.18077278137207,-6.30577278137207
2026-05-20T19:32:29.243937+00:00,mlx-community/Qwen3-1.7B-4bit,8,hrm,0.5882352941176471,10,17,5.220912084001611,1,1,0.12,0.03,0.02,0.01,0.01,1.0,1.0,1.0,10,probability,B,A,False,-0.9224929809570312,-2.0474929809570312,-3.5474929809570312,-2.2974929809570312
2026-05-20T19:32:29.243937+00:00,mlx-community/Qwen3-1.7B-4bit,8,hrm,0.5882352941176471,10,17,5.220912084001611,1,1,0.12,0.03,0.02,0.01,0.01,1.0,1.0,1.0,10,sequence,C,B,False,-3.7407703399658203,-0.4907703399658203,-2.9907703399658203,-2.2407703399658203
2026-05-20T19:32:29.243937+00:00,mlx-community/Qwen3-1.7B-4bit,8,hrm,0.5882352941176471,10,17,5.220912084001611,1,1,0.12,0.03,0.02,0.01,0.01,1.0,1.0,1.0,10,linear_word,B,B,True,-2.532512664794922,-1.1575126647949219,-3.157512664794922,-2.407512664794922
2026-05-20T19:32:29.243937+00:00,mlx-community/Qwen3-1.7B-4bit,8,hrm,0.5882352941176471,10,17,5.220912084001611,1,1,0.12,0.03,0.02,0.01,0.01,1.0,1.0,1.0,10,reverse_discount,C,B,False,-3.2294845581054688,-0.47948455810546875,-3.4794845581054688,-1.9794845581054688
2026-05-20T19:32:29.243937+00:00,mlx-community/Qwen3-1.7B-4bit,8,hrm,0.5882352941176471,10,17,5.220912084001611,1,1,0.12,0.03,0.02,0.01,0.01,1.0,1.0,1.0,10,multiples,B,C,False,-4.979211807250977,-4.729211807250977,-0.9792118072509766,-0.9792118072509766
2026-05-20T19:32:29.243937+00:00,mlx-community/Qwen3-1.7B-4bit,8,hrm,0.5882352941176471,10,17,5.220912084001611,1,1,0.12,0.03,0.02,0.01,0.01,1.0,1.0,1.0,10,rectangle,B,B,True,-3.84466552734375,-0.09466552734375,-5.96966552734375,-5.96966552734375
2026-05-20T19:32:29.243937+00:00,mlx-community/Qwen3-1.7B-4bit,8,hrm,0.5882352941176471,10,17,5.220912084001611,1,1,0.12,0.03,0.02,0.01,0.01,1.0,1.0,1.0,10,average,C,C,True,-3.2199039459228516,-5.594903945922852,-0.21990394592285156,-5.094903945922852
2026-05-20T19:32:29.243937+00:00,mlx-community/Qwen3-1.7B-4bit,8,hrm,0.5882352941176471,10,17,5.220912084001611,1,1,0.12,0.03,0.02,0.01,0.01,1.0,1.0,1.0,10,combinations,B,B,True,-6.937431335449219,-0.06243133544921875,-6.937431335449219,-8.687431335449219
2026-05-20T19:32:29.243937+00:00,mlx-community/Qwen3-1.7B-4bit,8,hrm,0.5882352941176471,10,17,5.220912084001611,1,1,0.12,0.03,0.02,0.01,0.01,1.0,1.0,1.0,10,coins,C,C,True,-6.797309875488281,-9.547309875488281,-0.04730987548828125,-9.547309875488281
2026-05-20T19:32:29.243937+00:00,mlx-community/Qwen3-1.7B-4bit,8,hrm,0.5882352941176471,10,17,5.220912084001611,1,1,0.12,0.03,0.02,0.01,0.01,1.0,1.0,1.0,10,modular_small,B,A,False,-1.668222427368164,-1.918222427368164,-2.168222427368164,-1.918222427368164
2026-05-20T19:32:29.243937+00:00,mlx-community/Qwen3-1.7B-4bit,8,hrm,0.5882352941176471,10,17,5.220912084001611,1,1,0.12,0.03,0.02,0.01,0.01,1.0,1.0,1.0,10,syllogism,A,D,False,-4.482555389404297,-3.732555389404297,-2.857555389404297,-0.3575553894042969
2026-05-20T19:32:34.462564+00:00,mlx-community/Qwen3-1.7B-4bit,9,hrm,0.5882352941176471,10,17,5.21840558400072,1,1,0.12,0.03,0.05,0.0,0.0,1.0,1.0,1.0,10,algebra,B,B,True,-3.9460792541503906,-0.07107925415039062,-6.321079254150391,-4.696079254150391
2026-05-20T19:32:34.462564+00:00,mlx-community/Qwen3-1.7B-4bit,9,hrm,0.5882352941176471,10,17,5.21840558400072,1,1,0.12,0.03,0.05,0.0,0.0,1.0,1.0,1.0,10,markup,C,D,False,-2.133087158203125,-2.383087158203125,-5.758087158203125,-0.633087158203125
2026-05-20T19:32:34.462564+00:00,mlx-community/Qwen3-1.7B-4bit,9,hrm,0.5882352941176471,10,17,5.21840558400072,1,1,0.12,0.03,0.05,0.0,0.0,1.0,1.0,1.0,10,boxes,C,C,True,-7.335521697998047,-6.460521697998047,-0.08552169799804688,-5.585521697998047
2026-05-20T19:32:34.462564+00:00,mlx-community/Qwen3-1.7B-4bit,9,hrm,0.5882352941176471,10,17,5.21840558400072,1,1,0.12,0.03,0.05,0.0,0.0,1.0,1.0,1.0,10,inclusion,B,B,True,-2.9359302520751953,-1.4359302520751953,-2.5609302520751953,-4.185930252075195
2026-05-20T19:32:34.462564+00:00,mlx-community/Qwen3-1.7B-4bit,9,hrm,0.5882352941176471,10,17,5.21840558400072,1,1,0.12,0.03,0.05,0.0,0.0,1.0,1.0,1.0,10,modular,B,B,True,-3.2358055114746094,-0.8608055114746094,-3.2358055114746094,-1.9858055114746094
2026-05-20T19:32:34.462564+00:00,mlx-community/Qwen3-1.7B-4bit,9,hrm,0.5882352941176471,10,17,5.21840558400072,1,1,0.12,0.03,0.05,0.0,0.0,1.0,1.0,1.0,10,work_rate,A,A,True,-0.1807422637939453,-3.9307422637939453,-7.180742263793945,-6.305742263793945
2026-05-20T19:32:34.462564+00:00,mlx-community/Qwen3-1.7B-4bit,9,hrm,0.5882352941176471,10,17,5.21840558400072,1,1,0.12,0.03,0.05,0.0,0.0,1.0,1.0,1.0,10,probability,B,A,False,-0.9395618438720703,-1.9395618438720703,-3.5645618438720703,-2.3145618438720703
2026-05-20T19:32:34.462564+00:00,mlx-community/Qwen3-1.7B-4bit,9,hrm,0.5882352941176471,10,17,5.21840558400072,1,1,0.12,0.03,0.05,0.0,0.0,1.0,1.0,1.0,10,sequence,C,B,False,-3.7407188415527344,-0.4907188415527344,-2.9907188415527344,-2.2407188415527344
2026-05-20T19:32:34.462564+00:00,mlx-community/Qwen3-1.7B-4bit,9,hrm,0.5882352941176471,10,17,5.21840558400072,1,1,0.12,0.03,0.05,0.0,0.0,1.0,1.0,1.0,10,linear_word,B,B,True,-2.475027084350586,-1.100027084350586,-3.225027084350586,-2.350027084350586
2026-05-20T19:32:34.462564+00:00,mlx-community/Qwen3-1.7B-4bit,9,hrm,0.5882352941176471,10,17,5.21840558400072,1,1,0.12,0.03,0.05,0.0,0.0,1.0,1.0,1.0,10,reverse_discount,C,B,False,-3.229358673095703,-0.4793586730957031,-3.479358673095703,-1.9793586730957031
2026-05-20T19:32:34.462564+00:00,mlx-community/Qwen3-1.7B-4bit,9,hrm,0.5882352941176471,10,17,5.21840558400072,1,1,0.12,0.03,0.05,0.0,0.0,1.0,1.0,1.0,10,multiples,B,C,False,-4.979242324829102,-4.729242324829102,-0.9792423248291016,-0.9792423248291016
2026-05-20T19:32:34.462564+00:00,mlx-community/Qwen3-1.7B-4bit,9,hrm,0.5882352941176471,10,17,5.21840558400072,1,1,0.12,0.03,0.05,0.0,0.0,1.0,1.0,1.0,10,rectangle,B,B,True,-3.847524642944336,-0.09752464294433594,-5.972524642944336,-5.847524642944336
2026-05-20T19:32:34.462564+00:00,mlx-community/Qwen3-1.7B-4bit,9,hrm,0.5882352941176471,10,17,5.21840558400072,1,1,0.12,0.03,0.05,0.0,0.0,1.0,1.0,1.0,10,average,C,C,True,-3.2215003967285156,-5.596500396728516,-0.22150039672851562,-5.096500396728516
2026-05-20T19:32:34.462564+00:00,mlx-community/Qwen3-1.7B-4bit,9,hrm,0.5882352941176471,10,17,5.21840558400072,1,1,0.12,0.03,0.05,0.0,0.0,1.0,1.0,1.0,10,combinations,B,B,True,-6.9373016357421875,-0.0623016357421875,-6.9373016357421875,-8.687301635742188
2026-05-20T19:32:34.462564+00:00,mlx-community/Qwen3-1.7B-4bit,9,hrm,0.5882352941176471,10,17,5.21840558400072,1,1,0.12,0.03,0.05,0.0,0.0,1.0,1.0,1.0,10,coins,C,C,True,-6.797006607055664,-9.547006607055664,-0.04700660705566406,-9.547006607055664
2026-05-20T19:32:34.462564+00:00,mlx-community/Qwen3-1.7B-4bit,9,hrm,0.5882352941176471,10,17,5.21840558400072,1,1,0.12,0.03,0.05,0.0,0.0,1.0,1.0,1.0,10,modular_small,B,A,False,-1.6723651885986328,-1.9223651885986328,-2.172365188598633,-1.9223651885986328
2026-05-20T19:32:34.462564+00:00,mlx-community/Qwen3-1.7B-4bit,9,hrm,0.5882352941176471,10,17,5.21840558400072,1,1,0.12,0.03,0.05,0.0,0.0,1.0,1.0,1.0,10,syllogism,A,D,False,-4.4874114990234375,-3.6124114990234375,-2.8624114990234375,-0.3624114990234375
2026-05-20T19:32:39.683944+00:00,mlx-community/Qwen3-1.7B-4bit,10,hrm,0.5882352941176471,10,17,5.221170209002594,1,1,0.12,0.03,0.05,0.01,0.01,1.0,1.0,1.0,10,algebra,B,B,True,-4.068803787231445,-0.06880378723144531,-6.318803787231445,-4.693803787231445
2026-05-20T19:32:39.683944+00:00,mlx-community/Qwen3-1.7B-4bit,10,hrm,0.5882352941176471,10,17,5.221170209002594,1,1,0.12,0.03,0.05,0.01,0.01,1.0,1.0,1.0,10,markup,C,D,False,-2.1330528259277344,-2.3830528259277344,-5.758052825927734,-0.6330528259277344
2026-05-20T19:32:39.683944+00:00,mlx-community/Qwen3-1.7B-4bit,10,hrm,0.5882352941176471,10,17,5.221170209002594,1,1,0.12,0.03,0.05,0.01,0.01,1.0,1.0,1.0,10,boxes,C,C,True,-7.334785461425781,-6.459785461425781,-0.08478546142578125,-5.584785461425781
2026-05-20T19:32:39.683944+00:00,mlx-community/Qwen3-1.7B-4bit,10,hrm,0.5882352941176471,10,17,5.221170209002594,1,1,0.12,0.03,0.05,0.01,0.01,1.0,1.0,1.0,10,inclusion,B,B,True,-2.9361133575439453,-1.4361133575439453,-2.5611133575439453,-4.186113357543945
2026-05-20T19:32:39.683944+00:00,mlx-community/Qwen3-1.7B-4bit,10,hrm,0.5882352941176471,10,17,5.221170209002594,1,1,0.12,0.03,0.05,0.01,0.01,1.0,1.0,1.0,10,modular,B,B,True,-3.2359676361083984,-0.8609676361083984,-3.2359676361083984,-1.9859676361083984
2026-05-20T19:32:39.683944+00:00,mlx-community/Qwen3-1.7B-4bit,10,hrm,0.5882352941176471,10,17,5.221170209002594,1,1,0.12,0.03,0.05,0.01,0.01,1.0,1.0,1.0,10,work_rate,A,A,True,-0.1797618865966797,-3.9297618865966797,-7.17976188659668,-6.30476188659668
2026-05-20T19:32:39.683944+00:00,mlx-community/Qwen3-1.7B-4bit,10,hrm,0.5882352941176471,10,17,5.221170209002594,1,1,0.12,0.03,0.05,0.01,0.01,1.0,1.0,1.0,10,probability,B,A,False,-0.8690967559814453,-1.9940967559814453,-3.4940967559814453,-2.3690967559814453
2026-05-20T19:32:39.683944+00:00,mlx-community/Qwen3-1.7B-4bit,10,hrm,0.5882352941176471,10,17,5.221170209002594,1,1,0.12,0.03,0.05,0.01,0.01,1.0,1.0,1.0,10,sequence,C,B,False,-3.740560531616211,-0.49056053161621094,-2.990560531616211,-2.240560531616211
2026-05-20T19:32:39.683944+00:00,mlx-community/Qwen3-1.7B-4bit,10,hrm,0.5882352941176471,10,17,5.221170209002594,1,1,0.12,0.03,0.05,0.01,0.01,1.0,1.0,1.0,10,linear_word,B,B,True,-2.4749526977539062,-1.0999526977539062,-3.2249526977539062,-2.3499526977539062
2026-05-20T19:32:39.683944+00:00,mlx-community/Qwen3-1.7B-4bit,10,hrm,0.5882352941176471,10,17,5.221170209002594,1,1,0.12,0.03,0.05,0.01,0.01,1.0,1.0,1.0,10,reverse_discount,C,B,False,-3.22705078125,-0.47705078125,-3.47705078125,-1.97705078125
2026-05-20T19:32:39.683944+00:00,mlx-community/Qwen3-1.7B-4bit,10,hrm,0.5882352941176471,10,17,5.221170209002594,1,1,0.12,0.03,0.05,0.01,0.01,1.0,1.0,1.0,10,multiples,B,C,False,-4.979236602783203,-4.729236602783203,-0.9792366027832031,-0.9792366027832031
2026-05-20T19:32:39.683944+00:00,mlx-community/Qwen3-1.7B-4bit,10,hrm,0.5882352941176471,10,17,5.221170209002594,1,1,0.12,0.03,0.05,0.01,0.01,1.0,1.0,1.0,10,rectangle,B,B,True,-3.8475074768066406,-0.09750747680664062,-5.972507476806641,-5.847507476806641
2026-05-20T19:32:39.683944+00:00,mlx-community/Qwen3-1.7B-4bit,10,hrm,0.5882352941176471,10,17,5.221170209002594,1,1,0.12,0.03,0.05,0.01,0.01,1.0,1.0,1.0,10,average,C,C,True,-3.2214698791503906,-5.596469879150391,-0.22146987915039062,-5.096469879150391
2026-05-20T19:32:39.683944+00:00,mlx-community/Qwen3-1.7B-4bit,10,hrm,0.5882352941176471,10,17,5.221170209002594,1,1,0.12,0.03,0.05,0.01,0.01,1.0,1.0,1.0,10,combinations,B,B,True,-6.937370300292969,-0.06237030029296875,-6.937370300292969,-8.687370300292969
2026-05-20T19:32:39.683944+00:00,mlx-community/Qwen3-1.7B-4bit,10,hrm,0.5882352941176471,10,17,5.221170209002594,1,1,0.12,0.03,0.05,0.01,0.01,1.0,1.0,1.0,10,coins,C,C,True,-6.677579879760742,-9.552579879760742,-0.05257987976074219,-9.427579879760742
2026-05-20T19:32:39.683944+00:00,mlx-community/Qwen3-1.7B-4bit,10,hrm,0.5882352941176471,10,17,5.221170209002594,1,1,0.12,0.03,0.05,0.01,0.01,1.0,1.0,1.0,10,modular_small,B,A,False,-1.6682186126708984,-1.9182186126708984,-2.1682186126708984,-1.9182186126708984
2026-05-20T19:32:39.683944+00:00,mlx-community/Qwen3-1.7B-4bit,10,hrm,0.5882352941176471,10,17,5.221170209002594,1,1,0.12,0.03,0.05,0.01,0.01,1.0,1.0,1.0,10,syllogism,A,D,False,-4.484485626220703,-3.734485626220703,-2.859485626220703,-0.3594856262207031
2026-05-20T19:32:44.907468+00:00,mlx-community/Qwen3-1.7B-4bit,11,hrm,0.5882352941176471,10,17,5.223314584000036,1,1,0.12,0.03,0.08,0.0,0.0,1.0,1.0,1.0,10,algebra,B,B,True,-4.069040298461914,-0.06904029846191406,-6.194040298461914,-4.694040298461914
2026-05-20T19:32:44.907468+00:00,mlx-community/Qwen3-1.7B-4bit,11,hrm,0.5882352941176471,10,17,5.223314584000036,1,1,0.12,0.03,0.08,0.0,0.0,1.0,1.0,1.0,10,markup,C,D,False,-2.1221256256103516,-2.4971256256103516,-5.747125625610352,-0.6221256256103516
2026-05-20T19:32:44.907468+00:00,mlx-community/Qwen3-1.7B-4bit,11,hrm,0.5882352941176471,10,17,5.223314584000036,1,1,0.12,0.03,0.08,0.0,0.0,1.0,1.0,1.0,10,boxes,C,C,True,-7.217201232910156,-6.342201232910156,-0.09220123291015625,-5.467201232910156
2026-05-20T19:32:44.907468+00:00,mlx-community/Qwen3-1.7B-4bit,11,hrm,0.5882352941176471,10,17,5.223314584000036,1,1,0.12,0.03,0.08,0.0,0.0,1.0,1.0,1.0,10,inclusion,B,B,True,-2.9324703216552734,-1.4324703216552734,-2.5574703216552734,-4.182470321655273
2026-05-20T19:32:44.907468+00:00,mlx-community/Qwen3-1.7B-4bit,11,hrm,0.5882352941176471,10,17,5.223314584000036,1,1,0.12,0.03,0.08,0.0,0.0,1.0,1.0,1.0,10,modular,B,B,True,-3.3554344177246094,-0.8554344177246094,-3.3554344177246094,-1.9804344177246094
2026-05-20T19:32:44.907468+00:00,mlx-community/Qwen3-1.7B-4bit,11,hrm,0.5882352941176471,10,17,5.223314584000036,1,1,0.12,0.03,0.08,0.0,0.0,1.0,1.0,1.0,10,work_rate,A,A,True,-0.1807708740234375,-3.9307708740234375,-7.1807708740234375,-6.3057708740234375
2026-05-20T19:32:44.907468+00:00,mlx-community/Qwen3-1.7B-4bit,11,hrm,0.5882352941176471,10,17,5.223314584000036,1,1,0.12,0.03,0.08,0.0,0.0,1.0,1.0,1.0,10,probability,B,A,False,-0.9436206817626953,-1.9436206817626953,-3.4436206817626953,-2.3186206817626953
2026-05-20T19:32:44.907468+00:00,mlx-community/Qwen3-1.7B-4bit,11,hrm,0.5882352941176471,10,17,5.223314584000036,1,1,0.12,0.03,0.08,0.0,0.0,1.0,1.0,1.0,10,sequence,C,B,False,-3.7405776977539062,-0.49057769775390625,-2.9905776977539062,-2.2405776977539062
2026-05-20T19:32:44.907468+00:00,mlx-community/Qwen3-1.7B-4bit,11,hrm,0.5882352941176471,10,17,5.223314584000036,1,1,0.12,0.03,0.08,0.0,0.0,1.0,1.0,1.0,10,linear_word,B,B,True,-2.4749279022216797,-1.0999279022216797,-3.2249279022216797,-2.3499279022216797
2026-05-20T19:32:44.907468+00:00,mlx-community/Qwen3-1.7B-4bit,11,hrm,0.5882352941176471,10,17,5.223314584000036,1,1,0.12,0.03,0.08,0.0,0.0,1.0,1.0,1.0,10,reverse_discount,C,B,False,-3.226663589477539,-0.47666358947753906,-3.476663589477539,-1.976663589477539
2026-05-20T19:32:44.907468+00:00,mlx-community/Qwen3-1.7B-4bit,11,hrm,0.5882352941176471,10,17,5.223314584000036,1,1,0.12,0.03,0.08,0.0,0.0,1.0,1.0,1.0,10,multiples,B,C,False,-4.979419708251953,-4.729419708251953,-0.9794197082519531,-0.9794197082519531
2026-05-20T19:32:44.907468+00:00,mlx-community/Qwen3-1.7B-4bit,11,hrm,0.5882352941176471,10,17,5.223314584000036,1,1,0.12,0.03,0.08,0.0,0.0,1.0,1.0,1.0,10,rectangle,B,B,True,-3.8476085662841797,-0.09760856628417969,-5.97260856628418,-5.84760856628418
2026-05-20T19:32:44.907468+00:00,mlx-community/Qwen3-1.7B-4bit,11,hrm,0.5882352941176471,10,17,5.223314584000036,1,1,0.12,0.03,0.08,0.0,0.0,1.0,1.0,1.0,10,average,C,C,True,-3.219758987426758,-5.594758987426758,-0.2197589874267578,-5.094758987426758
2026-05-20T19:32:44.907468+00:00,mlx-community/Qwen3-1.7B-4bit,11,hrm,0.5882352941176471,10,17,5.223314584000036,1,1,0.12,0.03,0.08,0.0,0.0,1.0,1.0,1.0,10,combinations,B,B,True,-6.937284469604492,-0.06228446960449219,-6.937284469604492,-8.812284469604492
2026-05-20T19:32:44.907468+00:00,mlx-community/Qwen3-1.7B-4bit,11,hrm,0.5882352941176471,10,17,5.223314584000036,1,1,0.12,0.03,0.08,0.0,0.0,1.0,1.0,1.0,10,coins,C,C,True,-6.680187225341797,-9.430187225341797,-0.055187225341796875,-9.430187225341797
2026-05-20T19:32:44.907468+00:00,mlx-community/Qwen3-1.7B-4bit,11,hrm,0.5882352941176471,10,17,5.223314584000036,1,1,0.12,0.03,0.08,0.0,0.0,1.0,1.0,1.0,10,modular_small,B,A,False,-1.6668415069580078,-1.9168415069580078,-2.166841506958008,-1.9168415069580078
2026-05-20T19:32:44.907468+00:00,mlx-community/Qwen3-1.7B-4bit,11,hrm,0.5882352941176471,10,17,5.223314584000036,1,1,0.12,0.03,0.08,0.0,0.0,1.0,1.0,1.0,10,syllogism,A,D,False,-4.487606048583984,-3.6126060485839844,-2.8626060485839844,-0.3626060485839844
2026-05-20T19:32:50.124892+00:00,mlx-community/Qwen3-1.7B-4bit,12,hrm,0.5882352941176471,10,17,5.217210833001445,1,1,0.12,0.03,0.08,0.01,0.01,1.0,1.0,1.0,10,algebra,B,B,True,-4.06879997253418,-0.06879997253417969,-6.31879997253418,-4.69379997253418
2026-05-20T19:32:50.124892+00:00,mlx-community/Qwen3-1.7B-4bit,12,hrm,0.5882352941176471,10,17,5.217210833001445,1,1,0.12,0.03,0.08,0.01,0.01,1.0,1.0,1.0,10,markup,C,D,False,-2.13348388671875,-2.38348388671875,-5.75848388671875,-0.63348388671875
2026-05-20T19:32:50.124892+00:00,mlx-community/Qwen3-1.7B-4bit,12,hrm,0.5882352941176471,10,17,5.217210833001445,1,1,0.12,0.03,0.08,0.01,0.01,1.0,1.0,1.0,10,boxes,C,C,True,-7.331600189208984,-6.456600189208984,-0.08160018920898438,-5.581600189208984
2026-05-20T19:32:50.124892+00:00,mlx-community/Qwen3-1.7B-4bit,12,hrm,0.5882352941176471,10,17,5.217210833001445,1,1,0.12,0.03,0.08,0.01,0.01,1.0,1.0,1.0,10,inclusion,B,B,True,-2.9327659606933594,-1.4327659606933594,-2.5577659606933594,-4.182765960693359
2026-05-20T19:32:50.124892+00:00,mlx-community/Qwen3-1.7B-4bit,12,hrm,0.5882352941176471,10,17,5.217210833001445,1,1,0.12,0.03,0.08,0.01,0.01,1.0,1.0,1.0,10,modular,B,B,True,-3.3600826263427734,-0.8600826263427734,-3.2350826263427734,-1.9850826263427734
2026-05-20T19:32:50.124892+00:00,mlx-community/Qwen3-1.7B-4bit,12,hrm,0.5882352941176471,10,17,5.217210833001445,1,1,0.12,0.03,0.08,0.01,0.01,1.0,1.0,1.0,10,work_rate,A,A,True,-0.18068695068359375,-3.9306869506835938,-7.180686950683594,-6.305686950683594
2026-05-20T19:32:50.124892+00:00,mlx-community/Qwen3-1.7B-4bit,12,hrm,0.5882352941176471,10,17,5.217210833001445,1,1,0.12,0.03,0.08,0.01,0.01,1.0,1.0,1.0,10,probability,B,A,False,-0.8691959381103516,-1.9941959381103516,-3.4941959381103516,-2.3691959381103516
2026-05-20T19:32:50.124892+00:00,mlx-community/Qwen3-1.7B-4bit,12,hrm,0.5882352941176471,10,17,5.217210833001445,1,1,0.12,0.03,0.08,0.01,0.01,1.0,1.0,1.0,10,sequence,C,B,False,-3.740640640258789,-0.49064064025878906,-2.990640640258789,-2.240640640258789
2026-05-20T19:32:50.124892+00:00,mlx-community/Qwen3-1.7B-4bit,12,hrm,0.5882352941176471,10,17,5.217210833001445,1,1,0.12,0.03,0.08,0.01,0.01,1.0,1.0,1.0,10,linear_word,B,B,True,-2.4725418090820312,-1.0975418090820312,-3.2225418090820312,-2.3475418090820312
2026-05-20T19:32:50.124892+00:00,mlx-community/Qwen3-1.7B-4bit,12,hrm,0.5882352941176471,10,17,5.217210833001445,1,1,0.12,0.03,0.08,0.01,0.01,1.0,1.0,1.0,10,reverse_discount,C,B,False,-3.2294368743896484,-0.47943687438964844,-3.4794368743896484,-1.9794368743896484
2026-05-20T19:32:50.124892+00:00,mlx-community/Qwen3-1.7B-4bit,12,hrm,0.5882352941176471,10,17,5.217210833001445,1,1,0.12,0.03,0.08,0.01,0.01,1.0,1.0,1.0,10,multiples,B,D,False,-4.93414306640625,-4.68414306640625,-1.05914306640625,-0.93414306640625
2026-05-20T19:32:50.124892+00:00,mlx-community/Qwen3-1.7B-4bit,12,hrm,0.5882352941176471,10,17,5.217210833001445,1,1,0.12,0.03,0.08,0.01,0.01,1.0,1.0,1.0,10,rectangle,B,B,True,-3.8475608825683594,-0.09756088256835938,-5.972560882568359,-5.847560882568359
2026-05-20T19:32:50.124892+00:00,mlx-community/Qwen3-1.7B-4bit,12,hrm,0.5882352941176471,10,17,5.217210833001445,1,1,0.12,0.03,0.08,0.01,0.01,1.0,1.0,1.0,10,average,C,C,True,-3.2213287353515625,-5.5963287353515625,-0.2213287353515625,-5.0963287353515625
2026-05-20T19:32:50.124892+00:00,mlx-community/Qwen3-1.7B-4bit,12,hrm,0.5882352941176471,10,17,5.217210833001445,1,1,0.12,0.03,0.08,0.01,0.01,1.0,1.0,1.0,10,combinations,B,B,True,-6.820199966430664,-0.07019996643066406,-6.820199966430664,-8.695199966430664
2026-05-20T19:32:50.124892+00:00,mlx-community/Qwen3-1.7B-4bit,12,hrm,0.5882352941176471,10,17,5.217210833001445,1,1,0.12,0.03,0.08,0.01,0.01,1.0,1.0,1.0,10,coins,C,C,True,-6.797328948974609,-9.54732894897461,-0.047328948974609375,-9.54732894897461
2026-05-20T19:32:50.124892+00:00,mlx-community/Qwen3-1.7B-4bit,12,hrm,0.5882352941176471,10,17,5.217210833001445,1,1,0.12,0.03,0.08,0.01,0.01,1.0,1.0,1.0,10,modular_small,B,A,False,-1.6739845275878906,-1.9239845275878906,-2.1739845275878906,-1.9239845275878906
2026-05-20T19:32:50.124892+00:00,mlx-community/Qwen3-1.7B-4bit,12,hrm,0.5882352941176471,10,17,5.217210833001445,1,1,0.12,0.03,0.08,0.01,0.01,1.0,1.0,1.0,10,syllogism,A,D,False,-4.482444763183594,-3.7324447631835938,-2.8574447631835938,-0.35744476318359375
2026-05-20T19:32:55.340640+00:00,mlx-community/Qwen3-1.7B-4bit,13,hrm,0.5882352941176471,10,17,5.215535415998602,1,1,0.12,0.05,0.02,0.0,0.0,1.0,1.0,1.0,10,algebra,B,B,True,-4.068775177001953,-0.06877517700195312,-6.318775177001953,-4.693775177001953
2026-05-20T19:32:55.340640+00:00,mlx-community/Qwen3-1.7B-4bit,13,hrm,0.5882352941176471,10,17,5.215535415998602,1,1,0.12,0.05,0.02,0.0,0.0,1.0,1.0,1.0,10,markup,C,D,False,-2.1331634521484375,-2.3831634521484375,-5.7581634521484375,-0.6331634521484375
2026-05-20T19:32:55.340640+00:00,mlx-community/Qwen3-1.7B-4bit,13,hrm,0.5882352941176471,10,17,5.215535415998602,1,1,0.12,0.05,0.02,0.0,0.0,1.0,1.0,1.0,10,boxes,C,C,True,-7.335546493530273,-6.460546493530273,-0.08554649353027344,-5.585546493530273
2026-05-20T19:32:55.340640+00:00,mlx-community/Qwen3-1.7B-4bit,13,hrm,0.5882352941176471,10,17,5.215535415998602,1,1,0.12,0.05,0.02,0.0,0.0,1.0,1.0,1.0,10,inclusion,B,B,True,-2.9368419647216797,-1.4368419647216797,-2.5618419647216797,-4.18684196472168
2026-05-20T19:32:55.340640+00:00,mlx-community/Qwen3-1.7B-4bit,13,hrm,0.5882352941176471,10,17,5.215535415998602,1,1,0.12,0.05,0.02,0.0,0.0,1.0,1.0,1.0,10,modular,B,B,True,-3.2417526245117188,-0.8667526245117188,-3.2417526245117188,-1.9917526245117188
2026-05-20T19:32:55.340640+00:00,mlx-community/Qwen3-1.7B-4bit,13,hrm,0.5882352941176471,10,17,5.215535415998602,1,1,0.12,0.05,0.02,0.0,0.0,1.0,1.0,1.0,10,work_rate,A,A,True,-0.1807708740234375,-3.9307708740234375,-7.1807708740234375,-6.3057708740234375
2026-05-20T19:32:55.340640+00:00,mlx-community/Qwen3-1.7B-4bit,13,hrm,0.5882352941176471,10,17,5.215535415998602,1,1,0.12,0.05,0.02,0.0,0.0,1.0,1.0,1.0,10,probability,B,A,False,-0.9394569396972656,-1.9394569396972656,-3.5644569396972656,-2.3144569396972656
2026-05-20T19:32:55.340640+00:00,mlx-community/Qwen3-1.7B-4bit,13,hrm,0.5882352941176471,10,17,5.215535415998602,1,1,0.12,0.05,0.02,0.0,0.0,1.0,1.0,1.0,10,sequence,C,B,False,-3.7408409118652344,-0.4908409118652344,-2.9908409118652344,-2.2408409118652344
2026-05-20T19:32:55.340640+00:00,mlx-community/Qwen3-1.7B-4bit,13,hrm,0.5882352941176471,10,17,5.215535415998602,1,1,0.12,0.05,0.02,0.0,0.0,1.0,1.0,1.0,10,linear_word,B,B,True,-2.524354934692383,-1.1493549346923828,-3.274354934692383,-2.399354934692383
2026-05-20T19:32:55.340640+00:00,mlx-community/Qwen3-1.7B-4bit,13,hrm,0.5882352941176471,10,17,5.215535415998602,1,1,0.12,0.05,0.02,0.0,0.0,1.0,1.0,1.0,10,reverse_discount,C,B,False,-3.226736068725586,-0.47673606872558594,-3.476736068725586,-1.976736068725586
2026-05-20T19:32:55.340640+00:00,mlx-community/Qwen3-1.7B-4bit,13,hrm,0.5882352941176471,10,17,5.215535415998602,1,1,0.12,0.05,0.02,0.0,0.0,1.0,1.0,1.0,10,multiples,B,C,False,-4.855146408081055,-4.730146408081055,-0.9801464080810547,-0.9801464080810547
2026-05-20T19:32:55.340640+00:00,mlx-community/Qwen3-1.7B-4bit,13,hrm,0.5882352941176471,10,17,5.215535415998602,1,1,0.12,0.05,0.02,0.0,0.0,1.0,1.0,1.0,10,rectangle,B,B,True,-3.8475894927978516,-0.09758949279785156,-5.972589492797852,-5.847589492797852
2026-05-20T19:32:55.340640+00:00,mlx-community/Qwen3-1.7B-4bit,13,hrm,0.5882352941176471,10,17,5.215535415998602,1,1,0.12,0.05,0.02,0.0,0.0,1.0,1.0,1.0,10,average,C,C,True,-3.2199535369873047,-5.594953536987305,-0.2199535369873047,-5.094953536987305
2026-05-20T19:32:55.340640+00:00,mlx-community/Qwen3-1.7B-4bit,13,hrm,0.5882352941176471,10,17,5.215535415998602,1,1,0.12,0.05,0.02,0.0,0.0,1.0,1.0,1.0,10,combinations,B,B,True,-6.938100814819336,-0.06310081481933594,-6.938100814819336,-8.688100814819336
2026-05-20T19:32:55.340640+00:00,mlx-community/Qwen3-1.7B-4bit,13,hrm,0.5882352941176471,10,17,5.215535415998602,1,1,0.12,0.05,0.02,0.0,0.0,1.0,1.0,1.0,10,coins,C,C,True,-6.797000885009766,-9.672000885009766,-0.047000885009765625,-9.547000885009766
2026-05-20T19:32:55.340640+00:00,mlx-community/Qwen3-1.7B-4bit,13,hrm,0.5882352941176471,10,17,5.215535415998602,1,1,0.12,0.05,0.02,0.0,0.0,1.0,1.0,1.0,10,modular_small,B,A,False,-1.6680622100830078,-1.9180622100830078,-2.168062210083008,-1.9180622100830078
2026-05-20T19:32:55.340640+00:00,mlx-community/Qwen3-1.7B-4bit,13,hrm,0.5882352941176471,10,17,5.215535415998602,1,1,0.12,0.05,0.02,0.0,0.0,1.0,1.0,1.0,10,syllogism,A,D,False,-4.484325408935547,-3.734325408935547,-2.859325408935547,-0.3593254089355469
2026-05-20T19:33:00.555329+00:00,mlx-community/Qwen3-1.7B-4bit,14,hrm,0.5882352941176471,10,17,5.214486374999979,1,1,0.12,0.05,0.02,0.01,0.01,1.0,1.0,1.0,10,algebra,B,B,True,-4.06878662109375,-0.06878662109375,-6.31878662109375,-4.69378662109375
2026-05-20T19:33:00.555329+00:00,mlx-community/Qwen3-1.7B-4bit,14,hrm,0.5882352941176471,10,17,5.214486374999979,1,1,0.12,0.05,0.02,0.01,0.01,1.0,1.0,1.0,10,markup,C,D,False,-2.023967742919922,-2.398967742919922,-5.773967742919922,-0.6489677429199219
2026-05-20T19:33:00.555329+00:00,mlx-community/Qwen3-1.7B-4bit,14,hrm,0.5882352941176471,10,17,5.214486374999979,1,1,0.12,0.05,0.02,0.01,0.01,1.0,1.0,1.0,10,boxes,C,C,True,-7.3356170654296875,-6.4606170654296875,-0.0856170654296875,-5.5856170654296875
2026-05-20T19:33:00.555329+00:00,mlx-community/Qwen3-1.7B-4bit,14,hrm,0.5882352941176471,10,17,5.214486374999979,1,1,0.12,0.05,0.02,0.01,0.01,1.0,1.0,1.0,10,inclusion,B,B,True,-2.9347915649414062,-1.4347915649414062,-2.5597915649414062,-4.184791564941406
2026-05-20T19:33:00.555329+00:00,mlx-community/Qwen3-1.7B-4bit,14,hrm,0.5882352941176471,10,17,5.214486374999979,1,1,0.12,0.05,0.02,0.01,0.01,1.0,1.0,1.0,10,modular,B,B,True,-3.2375831604003906,-0.8625831604003906,-3.2375831604003906,-1.9875831604003906
2026-05-20T19:33:00.555329+00:00,mlx-community/Qwen3-1.7B-4bit,14,hrm,0.5882352941176471,10,17,5.214486374999979,1,1,0.12,0.05,0.02,0.01,0.01,1.0,1.0,1.0,10,work_rate,A,A,True,-0.1807575225830078,-3.930757522583008,-7.180757522583008,-6.305757522583008
2026-05-20T19:33:00.555329+00:00,mlx-community/Qwen3-1.7B-4bit,14,hrm,0.5882352941176471,10,17,5.214486374999979,1,1,0.12,0.05,0.02,0.01,0.01,1.0,1.0,1.0,10,probability,B,A,False,-0.9398860931396484,-1.9398860931396484,-3.5648860931396484,-2.3148860931396484
2026-05-20T19:33:00.555329+00:00,mlx-community/Qwen3-1.7B-4bit,14,hrm,0.5882352941176471,10,17,5.214486374999979,1,1,0.12,0.05,0.02,0.01,0.01,1.0,1.0,1.0,10,sequence,C,B,False,-3.7389774322509766,-0.48897743225097656,-2.9889774322509766,-2.2389774322509766
2026-05-20T19:33:00.555329+00:00,mlx-community/Qwen3-1.7B-4bit,14,hrm,0.5882352941176471,10,17,5.214486374999979,1,1,0.12,0.05,0.02,0.01,0.01,1.0,1.0,1.0,10,linear_word,B,B,True,-2.4749393463134766,-1.0999393463134766,-3.2249393463134766,-2.3499393463134766
2026-05-20T19:33:00.555329+00:00,mlx-community/Qwen3-1.7B-4bit,14,hrm,0.5882352941176471,10,17,5.214486374999979,1,1,0.12,0.05,0.02,0.01,0.01,1.0,1.0,1.0,10,reverse_discount,C,B,False,-3.228940963745117,-0.4789409637451172,-3.478940963745117,-1.9789409637451172
2026-05-20T19:33:00.555329+00:00,mlx-community/Qwen3-1.7B-4bit,14,hrm,0.5882352941176471,10,17,5.214486374999979,1,1,0.12,0.05,0.02,0.01,0.01,1.0,1.0,1.0,10,multiples,B,D,False,-4.810354232788086,-4.685354232788086,-1.060354232788086,-0.9353542327880859
2026-05-20T19:33:00.555329+00:00,mlx-community/Qwen3-1.7B-4bit,14,hrm,0.5882352941176471,10,17,5.214486374999979,1,1,0.12,0.05,0.02,0.01,0.01,1.0,1.0,1.0,10,rectangle,B,B,True,-3.845212936401367,-0.09521293640136719,-5.970212936401367,-5.845212936401367
2026-05-20T19:33:00.555329+00:00,mlx-community/Qwen3-1.7B-4bit,14,hrm,0.5882352941176471,10,17,5.214486374999979,1,1,0.12,0.05,0.02,0.01,0.01,1.0,1.0,1.0,10,average,C,C,True,-3.202709197998047,-5.702709197998047,-0.20270919799804688,-5.202709197998047
2026-05-20T19:33:00.555329+00:00,mlx-community/Qwen3-1.7B-4bit,14,hrm,0.5882352941176471,10,17,5.214486374999979,1,1,0.12,0.05,0.02,0.01,0.01,1.0,1.0,1.0,10,combinations,B,B,True,-6.941431045532227,-0.06643104553222656,-6.941431045532227,-8.691431045532227
2026-05-20T19:33:00.555329+00:00,mlx-community/Qwen3-1.7B-4bit,14,hrm,0.5882352941176471,10,17,5.214486374999979,1,1,0.12,0.05,0.02,0.01,0.01,1.0,1.0,1.0,10,coins,C,C,True,-6.797279357910156,-9.672279357910156,-0.04727935791015625,-9.547279357910156
2026-05-20T19:33:00.555329+00:00,mlx-community/Qwen3-1.7B-4bit,14,hrm,0.5882352941176471,10,17,5.214486374999979,1,1,0.12,0.05,0.02,0.01,0.01,1.0,1.0,1.0,10,modular_small,B,A,False,-1.7706470489501953,-1.8956470489501953,-2.1456470489501953,-1.8956470489501953
2026-05-20T19:33:00.555329+00:00,mlx-community/Qwen3-1.7B-4bit,14,hrm,0.5882352941176471,10,17,5.214486374999979,1,1,0.12,0.05,0.02,0.01,0.01,1.0,1.0,1.0,10,syllogism,A,D,False,-4.482883453369141,-3.7328834533691406,-2.8578834533691406,-0.3578834533691406
2026-05-20T19:33:05.859307+00:00,mlx-community/Qwen3-1.7B-4bit,15,hrm,0.5882352941176471,10,17,5.3037565410013485,1,1,0.12,0.05,0.05,0.0,0.0,1.0,1.0,1.0,10,algebra,B,B,True,-4.068853378295898,-0.06885337829589844,-6.318853378295898,-4.693853378295898
2026-05-20T19:33:05.859307+00:00,mlx-community/Qwen3-1.7B-4bit,15,hrm,0.5882352941176471,10,17,5.3037565410013485,1,1,0.12,0.05,0.05,0.0,0.0,1.0,1.0,1.0,10,markup,C,D,False,-2.1329898834228516,-2.3829898834228516,-5.757989883422852,-0.6329898834228516
2026-05-20T19:33:05.859307+00:00,mlx-community/Qwen3-1.7B-4bit,15,hrm,0.5882352941176471,10,17,5.3037565410013485,1,1,0.12,0.05,0.05,0.0,0.0,1.0,1.0,1.0,10,boxes,C,C,True,-7.3348236083984375,-6.4598236083984375,-0.0848236083984375,-5.5848236083984375
2026-05-20T19:33:05.859307+00:00,mlx-community/Qwen3-1.7B-4bit,15,hrm,0.5882352941176471,10,17,5.3037565410013485,1,1,0.12,0.05,0.05,0.0,0.0,1.0,1.0,1.0,10,inclusion,B,B,True,-2.892026901245117,-1.3920269012451172,-2.517026901245117,-4.142026901245117
2026-05-20T19:33:05.859307+00:00,mlx-community/Qwen3-1.7B-4bit,15,hrm,0.5882352941176471,10,17,5.3037565410013485,1,1,0.12,0.05,0.05,0.0,0.0,1.0,1.0,1.0,10,modular,B,B,True,-3.2379703521728516,-0.8629703521728516,-3.2379703521728516,-1.9879703521728516
2026-05-20T19:33:05.859307+00:00,mlx-community/Qwen3-1.7B-4bit,15,hrm,0.5882352941176471,10,17,5.3037565410013485,1,1,0.12,0.05,0.05,0.0,0.0,1.0,1.0,1.0,10,work_rate,A,A,True,-0.18079566955566406,-3.930795669555664,-7.180795669555664,-6.305795669555664
2026-05-20T19:33:05.859307+00:00,mlx-community/Qwen3-1.7B-4bit,15,hrm,0.5882352941176471,10,17,5.3037565410013485,1,1,0.12,0.05,0.05,0.0,0.0,1.0,1.0,1.0,10,probability,B,A,False,-0.9433002471923828,-1.9433002471923828,-3.443300247192383,-2.318300247192383
2026-05-20T19:33:05.859307+00:00,mlx-community/Qwen3-1.7B-4bit,15,hrm,0.5882352941176471,10,17,5.3037565410013485,1,1,0.12,0.05,0.05,0.0,0.0,1.0,1.0,1.0,10,sequence,C,B,False,-3.7406864166259766,-0.49068641662597656,-2.9906864166259766,-2.2406864166259766
2026-05-20T19:33:05.859307+00:00,mlx-community/Qwen3-1.7B-4bit,15,hrm,0.5882352941176471,10,17,5.3037565410013485,1,1,0.12,0.05,0.05,0.0,0.0,1.0,1.0,1.0,10,linear_word,B,B,True,-2.4727706909179688,-1.0977706909179688,-3.2227706909179688,-2.3477706909179688
2026-05-20T19:33:05.859307+00:00,mlx-community/Qwen3-1.7B-4bit,15,hrm,0.5882352941176471,10,17,5.3037565410013485,1,1,0.12,0.05,0.05,0.0,0.0,1.0,1.0,1.0,10,reverse_discount,C,B,False,-3.226522445678711,-0.47652244567871094,-3.476522445678711,-1.976522445678711
2026-05-20T19:33:05.859307+00:00,mlx-community/Qwen3-1.7B-4bit,15,hrm,0.5882352941176471,10,17,5.3037565410013485,1,1,0.12,0.05,0.05,0.0,0.0,1.0,1.0,1.0,10,multiples,B,C,False,-4.980709075927734,-4.730709075927734,-0.9807090759277344,-0.9807090759277344
2026-05-20T19:33:05.859307+00:00,mlx-community/Qwen3-1.7B-4bit,15,hrm,0.5882352941176471,10,17,5.3037565410013485,1,1,0.12,0.05,0.05,0.0,0.0,1.0,1.0,1.0,10,rectangle,B,B,True,-3.8450050354003906,-0.09500503540039062,-5.970005035400391,-5.845005035400391
2026-05-20T19:33:05.859307+00:00,mlx-community/Qwen3-1.7B-4bit,15,hrm,0.5882352941176471,10,17,5.3037565410013485,1,1,0.12,0.05,0.05,0.0,0.0,1.0,1.0,1.0,10,average,C,C,True,-3.219877243041992,-5.594877243041992,-0.2198772430419922,-5.094877243041992
2026-05-20T19:33:05.859307+00:00,mlx-community/Qwen3-1.7B-4bit,15,hrm,0.5882352941176471,10,17,5.3037565410013485,1,1,0.12,0.05,0.05,0.0,0.0,1.0,1.0,1.0,10,combinations,B,B,True,-6.938299179077148,-0.06329917907714844,-6.938299179077148,-8.688299179077148
2026-05-20T19:33:05.859307+00:00,mlx-community/Qwen3-1.7B-4bit,15,hrm,0.5882352941176471,10,17,5.3037565410013485,1,1,0.12,0.05,0.05,0.0,0.0,1.0,1.0,1.0,10,coins,C,C,True,-6.79731559753418,-9.67231559753418,-0.04731559753417969,-9.54731559753418
2026-05-20T19:33:05.859307+00:00,mlx-community/Qwen3-1.7B-4bit,15,hrm,0.5882352941176471,10,17,5.3037565410013485,1,1,0.12,0.05,0.05,0.0,0.0,1.0,1.0,1.0,10,modular_small,B,A,False,-1.7347183227539062,-1.8597183227539062,-2.1097183227539062,-1.8597183227539062
2026-05-20T19:33:05.859307+00:00,mlx-community/Qwen3-1.7B-4bit,15,hrm,0.5882352941176471,10,17,5.3037565410013485,1,1,0.12,0.05,0.05,0.0,0.0,1.0,1.0,1.0,10,syllogism,A,D,False,-4.4830780029296875,-3.7330780029296875,-2.8580780029296875,-0.3580780029296875
2026-05-20T19:33:11.445914+00:00,mlx-community/Qwen3-1.7B-4bit,16,hrm,0.5882352941176471,10,17,5.585930583001755,1,1,0.12,0.05,0.05,0.01,0.01,1.0,1.0,1.0,10,algebra,B,B,True,-4.068784713745117,-0.06878471374511719,-6.318784713745117,-4.693784713745117
2026-05-20T19:33:11.445914+00:00,mlx-community/Qwen3-1.7B-4bit,16,hrm,0.5882352941176471,10,17,5.585930583001755,1,1,0.12,0.05,0.05,0.01,0.01,1.0,1.0,1.0,10,markup,C,D,False,-2.023761749267578,-2.398761749267578,-5.773761749267578,-0.6487617492675781
2026-05-20T19:33:11.445914+00:00,mlx-community/Qwen3-1.7B-4bit,16,hrm,0.5882352941176471,10,17,5.585930583001755,1,1,0.12,0.05,0.05,0.01,0.01,1.0,1.0,1.0,10,boxes,C,C,True,-7.335575103759766,-6.460575103759766,-0.08557510375976562,-5.585575103759766
2026-05-20T19:33:11.445914+00:00,mlx-community/Qwen3-1.7B-4bit,16,hrm,0.5882352941176471,10,17,5.585930583001755,1,1,0.12,0.05,0.05,0.01,0.01,1.0,1.0,1.0,10,inclusion,B,B,True,-2.882610321044922,-1.3826103210449219,-2.507610321044922,-4.132610321044922
2026-05-20T19:33:11.445914+00:00,mlx-community/Qwen3-1.7B-4bit,16,hrm,0.5882352941176471,10,17,5.585930583001755,1,1,0.12,0.05,0.05,0.01,0.01,1.0,1.0,1.0,10,modular,B,B,True,-3.236337661743164,-0.8613376617431641,-3.236337661743164,-1.986337661743164
2026-05-20T19:33:11.445914+00:00,mlx-community/Qwen3-1.7B-4bit,16,hrm,0.5882352941176471,10,17,5.585930583001755,1,1,0.12,0.05,0.05,0.01,0.01,1.0,1.0,1.0,10,work_rate,A,A,True,-0.18084716796875,-3.93084716796875,-7.18084716796875,-6.30584716796875
2026-05-20T19:33:11.445914+00:00,mlx-community/Qwen3-1.7B-4bit,16,hrm,0.5882352941176471,10,17,5.585930583001755,1,1,0.12,0.05,0.05,0.01,0.01,1.0,1.0,1.0,10,probability,B,A,False,-0.9434242248535156,-1.9434242248535156,-3.4434242248535156,-2.3184242248535156
2026-05-20T19:33:11.445914+00:00,mlx-community/Qwen3-1.7B-4bit,16,hrm,0.5882352941176471,10,17,5.585930583001755,1,1,0.12,0.05,0.05,0.01,0.01,1.0,1.0,1.0,10,sequence,C,B,False,-3.7407665252685547,-0.4907665252685547,-2.9907665252685547,-2.2407665252685547
2026-05-20T19:33:11.445914+00:00,mlx-community/Qwen3-1.7B-4bit,16,hrm,0.5882352941176471,10,17,5.585930583001755,1,1,0.12,0.05,0.05,0.01,0.01,1.0,1.0,1.0,10,linear_word,B,B,True,-2.4727783203125,-1.0977783203125,-3.2227783203125,-2.3477783203125
2026-05-20T19:33:11.445914+00:00,mlx-community/Qwen3-1.7B-4bit,16,hrm,0.5882352941176471,10,17,5.585930583001755,1,1,0.12,0.05,0.05,0.01,0.01,1.0,1.0,1.0,10,reverse_discount,C,B,False,-3.226625442504883,-0.4766254425048828,-3.476625442504883,-1.9766254425048828
2026-05-20T19:33:11.445914+00:00,mlx-community/Qwen3-1.7B-4bit,16,hrm,0.5882352941176471,10,17,5.585930583001755,1,1,0.12,0.05,0.05,0.01,0.01,1.0,1.0,1.0,10,multiples,B,C,False,-4.8565826416015625,-4.7315826416015625,-0.9815826416015625,-0.9815826416015625
2026-05-20T19:33:11.445914+00:00,mlx-community/Qwen3-1.7B-4bit,16,hrm,0.5882352941176471,10,17,5.585930583001755,1,1,0.12,0.05,0.05,0.01,0.01,1.0,1.0,1.0,10,rectangle,B,B,True,-3.8452529907226562,-0.09525299072265625,-5.970252990722656,-5.845252990722656
2026-05-20T19:33:11.445914+00:00,mlx-community/Qwen3-1.7B-4bit,16,hrm,0.5882352941176471,10,17,5.585930583001755,1,1,0.12,0.05,0.05,0.01,0.01,1.0,1.0,1.0,10,average,C,C,True,-3.2198619842529297,-5.59486198425293,-0.2198619842529297,-5.09486198425293
2026-05-20T19:33:11.445914+00:00,mlx-community/Qwen3-1.7B-4bit,16,hrm,0.5882352941176471,10,17,5.585930583001755,1,1,0.12,0.05,0.05,0.01,0.01,1.0,1.0,1.0,10,combinations,B,B,True,-6.938404083251953,-0.06340408325195312,-6.938404083251953,-8.688404083251953
2026-05-20T19:33:11.445914+00:00,mlx-community/Qwen3-1.7B-4bit,16,hrm,0.5882352941176471,10,17,5.585930583001755,1,1,0.12,0.05,0.05,0.01,0.01,1.0,1.0,1.0,10,coins,C,C,True,-6.797277450561523,-9.672277450561523,-0.04727745056152344,-9.547277450561523
2026-05-20T19:33:11.445914+00:00,mlx-community/Qwen3-1.7B-4bit,16,hrm,0.5882352941176471,10,17,5.585930583001755,1,1,0.12,0.05,0.05,0.01,0.01,1.0,1.0,1.0,10,modular_small,B,A,False,-1.7351322174072266,-1.8601322174072266,-2.1101322174072266,-1.8601322174072266
2026-05-20T19:33:11.445914+00:00,mlx-community/Qwen3-1.7B-4bit,16,hrm,0.5882352941176471,10,17,5.585930583001755,1,1,0.12,0.05,0.05,0.01,0.01,1.0,1.0,1.0,10,syllogism,A,D,False,-4.483209609985352,-3.7332096099853516,-2.8582096099853516,-0.35820960998535156
2026-05-20T19:33:16.654862+00:00,mlx-community/Qwen3-1.7B-4bit,17,hrm,0.5882352941176471,10,17,5.208725666998362,1,1,0.12,0.05,0.08,0.0,0.0,1.0,1.0,1.0,10,algebra,B,B,True,-4.067779541015625,-0.067779541015625,-6.317779541015625,-4.817779541015625
2026-05-20T19:33:16.654862+00:00,mlx-community/Qwen3-1.7B-4bit,17,hrm,0.5882352941176471,10,17,5.208725666998362,1,1,0.12,0.05,0.08,0.0,0.0,1.0,1.0,1.0,10,markup,C,D,False,-2.1327133178710938,-2.3827133178710938,-5.757713317871094,-0.6327133178710938
2026-05-20T19:33:16.654862+00:00,mlx-community/Qwen3-1.7B-4bit,17,hrm,0.5882352941176471,10,17,5.208725666998362,1,1,0.12,0.05,0.08,0.0,0.0,1.0,1.0,1.0,10,boxes,C,C,True,-7.332475662231445,-6.457475662231445,-0.08247566223144531,-5.582475662231445
2026-05-20T19:33:16.654862+00:00,mlx-community/Qwen3-1.7B-4bit,17,hrm,0.5882352941176471,10,17,5.208725666998362,1,1,0.12,0.05,0.08,0.0,0.0,1.0,1.0,1.0,10,inclusion,B,B,True,-2.9180831909179688,-1.4180831909179688,-2.5430831909179688,-4.168083190917969
2026-05-20T19:33:16.654862+00:00,mlx-community/Qwen3-1.7B-4bit,17,hrm,0.5882352941176471,10,17,5.208725666998362,1,1,0.12,0.05,0.08,0.0,0.0,1.0,1.0,1.0,10,modular,B,B,True,-3.3578624725341797,-0.8578624725341797,-3.2328624725341797,-1.9828624725341797
2026-05-20T19:33:16.654862+00:00,mlx-community/Qwen3-1.7B-4bit,17,hrm,0.5882352941176471,10,17,5.208725666998362,1,1,0.12,0.05,0.08,0.0,0.0,1.0,1.0,1.0,10,work_rate,A,A,True,-0.18093490600585938,-3.9309349060058594,-7.180934906005859,-6.305934906005859
2026-05-20T19:33:16.654862+00:00,mlx-community/Qwen3-1.7B-4bit,17,hrm,0.5882352941176471,10,17,5.208725666998362,1,1,0.12,0.05,0.08,0.0,0.0,1.0,1.0,1.0,10,probability,B,A,False,-0.9222984313964844,-2.0472984313964844,-3.5472984313964844,-2.2972984313964844
2026-05-20T19:33:16.654862+00:00,mlx-community/Qwen3-1.7B-4bit,17,hrm,0.5882352941176471,10,17,5.208725666998362,1,1,0.12,0.05,0.08,0.0,0.0,1.0,1.0,1.0,10,sequence,C,B,False,-3.7408618927001953,-0.4908618927001953,-2.9908618927001953,-2.2408618927001953
2026-05-20T19:33:16.654862+00:00,mlx-community/Qwen3-1.7B-4bit,17,hrm,0.5882352941176471,10,17,5.208725666998362,1,1,0.12,0.05,0.08,0.0,0.0,1.0,1.0,1.0,10,linear_word,B,B,True,-2.472566604614258,-1.0975666046142578,-3.222566604614258,-2.347566604614258
2026-05-20T19:33:16.654862+00:00,mlx-community/Qwen3-1.7B-4bit,17,hrm,0.5882352941176471,10,17,5.208725666998362,1,1,0.12,0.05,0.08,0.0,0.0,1.0,1.0,1.0,10,reverse_discount,C,B,False,-3.204071044921875,-0.454071044921875,-3.579071044921875,-2.079071044921875
2026-05-20T19:33:16.654862+00:00,mlx-community/Qwen3-1.7B-4bit,17,hrm,0.5882352941176471,10,17,5.208725666998362,1,1,0.12,0.05,0.08,0.0,0.0,1.0,1.0,1.0,10,multiples,B,C,False,-4.979665756225586,-4.729665756225586,-0.9796657562255859,-0.9796657562255859
2026-05-20T19:33:16.654862+00:00,mlx-community/Qwen3-1.7B-4bit,17,hrm,0.5882352941176471,10,17,5.208725666998362,1,1,0.12,0.05,0.08,0.0,0.0,1.0,1.0,1.0,10,rectangle,B,B,True,-3.8475875854492188,-0.09758758544921875,-5.972587585449219,-5.847587585449219
2026-05-20T19:33:16.654862+00:00,mlx-community/Qwen3-1.7B-4bit,17,hrm,0.5882352941176471,10,17,5.208725666998362,1,1,0.12,0.05,0.08,0.0,0.0,1.0,1.0,1.0,10,average,C,C,True,-3.219907760620117,-5.594907760620117,-0.2199077606201172,-5.094907760620117
2026-05-20T19:33:16.654862+00:00,mlx-community/Qwen3-1.7B-4bit,17,hrm,0.5882352941176471,10,17,5.208725666998362,1,1,0.12,0.05,0.08,0.0,0.0,1.0,1.0,1.0,10,combinations,B,B,True,-6.939992904663086,-0.06499290466308594,-6.939992904663086,-8.814992904663086
2026-05-20T19:33:16.654862+00:00,mlx-community/Qwen3-1.7B-4bit,17,hrm,0.5882352941176471,10,17,5.208725666998362,1,1,0.12,0.05,0.08,0.0,0.0,1.0,1.0,1.0,10,coins,C,C,True,-6.677740097045898,-9.552740097045898,-0.05274009704589844,-9.427740097045898
2026-05-20T19:33:16.654862+00:00,mlx-community/Qwen3-1.7B-4bit,17,hrm,0.5882352941176471,10,17,5.208725666998362,1,1,0.12,0.05,0.08,0.0,0.0,1.0,1.0,1.0,10,modular_small,B,A,False,-1.76861572265625,-1.89361572265625,-2.14361572265625,-1.89361572265625
2026-05-20T19:33:16.654862+00:00,mlx-community/Qwen3-1.7B-4bit,17,hrm,0.5882352941176471,10,17,5.208725666998362,1,1,0.12,0.05,0.08,0.0,0.0,1.0,1.0,1.0,10,syllogism,A,D,False,-4.482921600341797,-3.732921600341797,-2.857921600341797,-0.3579216003417969
2026-05-20T19:33:21.870397+00:00,mlx-community/Qwen3-1.7B-4bit,18,hrm,0.5882352941176471,10,17,5.215329541999381,1,1,0.12,0.05,0.08,0.01,0.01,1.0,1.0,1.0,10,algebra,B,B,True,-4.067779541015625,-0.067779541015625,-6.317779541015625,-4.817779541015625
2026-05-20T19:33:21.870397+00:00,mlx-community/Qwen3-1.7B-4bit,18,hrm,0.5882352941176471,10,17,5.215329541999381,1,1,0.12,0.05,0.08,0.01,0.01,1.0,1.0,1.0,10,markup,C,D,False,-2.1330013275146484,-2.3830013275146484,-5.758001327514648,-0.6330013275146484
2026-05-20T19:33:21.870397+00:00,mlx-community/Qwen3-1.7B-4bit,18,hrm,0.5882352941176471,10,17,5.215329541999381,1,1,0.12,0.05,0.08,0.01,0.01,1.0,1.0,1.0,10,boxes,C,C,True,-7.332447052001953,-6.457447052001953,-0.08244705200195312,-5.582447052001953
2026-05-20T19:33:21.870397+00:00,mlx-community/Qwen3-1.7B-4bit,18,hrm,0.5882352941176471,10,17,5.215329541999381,1,1,0.12,0.05,0.08,0.01,0.01,1.0,1.0,1.0,10,inclusion,B,B,True,-2.919790267944336,-1.419790267944336,-2.544790267944336,-4.169790267944336
2026-05-20T19:33:21.870397+00:00,mlx-community/Qwen3-1.7B-4bit,18,hrm,0.5882352941176471,10,17,5.215329541999381,1,1,0.12,0.05,0.08,0.01,0.01,1.0,1.0,1.0,10,modular,B,B,True,-3.3064517974853516,-0.9314517974853516,-3.1814517974853516,-1.9314517974853516
2026-05-20T19:33:21.870397+00:00,mlx-community/Qwen3-1.7B-4bit,18,hrm,0.5882352941176471,10,17,5.215329541999381,1,1,0.12,0.05,0.08,0.01,0.01,1.0,1.0,1.0,10,work_rate,A,A,True,-0.1808605194091797,-3.9308605194091797,-7.18086051940918,-6.30586051940918
2026-05-20T19:33:21.870397+00:00,mlx-community/Qwen3-1.7B-4bit,18,hrm,0.5882352941176471,10,17,5.215329541999381,1,1,0.12,0.05,0.08,0.01,0.01,1.0,1.0,1.0,10,probability,B,A,False,-0.9223880767822266,-2.0473880767822266,-3.5473880767822266,-2.2973880767822266
2026-05-20T19:33:21.870397+00:00,mlx-community/Qwen3-1.7B-4bit,18,hrm,0.5882352941176471,10,17,5.215329541999381,1,1,0.12,0.05,0.08,0.01,0.01,1.0,1.0,1.0,10,sequence,C,B,False,-3.7407283782958984,-0.49072837829589844,-2.9907283782958984,-2.2407283782958984
2026-05-20T19:33:21.870397+00:00,mlx-community/Qwen3-1.7B-4bit,18,hrm,0.5882352941176471,10,17,5.215329541999381,1,1,0.12,0.05,0.08,0.01,0.01,1.0,1.0,1.0,10,linear_word,B,B,True,-2.472515106201172,-1.0975151062011719,-3.222515106201172,-2.347515106201172
2026-05-20T19:33:21.870397+00:00,mlx-community/Qwen3-1.7B-4bit,18,hrm,0.5882352941176471,10,17,5.215329541999381,1,1,0.12,0.05,0.08,0.01,0.01,1.0,1.0,1.0,10,reverse_discount,C,B,False,-3.206523895263672,-0.4565238952636719,-3.581523895263672,-2.081523895263672
2026-05-20T19:33:21.870397+00:00,mlx-community/Qwen3-1.7B-4bit,18,hrm,0.5882352941176471,10,17,5.215329541999381,1,1,0.12,0.05,0.08,0.01,0.01,1.0,1.0,1.0,10,multiples,B,C,False,-4.979196548461914,-4.729196548461914,-0.9791965484619141,-0.9791965484619141
2026-05-20T19:33:21.870397+00:00,mlx-community/Qwen3-1.7B-4bit,18,hrm,0.5882352941176471,10,17,5.215329541999381,1,1,0.12,0.05,0.08,0.01,0.01,1.0,1.0,1.0,10,rectangle,B,B,True,-3.8476009368896484,-0.09760093688964844,-5.972600936889648,-5.847600936889648
2026-05-20T19:33:21.870397+00:00,mlx-community/Qwen3-1.7B-4bit,18,hrm,0.5882352941176471,10,17,5.215329541999381,1,1,0.12,0.05,0.08,0.01,0.01,1.0,1.0,1.0,10,average,C,C,True,-3.2197837829589844,-5.594783782958984,-0.21978378295898438,-5.094783782958984
2026-05-20T19:33:21.870397+00:00,mlx-community/Qwen3-1.7B-4bit,18,hrm,0.5882352941176471,10,17,5.215329541999381,1,1,0.12,0.05,0.08,0.01,0.01,1.0,1.0,1.0,10,combinations,B,B,True,-6.9400634765625,-0.0650634765625,-6.9400634765625,-8.8150634765625
2026-05-20T19:33:21.870397+00:00,mlx-community/Qwen3-1.7B-4bit,18,hrm,0.5882352941176471,10,17,5.215329541999381,1,1,0.12,0.05,0.08,0.01,0.01,1.0,1.0,1.0,10,coins,C,C,True,-6.796947479248047,-9.671947479248047,-0.046947479248046875,-9.546947479248047
2026-05-20T19:33:21.870397+00:00,mlx-community/Qwen3-1.7B-4bit,18,hrm,0.5882352941176471,10,17,5.215329541999381,1,1,0.12,0.05,0.08,0.01,0.01,1.0,1.0,1.0,10,modular_small,B,A,False,-1.7147769927978516,-1.9647769927978516,-2.0897769927978516,-1.8397769927978516
2026-05-20T19:33:21.870397+00:00,mlx-community/Qwen3-1.7B-4bit,18,hrm,0.5882352941176471,10,17,5.215329541999381,1,1,0.12,0.05,0.08,0.01,0.01,1.0,1.0,1.0,10,syllogism,A,D,False,-4.482746124267578,-3.732746124267578,-2.857746124267578,-0.3577461242675781
2026-05-20T19:33:27.087503+00:00,mlx-community/Qwen3-1.7B-4bit,19,hrm,0.5882352941176471,10,17,5.216904958000669,1,1,0.16,0.01,0.02,0.0,0.0,1.0,1.0,1.0,10,algebra,B,B,True,-4.191144943237305,-0.06614494323730469,-6.191144943237305,-4.691144943237305
2026-05-20T19:33:27.087503+00:00,mlx-community/Qwen3-1.7B-4bit,19,hrm,0.5882352941176471,10,17,5.216904958000669,1,1,0.16,0.01,0.02,0.0,0.0,1.0,1.0,1.0,10,markup,C,D,False,-2.0673999786376953,-2.3173999786376953,-5.442399978637695,-0.6923999786376953
2026-05-20T19:33:27.087503+00:00,mlx-community/Qwen3-1.7B-4bit,19,hrm,0.5882352941176471,10,17,5.216904958000669,1,1,0.16,0.01,0.02,0.0,0.0,1.0,1.0,1.0,10,boxes,C,C,True,-7.442323684692383,-6.442323684692383,-0.06732368469238281,-5.817323684692383
2026-05-20T19:33:27.087503+00:00,mlx-community/Qwen3-1.7B-4bit,19,hrm,0.5882352941176471,10,17,5.216904958000669,1,1,0.16,0.01,0.02,0.0,0.0,1.0,1.0,1.0,10,inclusion,B,B,True,-2.981487274169922,-1.3564872741699219,-2.606487274169922,-4.106487274169922
2026-05-20T19:33:27.087503+00:00,mlx-community/Qwen3-1.7B-4bit,19,hrm,0.5882352941176471,10,17,5.216904958000669,1,1,0.16,0.01,0.02,0.0,0.0,1.0,1.0,1.0,10,modular,B,B,True,-3.491300582885742,-0.7413005828857422,-3.366300582885742,-2.241300582885742
2026-05-20T19:33:27.087503+00:00,mlx-community/Qwen3-1.7B-4bit,19,hrm,0.5882352941176471,10,17,5.216904958000669,1,1,0.16,0.01,0.02,0.0,0.0,1.0,1.0,1.0,10,work_rate,A,A,True,-0.19734764099121094,-3.447347640991211,-6.572347640991211,-5.947347640991211
2026-05-20T19:33:27.087503+00:00,mlx-community/Qwen3-1.7B-4bit,19,hrm,0.5882352941176471,10,17,5.216904958000669,1,1,0.16,0.01,0.02,0.0,0.0,1.0,1.0,1.0,10,probability,B,A,False,-0.9176120758056641,-2.042612075805664,-3.542612075805664,-2.542612075805664
2026-05-20T19:33:27.087503+00:00,mlx-community/Qwen3-1.7B-4bit,19,hrm,0.5882352941176471,10,17,5.216904958000669,1,1,0.16,0.01,0.02,0.0,0.0,1.0,1.0,1.0,10,sequence,C,B,False,-3.82501220703125,-0.57501220703125,-2.95001220703125,-2.07501220703125
2026-05-20T19:33:27.087503+00:00,mlx-community/Qwen3-1.7B-4bit,19,hrm,0.5882352941176471,10,17,5.216904958000669,1,1,0.16,0.01,0.02,0.0,0.0,1.0,1.0,1.0,10,linear_word,B,B,True,-2.4913330078125,-0.9913330078125,-3.1163330078125,-2.3663330078125
2026-05-20T19:33:27.087503+00:00,mlx-community/Qwen3-1.7B-4bit,19,hrm,0.5882352941176471,10,17,5.216904958000669,1,1,0.16,0.01,0.02,0.0,0.0,1.0,1.0,1.0,10,reverse_discount,C,B,False,-3.237743377685547,-0.4877433776855469,-3.237743377685547,-2.112743377685547
2026-05-20T19:33:27.087503+00:00,mlx-community/Qwen3-1.7B-4bit,19,hrm,0.5882352941176471,10,17,5.216904958000669,1,1,0.16,0.01,0.02,0.0,0.0,1.0,1.0,1.0,10,multiples,B,D,False,-4.827653884887695,-4.327653884887695,-1.0776538848876953,-0.9526538848876953
2026-05-20T19:33:27.087503+00:00,mlx-community/Qwen3-1.7B-4bit,19,hrm,0.5882352941176471,10,17,5.216904958000669,1,1,0.16,0.01,0.02,0.0,0.0,1.0,1.0,1.0,10,rectangle,B,B,True,-3.84625244140625,-0.09625244140625,-5.72125244140625,-5.84625244140625
2026-05-20T19:33:27.087503+00:00,mlx-community/Qwen3-1.7B-4bit,19,hrm,0.5882352941176471,10,17,5.216904958000669,1,1,0.16,0.01,0.02,0.0,0.0,1.0,1.0,1.0,10,average,C,C,True,-3.3426761627197266,-5.342676162719727,-0.21767616271972656,-5.092676162719727
2026-05-20T19:33:27.087503+00:00,mlx-community/Qwen3-1.7B-4bit,19,hrm,0.5882352941176471,10,17,5.216904958000669,1,1,0.16,0.01,0.02,0.0,0.0,1.0,1.0,1.0,10,combinations,B,B,True,-6.6929779052734375,-0.0679779052734375,-6.5679779052734375,-8.442977905273438
2026-05-20T19:33:27.087503+00:00,mlx-community/Qwen3-1.7B-4bit,19,hrm,0.5882352941176471,10,17,5.216904958000669,1,1,0.16,0.01,0.02,0.0,0.0,1.0,1.0,1.0,10,coins,C,C,True,-6.677366256713867,-9.302366256713867,-0.05236625671386719,-9.427366256713867
2026-05-20T19:33:27.087503+00:00,mlx-community/Qwen3-1.7B-4bit,19,hrm,0.5882352941176471,10,17,5.216904958000669,1,1,0.16,0.01,0.02,0.0,0.0,1.0,1.0,1.0,10,modular_small,B,A,False,-1.819875717163086,-1.819875717163086,-2.069875717163086,-1.819875717163086
2026-05-20T19:33:27.087503+00:00,mlx-community/Qwen3-1.7B-4bit,19,hrm,0.5882352941176471,10,17,5.216904958000669,1,1,0.16,0.01,0.02,0.0,0.0,1.0,1.0,1.0,10,syllogism,A,D,False,-4.386299133300781,-3.5112991333007812,-2.7612991333007812,-0.38629913330078125
2026-05-20T19:33:32.307793+00:00,mlx-community/Qwen3-1.7B-4bit,20,hrm,0.5882352941176471,10,17,5.220081832998403,1,1,0.16,0.01,0.02,0.01,0.01,1.0,1.0,1.0,10,algebra,B,B,True,-4.191083908081055,-0.06608390808105469,-6.191083908081055,-4.691083908081055
2026-05-20T19:33:32.307793+00:00,mlx-community/Qwen3-1.7B-4bit,20,hrm,0.5882352941176471,10,17,5.220081832998403,1,1,0.16,0.01,0.02,0.01,0.01,1.0,1.0,1.0,10,markup,C,D,False,-2.0594749450683594,-2.3094749450683594,-5.434474945068359,-0.6844749450683594
2026-05-20T19:33:32.307793+00:00,mlx-community/Qwen3-1.7B-4bit,20,hrm,0.5882352941176471,10,17,5.220081832998403,1,1,0.16,0.01,0.02,0.01,0.01,1.0,1.0,1.0,10,boxes,C,C,True,-7.443300247192383,-6.443300247192383,-0.06830024719238281,-5.818300247192383
2026-05-20T19:33:32.307793+00:00,mlx-community/Qwen3-1.7B-4bit,20,hrm,0.5882352941176471,10,17,5.220081832998403,1,1,0.16,0.01,0.02,0.01,0.01,1.0,1.0,1.0,10,inclusion,B,B,True,-2.9813671112060547,-1.3563671112060547,-2.6063671112060547,-4.106367111206055
2026-05-20T19:33:32.307793+00:00,mlx-community/Qwen3-1.7B-4bit,20,hrm,0.5882352941176471,10,17,5.220081832998403,1,1,0.16,0.01,0.02,0.01,0.01,1.0,1.0,1.0,10,modular,B,B,True,-3.491596221923828,-0.7415962219238281,-3.366596221923828,-2.241596221923828
2026-05-20T19:33:32.307793+00:00,mlx-community/Qwen3-1.7B-4bit,20,hrm,0.5882352941176471,10,17,5.220081832998403,1,1,0.16,0.01,0.02,0.01,0.01,1.0,1.0,1.0,10,work_rate,A,A,True,-0.20483779907226562,-3.4548377990722656,-6.579837799072266,-5.954837799072266
2026-05-20T19:33:32.307793+00:00,mlx-community/Qwen3-1.7B-4bit,20,hrm,0.5882352941176471,10,17,5.220081832998403,1,1,0.16,0.01,0.02,0.01,0.01,1.0,1.0,1.0,10,probability,B,A,False,-0.889251708984375,-2.014251708984375,-3.514251708984375,-2.514251708984375
2026-05-20T19:33:32.307793+00:00,mlx-community/Qwen3-1.7B-4bit,20,hrm,0.5882352941176471,10,17,5.220081832998403,1,1,0.16,0.01,0.02,0.01,0.01,1.0,1.0,1.0,10,sequence,C,B,False,-3.794921875,-0.544921875,-2.919921875,-2.169921875
2026-05-20T19:33:32.307793+00:00,mlx-community/Qwen3-1.7B-4bit,20,hrm,0.5882352941176471,10,17,5.220081832998403,1,1,0.16,0.01,0.02,0.01,0.01,1.0,1.0,1.0,10,linear_word,B,B,True,-2.4926376342773438,-0.9926376342773438,-3.1176376342773438,-2.3676376342773438
2026-05-20T19:33:32.307793+00:00,mlx-community/Qwen3-1.7B-4bit,20,hrm,0.5882352941176471,10,17,5.220081832998403,1,1,0.16,0.01,0.02,0.01,0.01,1.0,1.0,1.0,10,reverse_discount,C,B,False,-3.2379894256591797,-0.4879894256591797,-3.2379894256591797,-2.1129894256591797
2026-05-20T19:33:32.307793+00:00,mlx-community/Qwen3-1.7B-4bit,20,hrm,0.5882352941176471,10,17,5.220081832998403,1,1,0.16,0.01,0.02,0.01,0.01,1.0,1.0,1.0,10,multiples,B,D,False,-4.831340789794922,-4.331340789794922,-1.0813407897949219,-0.9563407897949219
2026-05-20T19:33:32.307793+00:00,mlx-community/Qwen3-1.7B-4bit,20,hrm,0.5882352941176471,10,17,5.220081832998403,1,1,0.16,0.01,0.02,0.01,0.01,1.0,1.0,1.0,10,rectangle,B,B,True,-3.968538284301758,-0.09353828430175781,-5.718538284301758,-5.843538284301758
2026-05-20T19:33:32.307793+00:00,mlx-community/Qwen3-1.7B-4bit,20,hrm,0.5882352941176471,10,17,5.220081832998403,1,1,0.16,0.01,0.02,0.01,0.01,1.0,1.0,1.0,10,average,C,C,True,-3.342395782470703,-5.342395782470703,-0.21739578247070312,-5.092395782470703
2026-05-20T19:33:32.307793+00:00,mlx-community/Qwen3-1.7B-4bit,20,hrm,0.5882352941176471,10,17,5.220081832998403,1,1,0.16,0.01,0.02,0.01,0.01,1.0,1.0,1.0,10,combinations,B,B,True,-6.692728042602539,-0.06772804260253906,-6.567728042602539,-8.442728042602539
2026-05-20T19:33:32.307793+00:00,mlx-community/Qwen3-1.7B-4bit,20,hrm,0.5882352941176471,10,17,5.220081832998403,1,1,0.16,0.01,0.02,0.01,0.01,1.0,1.0,1.0,10,coins,C,C,True,-6.677112579345703,-9.302112579345703,-0.052112579345703125,-9.427112579345703
2026-05-20T19:33:32.307793+00:00,mlx-community/Qwen3-1.7B-4bit,20,hrm,0.5882352941176471,10,17,5.220081832998403,1,1,0.16,0.01,0.02,0.01,0.01,1.0,1.0,1.0,10,modular_small,B,A,False,-1.8194999694824219,-1.8194999694824219,-2.069499969482422,-1.8194999694824219
2026-05-20T19:33:32.307793+00:00,mlx-community/Qwen3-1.7B-4bit,20,hrm,0.5882352941176471,10,17,5.220081832998403,1,1,0.16,0.01,0.02,0.01,0.01,1.0,1.0,1.0,10,syllogism,A,D,False,-4.506275177001953,-3.631275177001953,-2.756275177001953,-0.3812751770019531
2026-05-20T19:33:37.527756+00:00,mlx-community/Qwen3-1.7B-4bit,21,hrm,0.6470588235294118,11,17,5.21975512499921,1,1,0.16,0.01,0.05,0.0,0.0,1.0,1.0,1.0,10,algebra,B,B,True,-4.191057205200195,-0.06605720520019531,-6.191057205200195,-4.691057205200195
2026-05-20T19:33:37.527756+00:00,mlx-community/Qwen3-1.7B-4bit,21,hrm,0.6470588235294118,11,17,5.21975512499921,1,1,0.16,0.01,0.05,0.0,0.0,1.0,1.0,1.0,10,markup,C,D,False,-2.059642791748047,-2.309642791748047,-5.434642791748047,-0.6846427917480469
2026-05-20T19:33:37.527756+00:00,mlx-community/Qwen3-1.7B-4bit,21,hrm,0.6470588235294118,11,17,5.21975512499921,1,1,0.16,0.01,0.05,0.0,0.0,1.0,1.0,1.0,10,boxes,C,C,True,-7.559814453125,-6.559814453125,-0.059814453125,-5.934814453125
2026-05-20T19:33:37.527756+00:00,mlx-community/Qwen3-1.7B-4bit,21,hrm,0.6470588235294118,11,17,5.21975512499921,1,1,0.16,0.01,0.05,0.0,0.0,1.0,1.0,1.0,10,inclusion,B,B,True,-3.099489212036133,-1.3494892120361328,-2.599489212036133,-4.099489212036133
2026-05-20T19:33:37.527756+00:00,mlx-community/Qwen3-1.7B-4bit,21,hrm,0.6470588235294118,11,17,5.21975512499921,1,1,0.16,0.01,0.05,0.0,0.0,1.0,1.0,1.0,10,modular,B,B,True,-3.4903297424316406,-0.7403297424316406,-3.3653297424316406,-2.2403297424316406
2026-05-20T19:33:37.527756+00:00,mlx-community/Qwen3-1.7B-4bit,21,hrm,0.6470588235294118,11,17,5.21975512499921,1,1,0.16,0.01,0.05,0.0,0.0,1.0,1.0,1.0,10,work_rate,A,A,True,-0.2064189910888672,-3.456418991088867,-6.581418991088867,-5.956418991088867
2026-05-20T19:33:37.527756+00:00,mlx-community/Qwen3-1.7B-4bit,21,hrm,0.6470588235294118,11,17,5.21975512499921,1,1,0.16,0.01,0.05,0.0,0.0,1.0,1.0,1.0,10,probability,B,A,False,-0.9592056274414062,-1.9592056274414062,-3.4592056274414062,-2.4592056274414062
2026-05-20T19:33:37.527756+00:00,mlx-community/Qwen3-1.7B-4bit,21,hrm,0.6470588235294118,11,17,5.21975512499921,1,1,0.16,0.01,0.05,0.0,0.0,1.0,1.0,1.0,10,sequence,C,B,False,-3.809988021850586,-0.5599880218505859,-2.934988021850586,-2.184988021850586
2026-05-20T19:33:37.527756+00:00,mlx-community/Qwen3-1.7B-4bit,21,hrm,0.6470588235294118,11,17,5.21975512499921,1,1,0.16,0.01,0.05,0.0,0.0,1.0,1.0,1.0,10,linear_word,B,B,True,-2.594877243041992,-0.9698772430419922,-3.094877243041992,-2.469877243041992
2026-05-20T19:33:37.527756+00:00,mlx-community/Qwen3-1.7B-4bit,21,hrm,0.6470588235294118,11,17,5.21975512499921,1,1,0.16,0.01,0.05,0.0,0.0,1.0,1.0,1.0,10,reverse_discount,C,B,False,-3.35626220703125,-0.48126220703125,-3.23126220703125,-2.10626220703125
2026-05-20T19:33:37.527756+00:00,mlx-community/Qwen3-1.7B-4bit,21,hrm,0.6470588235294118,11,17,5.21975512499921,1,1,0.16,0.01,0.05,0.0,0.0,1.0,1.0,1.0,10,multiples,B,C,False,-4.872190475463867,-4.372190475463867,-0.9971904754638672,-0.9971904754638672
2026-05-20T19:33:37.527756+00:00,mlx-community/Qwen3-1.7B-4bit,21,hrm,0.6470588235294118,11,17,5.21975512499921,1,1,0.16,0.01,0.05,0.0,0.0,1.0,1.0,1.0,10,rectangle,B,B,True,-3.846101760864258,-0.09610176086425781,-5.721101760864258,-5.846101760864258
2026-05-20T19:33:37.527756+00:00,mlx-community/Qwen3-1.7B-4bit,21,hrm,0.6470588235294118,11,17,5.21975512499921,1,1,0.16,0.01,0.05,0.0,0.0,1.0,1.0,1.0,10,average,C,C,True,-3.3505210876464844,-5.350521087646484,-0.22552108764648438,-5.100521087646484
2026-05-20T19:33:37.527756+00:00,mlx-community/Qwen3-1.7B-4bit,21,hrm,0.6470588235294118,11,17,5.21975512499921,1,1,0.16,0.01,0.05,0.0,0.0,1.0,1.0,1.0,10,combinations,B,B,True,-6.692962646484375,-0.067962646484375,-6.567962646484375,-8.442962646484375
2026-05-20T19:33:37.527756+00:00,mlx-community/Qwen3-1.7B-4bit,21,hrm,0.6470588235294118,11,17,5.21975512499921,1,1,0.16,0.01,0.05,0.0,0.0,1.0,1.0,1.0,10,coins,C,C,True,-6.678110122680664,-9.178110122680664,-0.05311012268066406,-9.428110122680664
2026-05-20T19:33:37.527756+00:00,mlx-community/Qwen3-1.7B-4bit,21,hrm,0.6470588235294118,11,17,5.21975512499921,1,1,0.16,0.01,0.05,0.0,0.0,1.0,1.0,1.0,10,modular_small,B,B,True,-1.9252204895019531,-1.8002204895019531,-2.050220489501953,-1.8002204895019531
2026-05-20T19:33:37.527756+00:00,mlx-community/Qwen3-1.7B-4bit,21,hrm,0.6470588235294118,11,17,5.21975512499921,1,1,0.16,0.01,0.05,0.0,0.0,1.0,1.0,1.0,10,syllogism,A,D,False,-4.509378433227539,-3.509378433227539,-2.759378433227539,-0.38437843322753906
2026-05-20T19:33:42.745203+00:00,mlx-community/Qwen3-1.7B-4bit,22,hrm,0.5882352941176471,10,17,5.217237875000137,1,1,0.16,0.01,0.05,0.01,0.01,1.0,1.0,1.0,10,algebra,B,B,True,-4.191030502319336,-0.06603050231933594,-6.191030502319336,-4.691030502319336
2026-05-20T19:33:42.745203+00:00,mlx-community/Qwen3-1.7B-4bit,22,hrm,0.5882352941176471,10,17,5.217237875000137,1,1,0.16,0.01,0.05,0.01,0.01,1.0,1.0,1.0,10,markup,C,D,False,-2.052867889404297,-2.302867889404297,-5.427867889404297,-0.6778678894042969
2026-05-20T19:33:42.745203+00:00,mlx-community/Qwen3-1.7B-4bit,22,hrm,0.5882352941176471,10,17,5.217237875000137,1,1,0.16,0.01,0.05,0.01,0.01,1.0,1.0,1.0,10,boxes,C,C,True,-7.561017990112305,-6.561017990112305,-0.06101799011230469,-5.811017990112305
2026-05-20T19:33:42.745203+00:00,mlx-community/Qwen3-1.7B-4bit,22,hrm,0.5882352941176471,10,17,5.217237875000137,1,1,0.16,0.01,0.05,0.01,0.01,1.0,1.0,1.0,10,inclusion,B,B,True,-2.980966567993164,-1.355966567993164,-2.605966567993164,-4.105966567993164
2026-05-20T19:33:42.745203+00:00,mlx-community/Qwen3-1.7B-4bit,22,hrm,0.5882352941176471,10,17,5.217237875000137,1,1,0.16,0.01,0.05,0.01,0.01,1.0,1.0,1.0,10,modular,B,B,True,-3.3707008361816406,-0.7457008361816406,-3.3707008361816406,-2.2457008361816406
2026-05-20T19:33:42.745203+00:00,mlx-community/Qwen3-1.7B-4bit,22,hrm,0.5882352941176471,10,17,5.217237875000137,1,1,0.16,0.01,0.05,0.01,0.01,1.0,1.0,1.0,10,work_rate,A,A,True,-0.20445632934570312,-3.454456329345703,-6.579456329345703,-6.079456329345703
2026-05-20T19:33:42.745203+00:00,mlx-community/Qwen3-1.7B-4bit,22,hrm,0.5882352941176471,10,17,5.217237875000137,1,1,0.16,0.01,0.05,0.01,0.01,1.0,1.0,1.0,10,probability,B,A,False,-0.9631118774414062,-1.9631118774414062,-3.4631118774414062,-2.4631118774414062
2026-05-20T19:33:42.745203+00:00,mlx-community/Qwen3-1.7B-4bit,22,hrm,0.5882352941176471,10,17,5.217237875000137,1,1,0.16,0.01,0.05,0.01,0.01,1.0,1.0,1.0,10,sequence,C,B,False,-3.7948532104492188,-0.5448532104492188,-2.9198532104492188,-2.1698532104492188
2026-05-20T19:33:42.745203+00:00,mlx-community/Qwen3-1.7B-4bit,22,hrm,0.5882352941176471,10,17,5.217237875000137,1,1,0.16,0.01,0.05,0.01,0.01,1.0,1.0,1.0,10,linear_word,B,B,True,-2.5949058532714844,-0.9699058532714844,-3.0949058532714844,-2.4699058532714844
2026-05-20T19:33:42.745203+00:00,mlx-community/Qwen3-1.7B-4bit,22,hrm,0.5882352941176471,10,17,5.217237875000137,1,1,0.16,0.01,0.05,0.01,0.01,1.0,1.0,1.0,10,reverse_discount,C,B,False,-3.2388858795166016,-0.48888587951660156,-3.2388858795166016,-2.1138858795166016
2026-05-20T19:33:42.745203+00:00,mlx-community/Qwen3-1.7B-4bit,22,hrm,0.5882352941176471,10,17,5.217237875000137,1,1,0.16,0.01,0.05,0.01,0.01,1.0,1.0,1.0,10,multiples,B,D,False,-4.8274993896484375,-4.3274993896484375,-1.0774993896484375,-0.9524993896484375
2026-05-20T19:33:42.745203+00:00,mlx-community/Qwen3-1.7B-4bit,22,hrm,0.5882352941176471,10,17,5.217237875000137,1,1,0.16,0.01,0.05,0.01,0.01,1.0,1.0,1.0,10,rectangle,B,B,True,-3.846681594848633,-0.09668159484863281,-5.721681594848633,-5.846681594848633
2026-05-20T19:33:42.745203+00:00,mlx-community/Qwen3-1.7B-4bit,22,hrm,0.5882352941176471,10,17,5.217237875000137,1,1,0.16,0.01,0.05,0.01,0.01,1.0,1.0,1.0,10,average,C,C,True,-3.3504676818847656,-5.350467681884766,-0.22546768188476562,-5.100467681884766
2026-05-20T19:33:42.745203+00:00,mlx-community/Qwen3-1.7B-4bit,22,hrm,0.5882352941176471,10,17,5.217237875000137,1,1,0.16,0.01,0.05,0.01,0.01,1.0,1.0,1.0,10,combinations,B,B,True,-6.576581954956055,-0.07658195495605469,-6.451581954956055,-8.326581954956055
2026-05-20T19:33:42.745203+00:00,mlx-community/Qwen3-1.7B-4bit,22,hrm,0.5882352941176471,10,17,5.217237875000137,1,1,0.16,0.01,0.05,0.01,0.01,1.0,1.0,1.0,10,coins,C,C,True,-6.677860260009766,-9.302860260009766,-0.052860260009765625,-9.427860260009766
2026-05-20T19:33:42.745203+00:00,mlx-community/Qwen3-1.7B-4bit,22,hrm,0.5882352941176471,10,17,5.217237875000137,1,1,0.16,0.01,0.05,0.01,0.01,1.0,1.0,1.0,10,modular_small,B,A,False,-1.8157386779785156,-1.8157386779785156,-2.0657386779785156,-1.8157386779785156
2026-05-20T19:33:42.745203+00:00,mlx-community/Qwen3-1.7B-4bit,22,hrm,0.5882352941176471,10,17,5.217237875000137,1,1,0.16,0.01,0.05,0.01,0.01,1.0,1.0,1.0,10,syllogism,A,D,False,-4.38616943359375,-3.51116943359375,-2.76116943359375,-0.38616943359375
2026-05-20T19:33:47.962657+00:00,mlx-community/Qwen3-1.7B-4bit,23,hrm,0.6470588235294118,11,17,5.217231082999206,1,1,0.16,0.01,0.08,0.0,0.0,1.0,1.0,1.0,10,algebra,B,B,True,-4.191135406494141,-0.06613540649414062,-6.191135406494141,-4.691135406494141
2026-05-20T19:33:47.962657+00:00,mlx-community/Qwen3-1.7B-4bit,23,hrm,0.6470588235294118,11,17,5.217231082999206,1,1,0.16,0.01,0.08,0.0,0.0,1.0,1.0,1.0,10,markup,C,D,False,-2.0588302612304688,-2.3088302612304688,-5.433830261230469,-0.6838302612304688
2026-05-20T19:33:47.962657+00:00,mlx-community/Qwen3-1.7B-4bit,23,hrm,0.6470588235294118,11,17,5.217231082999206,1,1,0.16,0.01,0.08,0.0,0.0,1.0,1.0,1.0,10,boxes,C,C,True,-7.5609130859375,-6.5609130859375,-0.0609130859375,-5.8109130859375
2026-05-20T19:33:47.962657+00:00,mlx-community/Qwen3-1.7B-4bit,23,hrm,0.6470588235294118,11,17,5.217231082999206,1,1,0.16,0.01,0.08,0.0,0.0,1.0,1.0,1.0,10,inclusion,B,B,True,-2.9814529418945312,-1.3564529418945312,-2.6064529418945312,-4.106452941894531
2026-05-20T19:33:47.962657+00:00,mlx-community/Qwen3-1.7B-4bit,23,hrm,0.6470588235294118,11,17,5.217231082999206,1,1,0.16,0.01,0.08,0.0,0.0,1.0,1.0,1.0,10,modular,B,B,True,-3.489635467529297,-0.7396354675292969,-3.364635467529297,-2.239635467529297
2026-05-20T19:33:47.962657+00:00,mlx-community/Qwen3-1.7B-4bit,23,hrm,0.6470588235294118,11,17,5.217231082999206,1,1,0.16,0.01,0.08,0.0,0.0,1.0,1.0,1.0,10,work_rate,A,A,True,-0.21779632568359375,-3.3427963256835938,-6.467796325683594,-5.967796325683594
2026-05-20T19:33:47.962657+00:00,mlx-community/Qwen3-1.7B-4bit,23,hrm,0.6470588235294118,11,17,5.217231082999206,1,1,0.16,0.01,0.08,0.0,0.0,1.0,1.0,1.0,10,probability,B,A,False,-0.8840465545654297,-2.0090465545654297,-3.5090465545654297,-2.5090465545654297
2026-05-20T19:33:47.962657+00:00,mlx-community/Qwen3-1.7B-4bit,23,hrm,0.6470588235294118,11,17,5.217231082999206,1,1,0.16,0.01,0.08,0.0,0.0,1.0,1.0,1.0,10,sequence,C,B,False,-3.8099594116210938,-0.5599594116210938,-2.9349594116210938,-2.1849594116210938
2026-05-20T19:33:47.962657+00:00,mlx-community/Qwen3-1.7B-4bit,23,hrm,0.6470588235294118,11,17,5.217231082999206,1,1,0.16,0.01,0.08,0.0,0.0,1.0,1.0,1.0,10,linear_word,B,B,True,-2.554391860961914,-0.9293918609619141,-3.054391860961914,-2.429391860961914
2026-05-20T19:33:47.962657+00:00,mlx-community/Qwen3-1.7B-4bit,23,hrm,0.6470588235294118,11,17,5.217231082999206,1,1,0.16,0.01,0.08,0.0,0.0,1.0,1.0,1.0,10,reverse_discount,C,B,False,-3.237396240234375,-0.487396240234375,-3.237396240234375,-2.112396240234375
2026-05-20T19:33:47.962657+00:00,mlx-community/Qwen3-1.7B-4bit,23,hrm,0.6470588235294118,11,17,5.217231082999206,1,1,0.16,0.01,0.08,0.0,0.0,1.0,1.0,1.0,10,multiples,B,C,False,-4.87591552734375,-4.37591552734375,-1.00091552734375,-1.00091552734375
2026-05-20T19:33:47.962657+00:00,mlx-community/Qwen3-1.7B-4bit,23,hrm,0.6470588235294118,11,17,5.217231082999206,1,1,0.16,0.01,0.08,0.0,0.0,1.0,1.0,1.0,10,rectangle,B,B,True,-3.9685821533203125,-0.0935821533203125,-5.7185821533203125,-5.8435821533203125
2026-05-20T19:33:47.962657+00:00,mlx-community/Qwen3-1.7B-4bit,23,hrm,0.6470588235294118,11,17,5.217231082999206,1,1,0.16,0.01,0.08,0.0,0.0,1.0,1.0,1.0,10,average,C,C,True,-3.3426952362060547,-5.342695236206055,-0.2176952362060547,-5.092695236206055
2026-05-20T19:33:47.962657+00:00,mlx-community/Qwen3-1.7B-4bit,23,hrm,0.6470588235294118,11,17,5.217231082999206,1,1,0.16,0.01,0.08,0.0,0.0,1.0,1.0,1.0,10,combinations,B,B,True,-6.692926406860352,-0.06792640686035156,-6.567926406860352,-8.442926406860352
2026-05-20T19:33:47.962657+00:00,mlx-community/Qwen3-1.7B-4bit,23,hrm,0.6470588235294118,11,17,5.217231082999206,1,1,0.16,0.01,0.08,0.0,0.0,1.0,1.0,1.0,10,coins,C,C,True,-6.559782028198242,-9.059782028198242,-0.05978202819824219,-9.309782028198242
2026-05-20T19:33:47.962657+00:00,mlx-community/Qwen3-1.7B-4bit,23,hrm,0.6470588235294118,11,17,5.217231082999206,1,1,0.16,0.01,0.08,0.0,0.0,1.0,1.0,1.0,10,modular_small,B,B,True,-1.9056568145751953,-1.7806568145751953,-2.1556568145751953,-1.7806568145751953
2026-05-20T19:33:47.962657+00:00,mlx-community/Qwen3-1.7B-4bit,23,hrm,0.6470588235294118,11,17,5.217231082999206,1,1,0.16,0.01,0.08,0.0,0.0,1.0,1.0,1.0,10,syllogism,A,D,False,-4.505882263183594,-3.6308822631835938,-2.7558822631835938,-0.38088226318359375
2026-05-20T19:33:53.187241+00:00,mlx-community/Qwen3-1.7B-4bit,24,hrm,0.6470588235294118,11,17,5.22437366700251,1,1,0.16,0.01,0.08,0.01,0.01,1.0,1.0,1.0,10,algebra,B,B,True,-4.1911163330078125,-0.0661163330078125,-6.1911163330078125,-4.6911163330078125
2026-05-20T19:33:53.187241+00:00,mlx-community/Qwen3-1.7B-4bit,24,hrm,0.6470588235294118,11,17,5.22437366700251,1,1,0.16,0.01,0.08,0.01,0.01,1.0,1.0,1.0,10,markup,C,D,False,-2.0577621459960938,-2.3077621459960938,-5.432762145996094,-0.6827621459960938
2026-05-20T19:33:53.187241+00:00,mlx-community/Qwen3-1.7B-4bit,24,hrm,0.6470588235294118,11,17,5.22437366700251,1,1,0.16,0.01,0.08,0.01,0.01,1.0,1.0,1.0,10,boxes,C,C,True,-7.562557220458984,-6.562557220458984,-0.06255722045898438,-5.812557220458984
2026-05-20T19:33:53.187241+00:00,mlx-community/Qwen3-1.7B-4bit,24,hrm,0.6470588235294118,11,17,5.22437366700251,1,1,0.16,0.01,0.08,0.01,0.01,1.0,1.0,1.0,10,inclusion,B,B,True,-2.980833053588867,-1.3558330535888672,-2.605833053588867,-4.105833053588867
2026-05-20T19:33:53.187241+00:00,mlx-community/Qwen3-1.7B-4bit,24,hrm,0.6470588235294118,11,17,5.22437366700251,1,1,0.16,0.01,0.08,0.01,0.01,1.0,1.0,1.0,10,modular,B,B,True,-3.4908504486083984,-0.7408504486083984,-3.3658504486083984,-2.2408504486083984
2026-05-20T19:33:53.187241+00:00,mlx-community/Qwen3-1.7B-4bit,24,hrm,0.6470588235294118,11,17,5.22437366700251,1,1,0.16,0.01,0.08,0.01,0.01,1.0,1.0,1.0,10,work_rate,A,A,True,-0.19539833068847656,-3.4453983306884766,-6.570398330688477,-6.070398330688477
2026-05-20T19:33:53.187241+00:00,mlx-community/Qwen3-1.7B-4bit,24,hrm,0.6470588235294118,11,17,5.22437366700251,1,1,0.16,0.01,0.08,0.01,0.01,1.0,1.0,1.0,10,probability,B,A,False,-0.9590682983398438,-1.9590682983398438,-3.4590682983398438,-2.4590682983398438
2026-05-20T19:33:53.187241+00:00,mlx-community/Qwen3-1.7B-4bit,24,hrm,0.6470588235294118,11,17,5.22437366700251,1,1,0.16,0.01,0.08,0.01,0.01,1.0,1.0,1.0,10,sequence,C,B,False,-3.809904098510742,-0.5599040985107422,-2.934904098510742,-2.184904098510742
2026-05-20T19:33:53.187241+00:00,mlx-community/Qwen3-1.7B-4bit,24,hrm,0.6470588235294118,11,17,5.22437366700251,1,1,0.16,0.01,0.08,0.01,0.01,1.0,1.0,1.0,10,linear_word,B,B,True,-2.5005455017089844,-1.0005455017089844,-3.1255455017089844,-2.3755455017089844
2026-05-20T19:33:53.187241+00:00,mlx-community/Qwen3-1.7B-4bit,24,hrm,0.6470588235294118,11,17,5.22437366700251,1,1,0.16,0.01,0.08,0.01,0.01,1.0,1.0,1.0,10,reverse_discount,C,B,False,-3.234762191772461,-0.48476219177246094,-3.234762191772461,-2.109762191772461
2026-05-20T19:33:53.187241+00:00,mlx-community/Qwen3-1.7B-4bit,24,hrm,0.6470588235294118,11,17,5.22437366700251,1,1,0.16,0.01,0.08,0.01,0.01,1.0,1.0,1.0,10,multiples,B,C,False,-4.87586784362793,-4.37586784362793,-1.0008678436279297,-1.0008678436279297
2026-05-20T19:33:53.187241+00:00,mlx-community/Qwen3-1.7B-4bit,24,hrm,0.6470588235294118,11,17,5.22437366700251,1,1,0.16,0.01,0.08,0.01,0.01,1.0,1.0,1.0,10,rectangle,B,B,True,-3.9683475494384766,-0.09334754943847656,-5.718347549438477,-5.843347549438477
2026-05-20T19:33:53.187241+00:00,mlx-community/Qwen3-1.7B-4bit,24,hrm,0.6470588235294118,11,17,5.22437366700251,1,1,0.16,0.01,0.08,0.01,0.01,1.0,1.0,1.0,10,average,C,C,True,-3.342885971069336,-5.342885971069336,-0.21788597106933594,-5.092885971069336
2026-05-20T19:33:53.187241+00:00,mlx-community/Qwen3-1.7B-4bit,24,hrm,0.6470588235294118,11,17,5.22437366700251,1,1,0.16,0.01,0.08,0.01,0.01,1.0,1.0,1.0,10,combinations,B,B,True,-6.69293212890625,-0.06793212890625,-6.56793212890625,-8.44293212890625
2026-05-20T19:33:53.187241+00:00,mlx-community/Qwen3-1.7B-4bit,24,hrm,0.6470588235294118,11,17,5.22437366700251,1,1,0.16,0.01,0.08,0.01,0.01,1.0,1.0,1.0,10,coins,C,C,True,-6.559823989868164,-9.059823989868164,-0.05982398986816406,-9.309823989868164
2026-05-20T19:33:53.187241+00:00,mlx-community/Qwen3-1.7B-4bit,24,hrm,0.6470588235294118,11,17,5.22437366700251,1,1,0.16,0.01,0.08,0.01,0.01,1.0,1.0,1.0,10,modular_small,B,B,True,-1.9099254608154297,-1.7849254608154297,-2.1599254608154297,-1.7849254608154297
2026-05-20T19:33:53.187241+00:00,mlx-community/Qwen3-1.7B-4bit,24,hrm,0.6470588235294118,11,17,5.22437366700251,1,1,0.16,0.01,0.08,0.01,0.01,1.0,1.0,1.0,10,syllogism,A,D,False,-4.386020660400391,-3.5110206604003906,-2.7610206604003906,-0.3860206604003906
2026-05-20T19:33:58.406426+00:00,mlx-community/Qwen3-1.7B-4bit,25,hrm,0.5882352941176471,10,17,5.218991333000304,1,1,0.16,0.03,0.02,0.0,0.0,1.0,1.0,1.0,10,algebra,B,B,True,-4.191436767578125,-0.066436767578125,-6.066436767578125,-4.691436767578125
2026-05-20T19:33:58.406426+00:00,mlx-community/Qwen3-1.7B-4bit,25,hrm,0.5882352941176471,10,17,5.218991333000304,1,1,0.16,0.03,0.02,0.0,0.0,1.0,1.0,1.0,10,markup,C,D,False,-2.0599231719970703,-2.3099231719970703,-5.43492317199707,-0.6849231719970703
2026-05-20T19:33:58.406426+00:00,mlx-community/Qwen3-1.7B-4bit,25,hrm,0.5882352941176471,10,17,5.218991333000304,1,1,0.16,0.03,0.02,0.0,0.0,1.0,1.0,1.0,10,boxes,C,C,True,-7.442220687866211,-6.442220687866211,-0.06722068786621094,-5.817220687866211
2026-05-20T19:33:58.406426+00:00,mlx-community/Qwen3-1.7B-4bit,25,hrm,0.5882352941176471,10,17,5.218991333000304,1,1,0.16,0.03,0.02,0.0,0.0,1.0,1.0,1.0,10,inclusion,B,B,True,-2.981903076171875,-1.356903076171875,-2.606903076171875,-4.106903076171875
2026-05-20T19:33:58.406426+00:00,mlx-community/Qwen3-1.7B-4bit,25,hrm,0.5882352941176471,10,17,5.218991333000304,1,1,0.16,0.03,0.02,0.0,0.0,1.0,1.0,1.0,10,modular,B,B,True,-3.3716869354248047,-0.7466869354248047,-3.3716869354248047,-2.2466869354248047
2026-05-20T19:33:58.406426+00:00,mlx-community/Qwen3-1.7B-4bit,25,hrm,0.5882352941176471,10,17,5.218991333000304,1,1,0.16,0.03,0.02,0.0,0.0,1.0,1.0,1.0,10,work_rate,A,A,True,-0.20566940307617188,-3.455669403076172,-6.580669403076172,-5.955669403076172
2026-05-20T19:33:58.406426+00:00,mlx-community/Qwen3-1.7B-4bit,25,hrm,0.5882352941176471,10,17,5.218991333000304,1,1,0.16,0.03,0.02,0.0,0.0,1.0,1.0,1.0,10,probability,B,A,False,-0.8882884979248047,-2.0132884979248047,-3.5132884979248047,-2.5132884979248047
2026-05-20T19:33:58.406426+00:00,mlx-community/Qwen3-1.7B-4bit,25,hrm,0.5882352941176471,10,17,5.218991333000304,1,1,0.16,0.03,0.02,0.0,0.0,1.0,1.0,1.0,10,sequence,C,B,False,-3.824941635131836,-0.5749416351318359,-2.949941635131836,-2.074941635131836
2026-05-20T19:33:58.406426+00:00,mlx-community/Qwen3-1.7B-4bit,25,hrm,0.5882352941176471,10,17,5.218991333000304,1,1,0.16,0.03,0.02,0.0,0.0,1.0,1.0,1.0,10,linear_word,B,B,True,-2.4923362731933594,-0.9923362731933594,-3.1173362731933594,-2.3673362731933594
2026-05-20T19:33:58.406426+00:00,mlx-community/Qwen3-1.7B-4bit,25,hrm,0.5882352941176471,10,17,5.218991333000304,1,1,0.16,0.03,0.02,0.0,0.0,1.0,1.0,1.0,10,reverse_discount,C,B,False,-3.254364013671875,-0.504364013671875,-3.254364013671875,-2.004364013671875
2026-05-20T19:33:58.406426+00:00,mlx-community/Qwen3-1.7B-4bit,25,hrm,0.5882352941176471,10,17,5.218991333000304,1,1,0.16,0.03,0.02,0.0,0.0,1.0,1.0,1.0,10,multiples,B,C,False,-4.875522613525391,-4.375522613525391,-1.0005226135253906,-1.0005226135253906
2026-05-20T19:33:58.406426+00:00,mlx-community/Qwen3-1.7B-4bit,25,hrm,0.5882352941176471,10,17,5.218991333000304,1,1,0.16,0.03,0.02,0.0,0.0,1.0,1.0,1.0,10,rectangle,B,B,True,-3.8460769653320312,-0.09607696533203125,-5.721076965332031,-5.846076965332031
2026-05-20T19:33:58.406426+00:00,mlx-community/Qwen3-1.7B-4bit,25,hrm,0.5882352941176471,10,17,5.218991333000304,1,1,0.16,0.03,0.02,0.0,0.0,1.0,1.0,1.0,10,average,C,C,True,-3.341869354248047,-5.466869354248047,-0.21686935424804688,-5.091869354248047
2026-05-20T19:33:58.406426+00:00,mlx-community/Qwen3-1.7B-4bit,25,hrm,0.5882352941176471,10,17,5.218991333000304,1,1,0.16,0.03,0.02,0.0,0.0,1.0,1.0,1.0,10,combinations,B,B,True,-6.576677322387695,-0.07667732238769531,-6.451677322387695,-8.326677322387695
2026-05-20T19:33:58.406426+00:00,mlx-community/Qwen3-1.7B-4bit,25,hrm,0.5882352941176471,10,17,5.218991333000304,1,1,0.16,0.03,0.02,0.0,0.0,1.0,1.0,1.0,10,coins,C,C,True,-6.677349090576172,-9.302349090576172,-0.052349090576171875,-9.427349090576172
2026-05-20T19:33:58.406426+00:00,mlx-community/Qwen3-1.7B-4bit,25,hrm,0.5882352941176471,10,17,5.218991333000304,1,1,0.16,0.03,0.02,0.0,0.0,1.0,1.0,1.0,10,modular_small,B,A,False,-1.8150653839111328,-1.8150653839111328,-2.065065383911133,-1.8150653839111328
2026-05-20T19:33:58.406426+00:00,mlx-community/Qwen3-1.7B-4bit,25,hrm,0.5882352941176471,10,17,5.218991333000304,1,1,0.16,0.03,0.02,0.0,0.0,1.0,1.0,1.0,10,syllogism,A,D,False,-4.383054733276367,-3.633054733276367,-2.758054733276367,-0.3830547332763672
2026-05-20T19:34:03.621075+00:00,mlx-community/Qwen3-1.7B-4bit,26,hrm,0.5882352941176471,10,17,5.214443832999677,1,1,0.16,0.03,0.02,0.01,0.01,1.0,1.0,1.0,10,algebra,B,B,True,-4.1899871826171875,-0.0649871826171875,-6.1899871826171875,-4.8149871826171875
2026-05-20T19:34:03.621075+00:00,mlx-community/Qwen3-1.7B-4bit,26,hrm,0.5882352941176471,10,17,5.214443832999677,1,1,0.16,0.03,0.02,0.01,0.01,1.0,1.0,1.0,10,markup,C,D,False,-2.067760467529297,-2.317760467529297,-5.442760467529297,-0.6927604675292969
2026-05-20T19:34:03.621075+00:00,mlx-community/Qwen3-1.7B-4bit,26,hrm,0.5882352941176471,10,17,5.214443832999677,1,1,0.16,0.03,0.02,0.01,0.01,1.0,1.0,1.0,10,boxes,C,C,True,-7.566801071166992,-6.441801071166992,-0.06680107116699219,-5.816801071166992
2026-05-20T19:34:03.621075+00:00,mlx-community/Qwen3-1.7B-4bit,26,hrm,0.5882352941176471,10,17,5.214443832999677,1,1,0.16,0.03,0.02,0.01,0.01,1.0,1.0,1.0,10,inclusion,B,B,True,-2.993509292602539,-1.368509292602539,-2.493509292602539,-3.993509292602539
2026-05-20T19:34:03.621075+00:00,mlx-community/Qwen3-1.7B-4bit,26,hrm,0.5882352941176471,10,17,5.214443832999677,1,1,0.16,0.03,0.02,0.01,0.01,1.0,1.0,1.0,10,modular,B,B,True,-3.491312026977539,-0.7413120269775391,-3.366312026977539,-2.241312026977539
2026-05-20T19:34:03.621075+00:00,mlx-community/Qwen3-1.7B-4bit,26,hrm,0.5882352941176471,10,17,5.214443832999677,1,1,0.16,0.03,0.02,0.01,0.01,1.0,1.0,1.0,10,work_rate,A,A,True,-0.197479248046875,-3.447479248046875,-6.572479248046875,-5.947479248046875
2026-05-20T19:34:03.621075+00:00,mlx-community/Qwen3-1.7B-4bit,26,hrm,0.5882352941176471,10,17,5.214443832999677,1,1,0.16,0.03,0.02,0.01,0.01,1.0,1.0,1.0,10,probability,B,A,False,-0.8877449035644531,-2.012744903564453,-3.512744903564453,-2.512744903564453
2026-05-20T19:34:03.621075+00:00,mlx-community/Qwen3-1.7B-4bit,26,hrm,0.5882352941176471,10,17,5.214443832999677,1,1,0.16,0.03,0.02,0.01,0.01,1.0,1.0,1.0,10,sequence,C,B,False,-3.824920654296875,-0.574920654296875,-2.949920654296875,-2.074920654296875
2026-05-20T19:34:03.621075+00:00,mlx-community/Qwen3-1.7B-4bit,26,hrm,0.5882352941176471,10,17,5.214443832999677,1,1,0.16,0.03,0.02,0.01,0.01,1.0,1.0,1.0,10,linear_word,B,B,True,-2.4926910400390625,-0.9926910400390625,-3.1176910400390625,-2.3676910400390625
2026-05-20T19:34:03.621075+00:00,mlx-community/Qwen3-1.7B-4bit,26,hrm,0.5882352941176471,10,17,5.214443832999677,1,1,0.16,0.03,0.02,0.01,0.01,1.0,1.0,1.0,10,reverse_discount,C,B,False,-3.2382564544677734,-0.48825645446777344,-3.2382564544677734,-2.1132564544677734
2026-05-20T19:34:03.621075+00:00,mlx-community/Qwen3-1.7B-4bit,26,hrm,0.5882352941176471,10,17,5.214443832999677,1,1,0.16,0.03,0.02,0.01,0.01,1.0,1.0,1.0,10,multiples,B,D,False,-4.827358245849609,-4.327358245849609,-1.0773582458496094,-0.9523582458496094
2026-05-20T19:34:03.621075+00:00,mlx-community/Qwen3-1.7B-4bit,26,hrm,0.5882352941176471,10,17,5.214443832999677,1,1,0.16,0.03,0.02,0.01,0.01,1.0,1.0,1.0,10,rectangle,B,B,True,-3.9684410095214844,-0.09344100952148438,-5.718441009521484,-5.843441009521484
2026-05-20T19:34:03.621075+00:00,mlx-community/Qwen3-1.7B-4bit,26,hrm,0.5882352941176471,10,17,5.214443832999677,1,1,0.16,0.03,0.02,0.01,0.01,1.0,1.0,1.0,10,average,C,C,True,-3.341815948486328,-5.466815948486328,-0.21681594848632812,-5.091815948486328
2026-05-20T19:34:03.621075+00:00,mlx-community/Qwen3-1.7B-4bit,26,hrm,0.5882352941176471,10,17,5.214443832999677,1,1,0.16,0.03,0.02,0.01,0.01,1.0,1.0,1.0,10,combinations,B,B,True,-6.693264007568359,-0.06826400756835938,-6.568264007568359,-8.44326400756836
2026-05-20T19:34:03.621075+00:00,mlx-community/Qwen3-1.7B-4bit,26,hrm,0.5882352941176471,10,17,5.214443832999677,1,1,0.16,0.03,0.02,0.01,0.01,1.0,1.0,1.0,10,coins,C,C,True,-6.67744255065918,-9.30244255065918,-0.05244255065917969,-9.42744255065918
2026-05-20T19:34:03.621075+00:00,mlx-community/Qwen3-1.7B-4bit,26,hrm,0.5882352941176471,10,17,5.214443832999677,1,1,0.16,0.03,0.02,0.01,0.01,1.0,1.0,1.0,10,modular_small,B,A,False,-1.8198394775390625,-1.8198394775390625,-2.0698394775390625,-1.8198394775390625
2026-05-20T19:34:03.621075+00:00,mlx-community/Qwen3-1.7B-4bit,26,hrm,0.5882352941176471,10,17,5.214443832999677,1,1,0.16,0.03,0.02,0.01,0.01,1.0,1.0,1.0,10,syllogism,A,D,False,-4.386005401611328,-3.511005401611328,-2.761005401611328,-0.3860054016113281
2026-05-20T19:34:08.822911+00:00,mlx-community/Qwen3-1.7B-4bit,27,hrm,0.5882352941176471,10,17,5.2016239580007095,1,1,0.16,0.03,0.05,0.0,0.0,1.0,1.0,1.0,10,algebra,B,B,True,-4.190086364746094,-0.06508636474609375,-6.190086364746094,-4.815086364746094
2026-05-20T19:34:08.822911+00:00,mlx-community/Qwen3-1.7B-4bit,27,hrm,0.5882352941176471,10,17,5.2016239580007095,1,1,0.16,0.03,0.05,0.0,0.0,1.0,1.0,1.0,10,markup,C,D,False,-2.0692672729492188,-2.3192672729492188,-5.444267272949219,-0.6942672729492188
2026-05-20T19:34:08.822911+00:00,mlx-community/Qwen3-1.7B-4bit,27,hrm,0.5882352941176471,10,17,5.2016239580007095,1,1,0.16,0.03,0.05,0.0,0.0,1.0,1.0,1.0,10,boxes,C,C,True,-7.44227409362793,-6.44227409362793,-0.06727409362792969,-5.81727409362793
2026-05-20T19:34:08.822911+00:00,mlx-community/Qwen3-1.7B-4bit,27,hrm,0.5882352941176471,10,17,5.2016239580007095,1,1,0.16,0.03,0.05,0.0,0.0,1.0,1.0,1.0,10,inclusion,B,B,True,-2.981945037841797,-1.3569450378417969,-2.606945037841797,-4.106945037841797
2026-05-20T19:34:08.822911+00:00,mlx-community/Qwen3-1.7B-4bit,27,hrm,0.5882352941176471,10,17,5.2016239580007095,1,1,0.16,0.03,0.05,0.0,0.0,1.0,1.0,1.0,10,modular,B,B,True,-3.3697891235351562,-0.7447891235351562,-3.3697891235351562,-2.2447891235351562
2026-05-20T19:34:08.822911+00:00,mlx-community/Qwen3-1.7B-4bit,27,hrm,0.5882352941176471,10,17,5.2016239580007095,1,1,0.16,0.03,0.05,0.0,0.0,1.0,1.0,1.0,10,work_rate,A,A,True,-0.20476913452148438,-3.4547691345214844,-6.579769134521484,-5.954769134521484
2026-05-20T19:34:08.822911+00:00,mlx-community/Qwen3-1.7B-4bit,27,hrm,0.5882352941176471,10,17,5.2016239580007095,1,1,0.16,0.03,0.05,0.0,0.0,1.0,1.0,1.0,10,probability,B,A,False,-0.8882923126220703,-2.0132923126220703,-3.5132923126220703,-2.5132923126220703
2026-05-20T19:34:08.822911+00:00,mlx-community/Qwen3-1.7B-4bit,27,hrm,0.5882352941176471,10,17,5.2016239580007095,1,1,0.16,0.03,0.05,0.0,0.0,1.0,1.0,1.0,10,sequence,C,B,False,-3.8247032165527344,-0.5747032165527344,-2.9497032165527344,-2.0747032165527344
2026-05-20T19:34:08.822911+00:00,mlx-community/Qwen3-1.7B-4bit,27,hrm,0.5882352941176471,10,17,5.2016239580007095,1,1,0.16,0.03,0.05,0.0,0.0,1.0,1.0,1.0,10,linear_word,B,B,True,-2.4926795959472656,-0.9926795959472656,-3.1176795959472656,-2.3676795959472656
2026-05-20T19:34:08.822911+00:00,mlx-community/Qwen3-1.7B-4bit,27,hrm,0.5882352941176471,10,17,5.2016239580007095,1,1,0.16,0.03,0.05,0.0,0.0,1.0,1.0,1.0,10,reverse_discount,C,B,False,-3.234853744506836,-0.48485374450683594,-3.234853744506836,-2.109853744506836
2026-05-20T19:34:08.822911+00:00,mlx-community/Qwen3-1.7B-4bit,27,hrm,0.5882352941176471,10,17,5.2016239580007095,1,1,0.16,0.03,0.05,0.0,0.0,1.0,1.0,1.0,10,multiples,B,D,False,-4.831256866455078,-4.331256866455078,-1.0812568664550781,-0.9562568664550781
2026-05-20T19:34:08.822911+00:00,mlx-community/Qwen3-1.7B-4bit,27,hrm,0.5882352941176471,10,17,5.2016239580007095,1,1,0.16,0.03,0.05,0.0,0.0,1.0,1.0,1.0,10,rectangle,B,B,True,-3.8461647033691406,-0.09616470336914062,-5.721164703369141,-5.846164703369141
2026-05-20T19:34:08.822911+00:00,mlx-community/Qwen3-1.7B-4bit,27,hrm,0.5882352941176471,10,17,5.2016239580007095,1,1,0.16,0.03,0.05,0.0,0.0,1.0,1.0,1.0,10,average,C,C,True,-3.2423858642578125,-5.3673858642578125,-0.2423858642578125,-4.9923858642578125
2026-05-20T19:34:08.822911+00:00,mlx-community/Qwen3-1.7B-4bit,27,hrm,0.5882352941176471,10,17,5.2016239580007095,1,1,0.16,0.03,0.05,0.0,0.0,1.0,1.0,1.0,10,combinations,B,B,True,-6.576009750366211,-0.07600975036621094,-6.451009750366211,-8.326009750366211
2026-05-20T19:34:08.822911+00:00,mlx-community/Qwen3-1.7B-4bit,27,hrm,0.5882352941176471,10,17,5.2016239580007095,1,1,0.16,0.03,0.05,0.0,0.0,1.0,1.0,1.0,10,coins,C,C,True,-6.674898147583008,-9.299898147583008,-0.04989814758300781,-9.424898147583008
2026-05-20T19:34:08.822911+00:00,mlx-community/Qwen3-1.7B-4bit,27,hrm,0.5882352941176471,10,17,5.2016239580007095,1,1,0.16,0.03,0.05,0.0,0.0,1.0,1.0,1.0,10,modular_small,B,A,False,-1.8195514678955078,-1.8195514678955078,-2.069551467895508,-1.8195514678955078
2026-05-20T19:34:08.822911+00:00,mlx-community/Qwen3-1.7B-4bit,27,hrm,0.5882352941176471,10,17,5.2016239580007095,1,1,0.16,0.03,0.05,0.0,0.0,1.0,1.0,1.0,10,syllogism,A,D,False,-4.386486053466797,-3.511486053466797,-2.761486053466797,-0.3864860534667969
2026-05-20T19:34:14.032379+00:00,mlx-community/Qwen3-1.7B-4bit,28,hrm,0.5882352941176471,10,17,5.209255416997621,1,1,0.16,0.03,0.05,0.01,0.01,1.0,1.0,1.0,10,algebra,B,B,True,-4.190090179443359,-0.06509017944335938,-6.190090179443359,-4.815090179443359
2026-05-20T19:34:14.032379+00:00,mlx-community/Qwen3-1.7B-4bit,28,hrm,0.5882352941176471,10,17,5.209255416997621,1,1,0.16,0.03,0.05,0.01,0.01,1.0,1.0,1.0,10,markup,C,D,False,-2.076141357421875,-2.326141357421875,-5.451141357421875,-0.701141357421875
2026-05-20T19:34:14.032379+00:00,mlx-community/Qwen3-1.7B-4bit,28,hrm,0.5882352941176471,10,17,5.209255416997621,1,1,0.16,0.03,0.05,0.01,0.01,1.0,1.0,1.0,10,boxes,C,C,True,-7.567087173461914,-6.442087173461914,-0.06708717346191406,-5.817087173461914
2026-05-20T19:34:14.032379+00:00,mlx-community/Qwen3-1.7B-4bit,28,hrm,0.5882352941176471,10,17,5.209255416997621,1,1,0.16,0.03,0.05,0.01,0.01,1.0,1.0,1.0,10,inclusion,B,B,True,-2.9820175170898438,-1.3570175170898438,-2.6070175170898438,-4.107017517089844
2026-05-20T19:34:14.032379+00:00,mlx-community/Qwen3-1.7B-4bit,28,hrm,0.5882352941176471,10,17,5.209255416997621,1,1,0.16,0.03,0.05,0.01,0.01,1.0,1.0,1.0,10,modular,B,B,True,-3.4913902282714844,-0.7413902282714844,-3.3663902282714844,-2.2413902282714844
2026-05-20T19:34:14.032379+00:00,mlx-community/Qwen3-1.7B-4bit,28,hrm,0.5882352941176471,10,17,5.209255416997621,1,1,0.16,0.03,0.05,0.01,0.01,1.0,1.0,1.0,10,work_rate,A,A,True,-0.20564651489257812,-3.455646514892578,-6.580646514892578,-5.955646514892578
2026-05-20T19:34:14.032379+00:00,mlx-community/Qwen3-1.7B-4bit,28,hrm,0.5882352941176471,10,17,5.209255416997621,1,1,0.16,0.03,0.05,0.01,0.01,1.0,1.0,1.0,10,probability,B,A,False,-0.8893146514892578,-2.014314651489258,-3.514314651489258,-2.514314651489258
2026-05-20T19:34:14.032379+00:00,mlx-community/Qwen3-1.7B-4bit,28,hrm,0.5882352941176471,10,17,5.209255416997621,1,1,0.16,0.03,0.05,0.01,0.01,1.0,1.0,1.0,10,sequence,C,B,False,-3.824472427368164,-0.5744724273681641,-2.949472427368164,-2.074472427368164
2026-05-20T19:34:14.032379+00:00,mlx-community/Qwen3-1.7B-4bit,28,hrm,0.5882352941176471,10,17,5.209255416997621,1,1,0.16,0.03,0.05,0.01,0.01,1.0,1.0,1.0,10,linear_word,B,B,True,-2.4922142028808594,-0.9922142028808594,-3.1172142028808594,-2.3672142028808594
2026-05-20T19:34:14.032379+00:00,mlx-community/Qwen3-1.7B-4bit,28,hrm,0.5882352941176471,10,17,5.209255416997621,1,1,0.16,0.03,0.05,0.01,0.01,1.0,1.0,1.0,10,reverse_discount,C,B,False,-3.2347183227539062,-0.48471832275390625,-3.2347183227539062,-2.1097183227539062
2026-05-20T19:34:14.032379+00:00,mlx-community/Qwen3-1.7B-4bit,28,hrm,0.5882352941176471,10,17,5.209255416997621,1,1,0.16,0.03,0.05,0.01,0.01,1.0,1.0,1.0,10,multiples,B,C,False,-4.871944427490234,-4.371944427490234,-0.9969444274902344,-0.9969444274902344
2026-05-20T19:34:14.032379+00:00,mlx-community/Qwen3-1.7B-4bit,28,hrm,0.5882352941176471,10,17,5.209255416997621,1,1,0.16,0.03,0.05,0.01,0.01,1.0,1.0,1.0,10,rectangle,B,B,True,-3.8461380004882812,-0.09613800048828125,-5.721138000488281,-5.846138000488281
2026-05-20T19:34:14.032379+00:00,mlx-community/Qwen3-1.7B-4bit,28,hrm,0.5882352941176471,10,17,5.209255416997621,1,1,0.16,0.03,0.05,0.01,0.01,1.0,1.0,1.0,10,average,C,C,True,-3.2433414459228516,-5.243341445922852,-0.24334144592285156,-4.993341445922852
2026-05-20T19:34:14.032379+00:00,mlx-community/Qwen3-1.7B-4bit,28,hrm,0.5882352941176471,10,17,5.209255416997621,1,1,0.16,0.03,0.05,0.01,0.01,1.0,1.0,1.0,10,combinations,B,B,True,-6.576015472412109,-0.07601547241210938,-6.451015472412109,-8.32601547241211
2026-05-20T19:34:14.032379+00:00,mlx-community/Qwen3-1.7B-4bit,28,hrm,0.5882352941176471,10,17,5.209255416997621,1,1,0.16,0.03,0.05,0.01,0.01,1.0,1.0,1.0,10,coins,C,C,True,-6.556310653686523,-9.181310653686523,-0.05631065368652344,-9.306310653686523
2026-05-20T19:34:14.032379+00:00,mlx-community/Qwen3-1.7B-4bit,28,hrm,0.5882352941176471,10,17,5.209255416997621,1,1,0.16,0.03,0.05,0.01,0.01,1.0,1.0,1.0,10,modular_small,B,A,False,-1.8157196044921875,-1.8157196044921875,-2.0657196044921875,-1.8157196044921875
2026-05-20T19:34:14.032379+00:00,mlx-community/Qwen3-1.7B-4bit,28,hrm,0.5882352941176471,10,17,5.209255416997621,1,1,0.16,0.03,0.05,0.01,0.01,1.0,1.0,1.0,10,syllogism,A,D,False,-4.3866729736328125,-3.5116729736328125,-2.7616729736328125,-0.3866729736328125
2026-05-20T19:34:19.250239+00:00,mlx-community/Qwen3-1.7B-4bit,29,hrm,0.5882352941176471,10,17,5.217655167001794,1,1,0.16,0.03,0.08,0.0,0.0,1.0,1.0,1.0,10,algebra,B,B,True,-4.190376281738281,-0.06537628173828125,-6.065376281738281,-4.815376281738281
2026-05-20T19:34:19.250239+00:00,mlx-community/Qwen3-1.7B-4bit,29,hrm,0.5882352941176471,10,17,5.217655167001794,1,1,0.16,0.03,0.08,0.0,0.0,1.0,1.0,1.0,10,markup,C,D,False,-2.0670394897460938,-2.3170394897460938,-5.442039489746094,-0.6920394897460938
2026-05-20T19:34:19.250239+00:00,mlx-community/Qwen3-1.7B-4bit,29,hrm,0.5882352941176471,10,17,5.217655167001794,1,1,0.16,0.03,0.08,0.0,0.0,1.0,1.0,1.0,10,boxes,C,C,True,-7.566656112670898,-6.441656112670898,-0.06665611267089844,-5.816656112670898
2026-05-20T19:34:19.250239+00:00,mlx-community/Qwen3-1.7B-4bit,29,hrm,0.5882352941176471,10,17,5.217655167001794,1,1,0.16,0.03,0.08,0.0,0.0,1.0,1.0,1.0,10,inclusion,B,B,True,-2.9817943572998047,-1.3567943572998047,-2.6067943572998047,-4.106794357299805
2026-05-20T19:34:19.250239+00:00,mlx-community/Qwen3-1.7B-4bit,29,hrm,0.5882352941176471,10,17,5.217655167001794,1,1,0.16,0.03,0.08,0.0,0.0,1.0,1.0,1.0,10,modular,B,B,True,-3.471487045288086,-0.7214870452880859,-3.346487045288086,-2.221487045288086
2026-05-20T19:34:19.250239+00:00,mlx-community/Qwen3-1.7B-4bit,29,hrm,0.5882352941176471,10,17,5.217655167001794,1,1,0.16,0.03,0.08,0.0,0.0,1.0,1.0,1.0,10,work_rate,A,A,True,-0.2057018280029297,-3.4557018280029297,-6.58070182800293,-5.95570182800293
2026-05-20T19:34:19.250239+00:00,mlx-community/Qwen3-1.7B-4bit,29,hrm,0.5882352941176471,10,17,5.217655167001794,1,1,0.16,0.03,0.08,0.0,0.0,1.0,1.0,1.0,10,probability,B,A,False,-0.8882579803466797,-2.0132579803466797,-3.5132579803466797,-2.5132579803466797
2026-05-20T19:34:19.250239+00:00,mlx-community/Qwen3-1.7B-4bit,29,hrm,0.5882352941176471,10,17,5.217655167001794,1,1,0.16,0.03,0.08,0.0,0.0,1.0,1.0,1.0,10,sequence,C,B,False,-3.8098793029785156,-0.5598793029785156,-2.9348793029785156,-2.1848793029785156
2026-05-20T19:34:19.250239+00:00,mlx-community/Qwen3-1.7B-4bit,29,hrm,0.5882352941176471,10,17,5.217655167001794,1,1,0.16,0.03,0.08,0.0,0.0,1.0,1.0,1.0,10,linear_word,B,B,True,-2.4922313690185547,-0.9922313690185547,-3.1172313690185547,-2.3672313690185547
2026-05-20T19:34:19.250239+00:00,mlx-community/Qwen3-1.7B-4bit,29,hrm,0.5882352941176471,10,17,5.217655167001794,1,1,0.16,0.03,0.08,0.0,0.0,1.0,1.0,1.0,10,reverse_discount,C,B,False,-3.226675033569336,-0.47667503356933594,-3.351675033569336,-2.101675033569336
2026-05-20T19:34:19.250239+00:00,mlx-community/Qwen3-1.7B-4bit,29,hrm,0.5882352941176471,10,17,5.217655167001794,1,1,0.16,0.03,0.08,0.0,0.0,1.0,1.0,1.0,10,multiples,B,D,False,-4.831092834472656,-4.331092834472656,-1.0810928344726562,-0.9560928344726562
2026-05-20T19:34:19.250239+00:00,mlx-community/Qwen3-1.7B-4bit,29,hrm,0.5882352941176471,10,17,5.217655167001794,1,1,0.16,0.03,0.08,0.0,0.0,1.0,1.0,1.0,10,rectangle,B,B,True,-3.850614547729492,-0.10061454772949219,-5.725614547729492,-5.850614547729492
2026-05-20T19:34:19.250239+00:00,mlx-community/Qwen3-1.7B-4bit,29,hrm,0.5882352941176471,10,17,5.217655167001794,1,1,0.16,0.03,0.08,0.0,0.0,1.0,1.0,1.0,10,average,C,C,True,-3.2423171997070312,-5.367317199707031,-0.24231719970703125,-4.992317199707031
2026-05-20T19:34:19.250239+00:00,mlx-community/Qwen3-1.7B-4bit,29,hrm,0.5882352941176471,10,17,5.217655167001794,1,1,0.16,0.03,0.08,0.0,0.0,1.0,1.0,1.0,10,combinations,B,B,True,-6.703266143798828,-0.07826614379882812,-6.453266143798828,-8.453266143798828
2026-05-20T19:34:19.250239+00:00,mlx-community/Qwen3-1.7B-4bit,29,hrm,0.5882352941176471,10,17,5.217655167001794,1,1,0.16,0.03,0.08,0.0,0.0,1.0,1.0,1.0,10,coins,C,C,True,-6.557390213012695,-9.182390213012695,-0.05739021301269531,-9.307390213012695
2026-05-20T19:34:19.250239+00:00,mlx-community/Qwen3-1.7B-4bit,29,hrm,0.5882352941176471,10,17,5.217655167001794,1,1,0.16,0.03,0.08,0.0,0.0,1.0,1.0,1.0,10,modular_small,B,A,False,-1.8010597229003906,-1.8010597229003906,-2.1760597229003906,-1.8010597229003906
2026-05-20T19:34:19.250239+00:00,mlx-community/Qwen3-1.7B-4bit,29,hrm,0.5882352941176471,10,17,5.217655167001794,1,1,0.16,0.03,0.08,0.0,0.0,1.0,1.0,1.0,10,syllogism,A,D,False,-4.386287689208984,-3.5112876892089844,-2.7612876892089844,-0.3862876892089844
2026-05-20T19:34:24.464772+00:00,mlx-community/Qwen3-1.7B-4bit,30,hrm,0.5882352941176471,10,17,5.21432195899979,1,1,0.16,0.03,0.08,0.01,0.01,1.0,1.0,1.0,10,algebra,B,B,True,-4.190370559692383,-0.06537055969238281,-6.065370559692383,-4.815370559692383
2026-05-20T19:34:24.464772+00:00,mlx-community/Qwen3-1.7B-4bit,30,hrm,0.5882352941176471,10,17,5.21432195899979,1,1,0.16,0.03,0.08,0.01,0.01,1.0,1.0,1.0,10,markup,C,D,False,-2.067136764526367,-2.317136764526367,-5.442136764526367,-0.6921367645263672
2026-05-20T19:34:24.464772+00:00,mlx-community/Qwen3-1.7B-4bit,30,hrm,0.5882352941176471,10,17,5.21432195899979,1,1,0.16,0.03,0.08,0.01,0.01,1.0,1.0,1.0,10,boxes,C,C,True,-7.566991806030273,-6.441991806030273,-0.06699180603027344,-5.816991806030273
2026-05-20T19:34:24.464772+00:00,mlx-community/Qwen3-1.7B-4bit,30,hrm,0.5882352941176471,10,17,5.21432195899979,1,1,0.16,0.03,0.08,0.01,0.01,1.0,1.0,1.0,10,inclusion,B,B,True,-3.0113143920898438,-1.3863143920898438,-2.6363143920898438,-4.136314392089844
2026-05-20T19:34:24.464772+00:00,mlx-community/Qwen3-1.7B-4bit,30,hrm,0.5882352941176471,10,17,5.21432195899979,1,1,0.16,0.03,0.08,0.01,0.01,1.0,1.0,1.0,10,modular,B,B,True,-3.490446090698242,-0.7404460906982422,-3.365446090698242,-2.240446090698242
2026-05-20T19:34:24.464772+00:00,mlx-community/Qwen3-1.7B-4bit,30,hrm,0.5882352941176471,10,17,5.21432195899979,1,1,0.16,0.03,0.08,0.01,0.01,1.0,1.0,1.0,10,work_rate,A,A,True,-0.19551658630371094,-3.445516586303711,-6.570516586303711,-6.070516586303711
2026-05-20T19:34:24.464772+00:00,mlx-community/Qwen3-1.7B-4bit,30,hrm,0.5882352941176471,10,17,5.21432195899979,1,1,0.16,0.03,0.08,0.01,0.01,1.0,1.0,1.0,10,probability,B,A,False,-0.8928985595703125,-2.0178985595703125,-3.3928985595703125,-2.5178985595703125
2026-05-20T19:34:24.464772+00:00,mlx-community/Qwen3-1.7B-4bit,30,hrm,0.5882352941176471,10,17,5.21432195899979,1,1,0.16,0.03,0.08,0.01,0.01,1.0,1.0,1.0,10,sequence,C,B,False,-3.8098621368408203,-0.5598621368408203,-2.9348621368408203,-2.1848621368408203
2026-05-20T19:34:24.464772+00:00,mlx-community/Qwen3-1.7B-4bit,30,hrm,0.5882352941176471,10,17,5.21432195899979,1,1,0.16,0.03,0.08,0.01,0.01,1.0,1.0,1.0,10,linear_word,B,B,True,-2.5949554443359375,-0.9699554443359375,-3.0949554443359375,-2.4699554443359375
2026-05-20T19:34:24.464772+00:00,mlx-community/Qwen3-1.7B-4bit,30,hrm,0.5882352941176471,10,17,5.21432195899979,1,1,0.16,0.03,0.08,0.01,0.01,1.0,1.0,1.0,10,reverse_discount,C,B,False,-3.234893798828125,-0.484893798828125,-3.234893798828125,-2.109893798828125
2026-05-20T19:34:24.464772+00:00,mlx-community/Qwen3-1.7B-4bit,30,hrm,0.5882352941176471,10,17,5.21432195899979,1,1,0.16,0.03,0.08,0.01,0.01,1.0,1.0,1.0,10,multiples,B,D,False,-4.825857162475586,-4.325857162475586,-1.075857162475586,-0.9508571624755859
2026-05-20T19:34:24.464772+00:00,mlx-community/Qwen3-1.7B-4bit,30,hrm,0.5882352941176471,10,17,5.21432195899979,1,1,0.16,0.03,0.08,0.01,0.01,1.0,1.0,1.0,10,rectangle,B,B,True,-3.846403121948242,-0.09640312194824219,-5.721403121948242,-5.846403121948242
2026-05-20T19:34:24.464772+00:00,mlx-community/Qwen3-1.7B-4bit,30,hrm,0.5882352941176471,10,17,5.21432195899979,1,1,0.16,0.03,0.08,0.01,0.01,1.0,1.0,1.0,10,average,C,C,True,-3.242727279663086,-5.367727279663086,-0.24272727966308594,-4.992727279663086
2026-05-20T19:34:24.464772+00:00,mlx-community/Qwen3-1.7B-4bit,30,hrm,0.5882352941176471,10,17,5.21432195899979,1,1,0.16,0.03,0.08,0.01,0.01,1.0,1.0,1.0,10,combinations,B,B,True,-6.70319938659668,-0.07819938659667969,-6.45319938659668,-8.45319938659668
2026-05-20T19:34:24.464772+00:00,mlx-community/Qwen3-1.7B-4bit,30,hrm,0.5882352941176471,10,17,5.21432195899979,1,1,0.16,0.03,0.08,0.01,0.01,1.0,1.0,1.0,10,coins,C,C,True,-6.678018569946289,-9.178018569946289,-0.05301856994628906,-9.428018569946289
2026-05-20T19:34:24.464772+00:00,mlx-community/Qwen3-1.7B-4bit,30,hrm,0.5882352941176471,10,17,5.21432195899979,1,1,0.16,0.03,0.08,0.01,0.01,1.0,1.0,1.0,10,modular_small,B,A,False,-1.8055706024169922,-1.8055706024169922,-2.180570602416992,-1.8055706024169922
2026-05-20T19:34:24.464772+00:00,mlx-community/Qwen3-1.7B-4bit,30,hrm,0.5882352941176471,10,17,5.21432195899979,1,1,0.16,0.03,0.08,0.01,0.01,1.0,1.0,1.0,10,syllogism,A,D,False,-4.507951736450195,-3.5079517364501953,-2.7579517364501953,-0.3829517364501953
2026-05-20T19:34:29.684476+00:00,mlx-community/Qwen3-1.7B-4bit,31,hrm,0.6470588235294118,11,17,5.219495541001379,1,1,0.16,0.05,0.02,0.0,0.0,1.0,1.0,1.0,10,algebra,B,B,True,-4.190082550048828,-0.06508255004882812,-6.190082550048828,-4.815082550048828
2026-05-20T19:34:29.684476+00:00,mlx-community/Qwen3-1.7B-4bit,31,hrm,0.6470588235294118,11,17,5.219495541001379,1,1,0.16,0.05,0.02,0.0,0.0,1.0,1.0,1.0,10,markup,C,D,False,-2.0664710998535156,-2.3164710998535156,-5.441471099853516,-0.6914710998535156
2026-05-20T19:34:29.684476+00:00,mlx-community/Qwen3-1.7B-4bit,31,hrm,0.6470588235294118,11,17,5.219495541001379,1,1,0.16,0.05,0.02,0.0,0.0,1.0,1.0,1.0,10,boxes,C,C,True,-7.55998420715332,-6.55998420715332,-0.05998420715332031,-5.80998420715332
2026-05-20T19:34:29.684476+00:00,mlx-community/Qwen3-1.7B-4bit,31,hrm,0.6470588235294118,11,17,5.219495541001379,1,1,0.16,0.05,0.02,0.0,0.0,1.0,1.0,1.0,10,inclusion,B,B,True,-2.981222152709961,-1.356222152709961,-2.606222152709961,-4.106222152709961
2026-05-20T19:34:29.684476+00:00,mlx-community/Qwen3-1.7B-4bit,31,hrm,0.6470588235294118,11,17,5.219495541001379,1,1,0.16,0.05,0.02,0.0,0.0,1.0,1.0,1.0,10,modular,B,B,True,-3.370443344116211,-0.7454433441162109,-3.370443344116211,-2.245443344116211
2026-05-20T19:34:29.684476+00:00,mlx-community/Qwen3-1.7B-4bit,31,hrm,0.6470588235294118,11,17,5.219495541001379,1,1,0.16,0.05,0.02,0.0,0.0,1.0,1.0,1.0,10,work_rate,A,A,True,-0.20484161376953125,-3.4548416137695312,-6.579841613769531,-5.954841613769531
2026-05-20T19:34:29.684476+00:00,mlx-community/Qwen3-1.7B-4bit,31,hrm,0.6470588235294118,11,17,5.219495541001379,1,1,0.16,0.05,0.02,0.0,0.0,1.0,1.0,1.0,10,probability,B,A,False,-0.8881607055664062,-2.0131607055664062,-3.5131607055664062,-2.5131607055664062
2026-05-20T19:34:29.684476+00:00,mlx-community/Qwen3-1.7B-4bit,31,hrm,0.6470588235294118,11,17,5.219495541001379,1,1,0.16,0.05,0.02,0.0,0.0,1.0,1.0,1.0,10,sequence,C,B,False,-3.8101272583007812,-0.5601272583007812,-2.9351272583007812,-2.1851272583007812
2026-05-20T19:34:29.684476+00:00,mlx-community/Qwen3-1.7B-4bit,31,hrm,0.6470588235294118,11,17,5.219495541001379,1,1,0.16,0.05,0.02,0.0,0.0,1.0,1.0,1.0,10,linear_word,B,B,True,-2.4926815032958984,-0.9926815032958984,-3.1176815032958984,-2.3676815032958984
2026-05-20T19:34:29.684476+00:00,mlx-community/Qwen3-1.7B-4bit,31,hrm,0.6470588235294118,11,17,5.219495541001379,1,1,0.16,0.05,0.02,0.0,0.0,1.0,1.0,1.0,10,reverse_discount,C,B,False,-3.237844467163086,-0.48784446716308594,-3.237844467163086,-2.112844467163086
2026-05-20T19:34:29.684476+00:00,mlx-community/Qwen3-1.7B-4bit,31,hrm,0.6470588235294118,11,17,5.219495541001379,1,1,0.16,0.05,0.02,0.0,0.0,1.0,1.0,1.0,10,multiples,B,D,False,-4.831365585327148,-4.331365585327148,-1.0813655853271484,-0.9563655853271484
2026-05-20T19:34:29.684476+00:00,mlx-community/Qwen3-1.7B-4bit,31,hrm,0.6470588235294118,11,17,5.219495541001379,1,1,0.16,0.05,0.02,0.0,0.0,1.0,1.0,1.0,10,rectangle,B,B,True,-3.847156524658203,-0.09715652465820312,-5.722156524658203,-5.847156524658203
2026-05-20T19:34:29.684476+00:00,mlx-community/Qwen3-1.7B-4bit,31,hrm,0.6470588235294118,11,17,5.219495541001379,1,1,0.16,0.05,0.02,0.0,0.0,1.0,1.0,1.0,10,average,C,C,True,-3.2423648834228516,-5.367364883422852,-0.24236488342285156,-4.992364883422852
2026-05-20T19:34:29.684476+00:00,mlx-community/Qwen3-1.7B-4bit,31,hrm,0.6470588235294118,11,17,5.219495541001379,1,1,0.16,0.05,0.02,0.0,0.0,1.0,1.0,1.0,10,combinations,B,B,True,-6.695224761962891,-0.07022476196289062,-6.570224761962891,-8.44522476196289
2026-05-20T19:34:29.684476+00:00,mlx-community/Qwen3-1.7B-4bit,31,hrm,0.6470588235294118,11,17,5.219495541001379,1,1,0.16,0.05,0.02,0.0,0.0,1.0,1.0,1.0,10,coins,C,C,True,-6.6749725341796875,-9.299972534179688,-0.0499725341796875,-9.424972534179688
2026-05-20T19:34:29.684476+00:00,mlx-community/Qwen3-1.7B-4bit,31,hrm,0.6470588235294118,11,17,5.219495541001379,1,1,0.16,0.05,0.02,0.0,0.0,1.0,1.0,1.0,10,modular_small,B,B,True,-1.909524917602539,-1.784524917602539,-2.159524917602539,-1.784524917602539
2026-05-20T19:34:29.684476+00:00,mlx-community/Qwen3-1.7B-4bit,31,hrm,0.6470588235294118,11,17,5.219495541001379,1,1,0.16,0.05,0.02,0.0,0.0,1.0,1.0,1.0,10,syllogism,A,D,False,-4.386531829833984,-3.5115318298339844,-2.7615318298339844,-0.3865318298339844
2026-05-20T19:34:34.899326+00:00,mlx-community/Qwen3-1.7B-4bit,32,hrm,0.6470588235294118,11,17,5.214636249998875,1,1,0.16,0.05,0.02,0.01,0.01,1.0,1.0,1.0,10,algebra,B,B,True,-4.190061569213867,-0.06506156921386719,-6.190061569213867,-4.815061569213867
2026-05-20T19:34:34.899326+00:00,mlx-community/Qwen3-1.7B-4bit,32,hrm,0.6470588235294118,11,17,5.214636249998875,1,1,0.16,0.05,0.02,0.01,0.01,1.0,1.0,1.0,10,markup,C,D,False,-2.0606422424316406,-2.3106422424316406,-5.435642242431641,-0.6856422424316406
2026-05-20T19:34:34.899326+00:00,mlx-community/Qwen3-1.7B-4bit,32,hrm,0.6470588235294118,11,17,5.214636249998875,1,1,0.16,0.05,0.02,0.01,0.01,1.0,1.0,1.0,10,boxes,C,C,True,-7.562089920043945,-6.562089920043945,-0.06208992004394531,-5.812089920043945
2026-05-20T19:34:34.899326+00:00,mlx-community/Qwen3-1.7B-4bit,32,hrm,0.6470588235294118,11,17,5.214636249998875,1,1,0.16,0.05,0.02,0.01,0.01,1.0,1.0,1.0,10,inclusion,B,B,True,-2.981698989868164,-1.356698989868164,-2.606698989868164,-4.106698989868164
2026-05-20T19:34:34.899326+00:00,mlx-community/Qwen3-1.7B-4bit,32,hrm,0.6470588235294118,11,17,5.214636249998875,1,1,0.16,0.05,0.02,0.01,0.01,1.0,1.0,1.0,10,modular,B,B,True,-3.3704605102539062,-0.7454605102539062,-3.3704605102539062,-2.2454605102539062
2026-05-20T19:34:34.899326+00:00,mlx-community/Qwen3-1.7B-4bit,32,hrm,0.6470588235294118,11,17,5.214636249998875,1,1,0.16,0.05,0.02,0.01,0.01,1.0,1.0,1.0,10,work_rate,A,A,True,-0.19177818298339844,-3.4417781829833984,-6.566778182983398,-6.066778182983398
2026-05-20T19:34:34.899326+00:00,mlx-community/Qwen3-1.7B-4bit,32,hrm,0.6470588235294118,11,17,5.214636249998875,1,1,0.16,0.05,0.02,0.01,0.01,1.0,1.0,1.0,10,probability,B,A,False,-0.8887920379638672,-2.013792037963867,-3.513792037963867,-2.513792037963867
2026-05-20T19:34:34.899326+00:00,mlx-community/Qwen3-1.7B-4bit,32,hrm,0.6470588235294118,11,17,5.214636249998875,1,1,0.16,0.05,0.02,0.01,0.01,1.0,1.0,1.0,10,sequence,C,B,False,-3.824939727783203,-0.5749397277832031,-2.949939727783203,-2.074939727783203
2026-05-20T19:34:34.899326+00:00,mlx-community/Qwen3-1.7B-4bit,32,hrm,0.6470588235294118,11,17,5.214636249998875,1,1,0.16,0.05,0.02,0.01,0.01,1.0,1.0,1.0,10,linear_word,B,B,True,-2.4912967681884766,-0.9912967681884766,-3.1162967681884766,-2.3662967681884766
2026-05-20T19:34:34.899326+00:00,mlx-community/Qwen3-1.7B-4bit,32,hrm,0.6470588235294118,11,17,5.214636249998875,1,1,0.16,0.05,0.02,0.01,0.01,1.0,1.0,1.0,10,reverse_discount,C,B,False,-3.358461380004883,-0.4834613800048828,-3.233461380004883,-2.108461380004883
2026-05-20T19:34:34.899326+00:00,mlx-community/Qwen3-1.7B-4bit,32,hrm,0.6470588235294118,11,17,5.214636249998875,1,1,0.16,0.05,0.02,0.01,0.01,1.0,1.0,1.0,10,multiples,B,D,False,-4.83134651184082,-4.33134651184082,-1.0813465118408203,-0.9563465118408203
2026-05-20T19:34:34.899326+00:00,mlx-community/Qwen3-1.7B-4bit,32,hrm,0.6470588235294118,11,17,5.214636249998875,1,1,0.16,0.05,0.02,0.01,0.01,1.0,1.0,1.0,10,rectangle,B,B,True,-3.968433380126953,-0.09343338012695312,-5.718433380126953,-5.843433380126953
2026-05-20T19:34:34.899326+00:00,mlx-community/Qwen3-1.7B-4bit,32,hrm,0.6470588235294118,11,17,5.214636249998875,1,1,0.16,0.05,0.02,0.01,0.01,1.0,1.0,1.0,10,average,C,C,True,-3.3426761627197266,-5.342676162719727,-0.21767616271972656,-5.092676162719727
2026-05-20T19:34:34.899326+00:00,mlx-community/Qwen3-1.7B-4bit,32,hrm,0.6470588235294118,11,17,5.214636249998875,1,1,0.16,0.05,0.02,0.01,0.01,1.0,1.0,1.0,10,combinations,B,B,True,-6.695024490356445,-0.07002449035644531,-6.570024490356445,-8.445024490356445
2026-05-20T19:34:34.899326+00:00,mlx-community/Qwen3-1.7B-4bit,32,hrm,0.6470588235294118,11,17,5.214636249998875,1,1,0.16,0.05,0.02,0.01,0.01,1.0,1.0,1.0,10,coins,C,C,True,-6.674936294555664,-9.299936294555664,-0.04993629455566406,-9.424936294555664
2026-05-20T19:34:34.899326+00:00,mlx-community/Qwen3-1.7B-4bit,32,hrm,0.6470588235294118,11,17,5.214636249998875,1,1,0.16,0.05,0.02,0.01,0.01,1.0,1.0,1.0,10,modular_small,B,B,True,-1.9207038879394531,-1.7957038879394531,-2.045703887939453,-1.7957038879394531
2026-05-20T19:34:34.899326+00:00,mlx-community/Qwen3-1.7B-4bit,32,hrm,0.6470588235294118,11,17,5.214636249998875,1,1,0.16,0.05,0.02,0.01,0.01,1.0,1.0,1.0,10,syllogism,A,D,False,-4.382696151733398,-3.6326961517333984,-2.7576961517333984,-0.38269615173339844
2026-05-20T19:34:40.117432+00:00,mlx-community/Qwen3-1.7B-4bit,33,hrm,0.6470588235294118,11,17,5.217913374999625,1,1,0.16,0.05,0.05,0.0,0.0,1.0,1.0,1.0,10,algebra,B,B,True,-4.073442459106445,-0.07344245910644531,-6.073442459106445,-4.698442459106445
2026-05-20T19:34:40.117432+00:00,mlx-community/Qwen3-1.7B-4bit,33,hrm,0.6470588235294118,11,17,5.217913374999625,1,1,0.16,0.05,0.05,0.0,0.0,1.0,1.0,1.0,10,markup,C,D,False,-2.0670719146728516,-2.3170719146728516,-5.442071914672852,-0.6920719146728516
2026-05-20T19:34:40.117432+00:00,mlx-community/Qwen3-1.7B-4bit,33,hrm,0.6470588235294118,11,17,5.217913374999625,1,1,0.16,0.05,0.05,0.0,0.0,1.0,1.0,1.0,10,boxes,C,C,True,-7.55949592590332,-6.55949592590332,-0.05949592590332031,-5.93449592590332
2026-05-20T19:34:40.117432+00:00,mlx-community/Qwen3-1.7B-4bit,33,hrm,0.6470588235294118,11,17,5.217913374999625,1,1,0.16,0.05,0.05,0.0,0.0,1.0,1.0,1.0,10,inclusion,B,B,True,-3.0932178497314453,-1.3432178497314453,-2.5932178497314453,-4.093217849731445
2026-05-20T19:34:40.117432+00:00,mlx-community/Qwen3-1.7B-4bit,33,hrm,0.6470588235294118,11,17,5.217913374999625,1,1,0.16,0.05,0.05,0.0,0.0,1.0,1.0,1.0,10,modular,B,B,True,-3.4909591674804688,-0.7409591674804688,-3.3659591674804688,-2.2409591674804688
2026-05-20T19:34:40.117432+00:00,mlx-community/Qwen3-1.7B-4bit,33,hrm,0.6470588235294118,11,17,5.217913374999625,1,1,0.16,0.05,0.05,0.0,0.0,1.0,1.0,1.0,10,work_rate,A,A,True,-0.2056560516357422,-3.455656051635742,-6.580656051635742,-5.955656051635742
2026-05-20T19:34:40.117432+00:00,mlx-community/Qwen3-1.7B-4bit,33,hrm,0.6470588235294118,11,17,5.217913374999625,1,1,0.16,0.05,0.05,0.0,0.0,1.0,1.0,1.0,10,probability,B,A,False,-0.9650917053222656,-1.9650917053222656,-3.4650917053222656,-2.4650917053222656
2026-05-20T19:34:40.117432+00:00,mlx-community/Qwen3-1.7B-4bit,33,hrm,0.6470588235294118,11,17,5.217913374999625,1,1,0.16,0.05,0.05,0.0,0.0,1.0,1.0,1.0,10,sequence,C,B,False,-3.8759708404541016,-0.5009708404541016,-2.8759708404541016,-2.2509708404541016
2026-05-20T19:34:40.117432+00:00,mlx-community/Qwen3-1.7B-4bit,33,hrm,0.6470588235294118,11,17,5.217913374999625,1,1,0.16,0.05,0.05,0.0,0.0,1.0,1.0,1.0,10,linear_word,B,B,True,-2.492532730102539,-0.9925327301025391,-3.117532730102539,-2.367532730102539
2026-05-20T19:34:40.117432+00:00,mlx-community/Qwen3-1.7B-4bit,33,hrm,0.6470588235294118,11,17,5.217913374999625,1,1,0.16,0.05,0.05,0.0,0.0,1.0,1.0,1.0,10,reverse_discount,C,B,False,-3.347614288330078,-0.4726142883300781,-3.347614288330078,-2.097614288330078
2026-05-20T19:34:40.117432+00:00,mlx-community/Qwen3-1.7B-4bit,33,hrm,0.6470588235294118,11,17,5.217913374999625,1,1,0.16,0.05,0.05,0.0,0.0,1.0,1.0,1.0,10,multiples,B,C,False,-4.875614166259766,-4.375614166259766,-1.0006141662597656,-1.0006141662597656
2026-05-20T19:34:40.117432+00:00,mlx-community/Qwen3-1.7B-4bit,33,hrm,0.6470588235294118,11,17,5.217913374999625,1,1,0.16,0.05,0.05,0.0,0.0,1.0,1.0,1.0,10,rectangle,B,B,True,-3.9684486389160156,-0.09344863891601562,-5.718448638916016,-5.843448638916016
2026-05-20T19:34:40.117432+00:00,mlx-community/Qwen3-1.7B-4bit,33,hrm,0.6470588235294118,11,17,5.217913374999625,1,1,0.16,0.05,0.05,0.0,0.0,1.0,1.0,1.0,10,average,C,C,True,-3.3420238494873047,-5.467023849487305,-0.2170238494873047,-5.092023849487305
2026-05-20T19:34:40.117432+00:00,mlx-community/Qwen3-1.7B-4bit,33,hrm,0.6470588235294118,11,17,5.217913374999625,1,1,0.16,0.05,0.05,0.0,0.0,1.0,1.0,1.0,10,combinations,B,B,True,-6.69635009765625,-0.07135009765625,-6.57135009765625,-8.44635009765625
2026-05-20T19:34:40.117432+00:00,mlx-community/Qwen3-1.7B-4bit,33,hrm,0.6470588235294118,11,17,5.217913374999625,1,1,0.16,0.05,0.05,0.0,0.0,1.0,1.0,1.0,10,coins,C,C,True,-6.677438735961914,-9.302438735961914,-0.05243873596191406,-9.427438735961914
2026-05-20T19:34:40.117432+00:00,mlx-community/Qwen3-1.7B-4bit,33,hrm,0.6470588235294118,11,17,5.217913374999625,1,1,0.16,0.05,0.05,0.0,0.0,1.0,1.0,1.0,10,modular_small,B,B,True,-1.9011783599853516,-1.7761783599853516,-2.1511783599853516,-1.7761783599853516
2026-05-20T19:34:40.117432+00:00,mlx-community/Qwen3-1.7B-4bit,33,hrm,0.6470588235294118,11,17,5.217913374999625,1,1,0.16,0.05,0.05,0.0,0.0,1.0,1.0,1.0,10,syllogism,A,D,False,-4.3860626220703125,-3.5110626220703125,-2.7610626220703125,-0.3860626220703125
2026-05-20T19:34:45.331678+00:00,mlx-community/Qwen3-1.7B-4bit,34,hrm,0.6470588235294118,11,17,5.214042209001491,1,1,0.16,0.05,0.05,0.01,0.01,1.0,1.0,1.0,10,algebra,B,B,True,-4.190008163452148,-0.06500816345214844,-6.190008163452148,-4.815008163452148
2026-05-20T19:34:45.331678+00:00,mlx-community/Qwen3-1.7B-4bit,34,hrm,0.6470588235294118,11,17,5.214042209001491,1,1,0.16,0.05,0.05,0.01,0.01,1.0,1.0,1.0,10,markup,C,D,False,-2.0676136016845703,-2.3176136016845703,-5.44261360168457,-0.6926136016845703
2026-05-20T19:34:45.331678+00:00,mlx-community/Qwen3-1.7B-4bit,34,hrm,0.6470588235294118,11,17,5.214042209001491,1,1,0.16,0.05,0.05,0.01,0.01,1.0,1.0,1.0,10,boxes,C,C,True,-7.559934616088867,-6.559934616088867,-0.05993461608886719,-5.809934616088867
2026-05-20T19:34:45.331678+00:00,mlx-community/Qwen3-1.7B-4bit,34,hrm,0.6470588235294118,11,17,5.214042209001491,1,1,0.16,0.05,0.05,0.01,0.01,1.0,1.0,1.0,10,inclusion,B,B,True,-3.0998992919921875,-1.3498992919921875,-2.5998992919921875,-4.0998992919921875
2026-05-20T19:34:45.331678+00:00,mlx-community/Qwen3-1.7B-4bit,34,hrm,0.6470588235294118,11,17,5.214042209001491,1,1,0.16,0.05,0.05,0.01,0.01,1.0,1.0,1.0,10,modular,B,B,True,-3.4918270111083984,-0.7418270111083984,-3.3668270111083984,-2.2418270111083984
2026-05-20T19:34:45.331678+00:00,mlx-community/Qwen3-1.7B-4bit,34,hrm,0.6470588235294118,11,17,5.214042209001491,1,1,0.16,0.05,0.05,0.01,0.01,1.0,1.0,1.0,10,work_rate,A,A,True,-0.20726585388183594,-3.457265853881836,-6.582265853881836,-5.957265853881836
2026-05-20T19:34:45.331678+00:00,mlx-community/Qwen3-1.7B-4bit,34,hrm,0.6470588235294118,11,17,5.214042209001491,1,1,0.16,0.05,0.05,0.01,0.01,1.0,1.0,1.0,10,probability,B,A,False,-0.8898067474365234,-2.0148067474365234,-3.5148067474365234,-2.5148067474365234
2026-05-20T19:34:45.331678+00:00,mlx-community/Qwen3-1.7B-4bit,34,hrm,0.6470588235294118,11,17,5.214042209001491,1,1,0.16,0.05,0.05,0.01,0.01,1.0,1.0,1.0,10,sequence,C,B,False,-3.8833885192871094,-0.5083885192871094,-3.0083885192871094,-2.2583885192871094
2026-05-20T19:34:45.331678+00:00,mlx-community/Qwen3-1.7B-4bit,34,hrm,0.6470588235294118,11,17,5.214042209001491,1,1,0.16,0.05,0.05,0.01,0.01,1.0,1.0,1.0,10,linear_word,B,B,True,-2.492410659790039,-0.9924106597900391,-3.117410659790039,-2.367410659790039
2026-05-20T19:34:45.331678+00:00,mlx-community/Qwen3-1.7B-4bit,34,hrm,0.6470588235294118,11,17,5.214042209001491,1,1,0.16,0.05,0.05,0.01,0.01,1.0,1.0,1.0,10,reverse_discount,C,B,False,-3.225606918334961,-0.47560691833496094,-3.350606918334961,-2.100606918334961
2026-05-20T19:34:45.331678+00:00,mlx-community/Qwen3-1.7B-4bit,34,hrm,0.6470588235294118,11,17,5.214042209001491,1,1,0.16,0.05,0.05,0.01,0.01,1.0,1.0,1.0,10,multiples,B,C,False,-4.875263214111328,-4.375263214111328,-1.0002632141113281,-1.0002632141113281
2026-05-20T19:34:45.331678+00:00,mlx-community/Qwen3-1.7B-4bit,34,hrm,0.6470588235294118,11,17,5.214042209001491,1,1,0.16,0.05,0.05,0.01,0.01,1.0,1.0,1.0,10,rectangle,B,B,True,-3.9730567932128906,-0.09805679321289062,-5.723056793212891,-5.848056793212891
2026-05-20T19:34:45.331678+00:00,mlx-community/Qwen3-1.7B-4bit,34,hrm,0.6470588235294118,11,17,5.214042209001491,1,1,0.16,0.05,0.05,0.01,0.01,1.0,1.0,1.0,10,average,C,C,True,-3.342376708984375,-5.342376708984375,-0.217376708984375,-5.092376708984375
2026-05-20T19:34:45.331678+00:00,mlx-community/Qwen3-1.7B-4bit,34,hrm,0.6470588235294118,11,17,5.214042209001491,1,1,0.16,0.05,0.05,0.01,0.01,1.0,1.0,1.0,10,combinations,B,B,True,-6.695196151733398,-0.07019615173339844,-6.570196151733398,-8.445196151733398
2026-05-20T19:34:45.331678+00:00,mlx-community/Qwen3-1.7B-4bit,34,hrm,0.6470588235294118,11,17,5.214042209001491,1,1,0.16,0.05,0.05,0.01,0.01,1.0,1.0,1.0,10,coins,C,C,True,-6.675067901611328,-9.300067901611328,-0.050067901611328125,-9.425067901611328
2026-05-20T19:34:45.331678+00:00,mlx-community/Qwen3-1.7B-4bit,34,hrm,0.6470588235294118,11,17,5.214042209001491,1,1,0.16,0.05,0.05,0.01,0.01,1.0,1.0,1.0,10,modular_small,B,B,True,-1.9200057983398438,-1.7950057983398438,-2.0450057983398438,-1.7950057983398438
2026-05-20T19:34:45.331678+00:00,mlx-community/Qwen3-1.7B-4bit,34,hrm,0.6470588235294118,11,17,5.214042209001491,1,1,0.16,0.05,0.05,0.01,0.01,1.0,1.0,1.0,10,syllogism,A,D,False,-4.508398056030273,-3.5083980560302734,-2.7583980560302734,-0.38339805603027344
2026-05-20T19:34:50.551473+00:00,mlx-community/Qwen3-1.7B-4bit,35,hrm,0.5882352941176471,10,17,5.2195898330028285,1,1,0.16,0.05,0.08,0.0,0.0,1.0,1.0,1.0,10,algebra,B,B,True,-4.190021514892578,-0.06502151489257812,-6.190021514892578,-4.815021514892578
2026-05-20T19:34:50.551473+00:00,mlx-community/Qwen3-1.7B-4bit,35,hrm,0.5882352941176471,10,17,5.2195898330028285,1,1,0.16,0.05,0.08,0.0,0.0,1.0,1.0,1.0,10,markup,C,D,False,-2.0664520263671875,-2.3164520263671875,-5.4414520263671875,-0.6914520263671875
2026-05-20T19:34:50.551473+00:00,mlx-community/Qwen3-1.7B-4bit,35,hrm,0.5882352941176471,10,17,5.2195898330028285,1,1,0.16,0.05,0.08,0.0,0.0,1.0,1.0,1.0,10,boxes,C,C,True,-7.562231063842773,-6.562231063842773,-0.06223106384277344,-5.937231063842773
2026-05-20T19:34:50.551473+00:00,mlx-community/Qwen3-1.7B-4bit,35,hrm,0.5882352941176471,10,17,5.2195898330028285,1,1,0.16,0.05,0.08,0.0,0.0,1.0,1.0,1.0,10,inclusion,B,B,True,-3.0859222412109375,-1.3359222412109375,-2.5859222412109375,-4.0859222412109375
2026-05-20T19:34:50.551473+00:00,mlx-community/Qwen3-1.7B-4bit,35,hrm,0.5882352941176471,10,17,5.2195898330028285,1,1,0.16,0.05,0.08,0.0,0.0,1.0,1.0,1.0,10,modular,B,B,True,-3.4906177520751953,-0.7406177520751953,-3.3656177520751953,-2.2406177520751953
2026-05-20T19:34:50.551473+00:00,mlx-community/Qwen3-1.7B-4bit,35,hrm,0.5882352941176471,10,17,5.2195898330028285,1,1,0.16,0.05,0.08,0.0,0.0,1.0,1.0,1.0,10,work_rate,A,A,True,-0.2067546844482422,-3.456754684448242,-6.581754684448242,-5.956754684448242
2026-05-20T19:34:50.551473+00:00,mlx-community/Qwen3-1.7B-4bit,35,hrm,0.5882352941176471,10,17,5.2195898330028285,1,1,0.16,0.05,0.08,0.0,0.0,1.0,1.0,1.0,10,probability,B,A,False,-0.9577064514160156,-1.9577064514160156,-3.4577064514160156,-2.4577064514160156
2026-05-20T19:34:50.551473+00:00,mlx-community/Qwen3-1.7B-4bit,35,hrm,0.5882352941176471,10,17,5.2195898330028285,1,1,0.16,0.05,0.08,0.0,0.0,1.0,1.0,1.0,10,sequence,C,B,False,-3.787210464477539,-0.5372104644775391,-2.912210464477539,-2.162210464477539
2026-05-20T19:34:50.551473+00:00,mlx-community/Qwen3-1.7B-4bit,35,hrm,0.5882352941176471,10,17,5.2195898330028285,1,1,0.16,0.05,0.08,0.0,0.0,1.0,1.0,1.0,10,linear_word,B,B,True,-2.543519973754883,-1.0435199737548828,-3.168519973754883,-2.418519973754883
2026-05-20T19:34:50.551473+00:00,mlx-community/Qwen3-1.7B-4bit,35,hrm,0.5882352941176471,10,17,5.2195898330028285,1,1,0.16,0.05,0.08,0.0,0.0,1.0,1.0,1.0,10,reverse_discount,C,B,False,-3.3452110290527344,-0.4702110290527344,-3.3452110290527344,-2.0952110290527344
2026-05-20T19:34:50.551473+00:00,mlx-community/Qwen3-1.7B-4bit,35,hrm,0.5882352941176471,10,17,5.2195898330028285,1,1,0.16,0.05,0.08,0.0,0.0,1.0,1.0,1.0,10,multiples,B,D,False,-4.831146240234375,-4.331146240234375,-1.081146240234375,-0.956146240234375
2026-05-20T19:34:50.551473+00:00,mlx-community/Qwen3-1.7B-4bit,35,hrm,0.5882352941176471,10,17,5.2195898330028285,1,1,0.16,0.05,0.08,0.0,0.0,1.0,1.0,1.0,10,rectangle,B,B,True,-3.850557327270508,-0.10055732727050781,-5.725557327270508,-5.850557327270508
2026-05-20T19:34:50.551473+00:00,mlx-community/Qwen3-1.7B-4bit,35,hrm,0.5882352941176471,10,17,5.2195898330028285,1,1,0.16,0.05,0.08,0.0,0.0,1.0,1.0,1.0,10,average,C,C,True,-3.3401451110839844,-5.465145111083984,-0.21514511108398438,-5.090145111083984
2026-05-20T19:34:50.551473+00:00,mlx-community/Qwen3-1.7B-4bit,35,hrm,0.5882352941176471,10,17,5.2195898330028285,1,1,0.16,0.05,0.08,0.0,0.0,1.0,1.0,1.0,10,combinations,B,B,True,-6.819677352905273,-0.06967735290527344,-6.569677352905273,-8.444677352905273
2026-05-20T19:34:50.551473+00:00,mlx-community/Qwen3-1.7B-4bit,35,hrm,0.5882352941176471,10,17,5.2195898330028285,1,1,0.16,0.05,0.08,0.0,0.0,1.0,1.0,1.0,10,coins,C,C,True,-6.55616569519043,-9.18116569519043,-0.05616569519042969,-9.30616569519043
2026-05-20T19:34:50.551473+00:00,mlx-community/Qwen3-1.7B-4bit,35,hrm,0.5882352941176471,10,17,5.2195898330028285,1,1,0.16,0.05,0.08,0.0,0.0,1.0,1.0,1.0,10,modular_small,B,D,False,-1.8855609893798828,-1.8855609893798828,-2.135560989379883,-1.7605609893798828
2026-05-20T19:34:50.551473+00:00,mlx-community/Qwen3-1.7B-4bit,35,hrm,0.5882352941176471,10,17,5.2195898330028285,1,1,0.16,0.05,0.08,0.0,0.0,1.0,1.0,1.0,10,syllogism,A,D,False,-4.384847640991211,-3.509847640991211,-2.759847640991211,-0.38484764099121094
2026-05-20T19:34:55.767868+00:00,mlx-community/Qwen3-1.7B-4bit,36,hrm,0.5882352941176471,10,17,5.216202416999295,1,1,0.16,0.05,0.08,0.01,0.01,1.0,1.0,1.0,10,algebra,B,B,True,-4.073526382446289,-0.07352638244628906,-6.073526382446289,-4.698526382446289
2026-05-20T19:34:55.767868+00:00,mlx-community/Qwen3-1.7B-4bit,36,hrm,0.5882352941176471,10,17,5.216202416999295,1,1,0.16,0.05,0.08,0.01,0.01,1.0,1.0,1.0,10,markup,C,D,False,-2.0664310455322266,-2.3164310455322266,-5.441431045532227,-0.6914310455322266
2026-05-20T19:34:55.767868+00:00,mlx-community/Qwen3-1.7B-4bit,36,hrm,0.5882352941176471,10,17,5.216202416999295,1,1,0.16,0.05,0.08,0.01,0.01,1.0,1.0,1.0,10,boxes,C,C,True,-7.562135696411133,-6.562135696411133,-0.06213569641113281,-5.937135696411133
2026-05-20T19:34:55.767868+00:00,mlx-community/Qwen3-1.7B-4bit,36,hrm,0.5882352941176471,10,17,5.216202416999295,1,1,0.16,0.05,0.08,0.01,0.01,1.0,1.0,1.0,10,inclusion,B,B,True,-3.1005096435546875,-1.3505096435546875,-2.6005096435546875,-4.1005096435546875
2026-05-20T19:34:55.767868+00:00,mlx-community/Qwen3-1.7B-4bit,36,hrm,0.5882352941176471,10,17,5.216202416999295,1,1,0.16,0.05,0.08,0.01,0.01,1.0,1.0,1.0,10,modular,B,B,True,-3.4324283599853516,-0.8074283599853516,-3.3074283599853516,-2.1824283599853516
2026-05-20T19:34:55.767868+00:00,mlx-community/Qwen3-1.7B-4bit,36,hrm,0.5882352941176471,10,17,5.216202416999295,1,1,0.16,0.05,0.08,0.01,0.01,1.0,1.0,1.0,10,work_rate,A,A,True,-0.20736122131347656,-3.4573612213134766,-6.582361221313477,-5.957361221313477
2026-05-20T19:34:55.767868+00:00,mlx-community/Qwen3-1.7B-4bit,36,hrm,0.5882352941176471,10,17,5.216202416999295,1,1,0.16,0.05,0.08,0.01,0.01,1.0,1.0,1.0,10,probability,B,A,False,-0.9648895263671875,-1.9648895263671875,-3.4648895263671875,-2.4648895263671875
2026-05-20T19:34:55.767868+00:00,mlx-community/Qwen3-1.7B-4bit,36,hrm,0.5882352941176471,10,17,5.216202416999295,1,1,0.16,0.05,0.08,0.01,0.01,1.0,1.0,1.0,10,sequence,C,B,False,-3.7871780395507812,-0.5371780395507812,-2.9121780395507812,-2.1621780395507812
2026-05-20T19:34:55.767868+00:00,mlx-community/Qwen3-1.7B-4bit,36,hrm,0.5882352941176471,10,17,5.216202416999295,1,1,0.16,0.05,0.08,0.01,0.01,1.0,1.0,1.0,10,linear_word,B,B,True,-2.543546676635742,-1.0435466766357422,-3.168546676635742,-2.418546676635742
2026-05-20T19:34:55.767868+00:00,mlx-community/Qwen3-1.7B-4bit,36,hrm,0.5882352941176471,10,17,5.216202416999295,1,1,0.16,0.05,0.08,0.01,0.01,1.0,1.0,1.0,10,reverse_discount,C,B,False,-3.2254409790039062,-0.47544097900390625,-3.3504409790039062,-2.1004409790039062
2026-05-20T19:34:55.767868+00:00,mlx-community/Qwen3-1.7B-4bit,36,hrm,0.5882352941176471,10,17,5.216202416999295,1,1,0.16,0.05,0.08,0.01,0.01,1.0,1.0,1.0,10,multiples,B,C,False,-4.875511169433594,-4.375511169433594,-1.0005111694335938,-1.0005111694335938
2026-05-20T19:34:55.767868+00:00,mlx-community/Qwen3-1.7B-4bit,36,hrm,0.5882352941176471,10,17,5.216202416999295,1,1,0.16,0.05,0.08,0.01,0.01,1.0,1.0,1.0,10,rectangle,B,B,True,-3.972330093383789,-0.09733009338378906,-5.722330093383789,-5.847330093383789
2026-05-20T19:34:55.767868+00:00,mlx-community/Qwen3-1.7B-4bit,36,hrm,0.5882352941176471,10,17,5.216202416999295,1,1,0.16,0.05,0.08,0.01,0.01,1.0,1.0,1.0,10,average,C,C,True,-3.2407379150390625,-5.3657379150390625,-0.2407379150390625,-4.9907379150390625
2026-05-20T19:34:55.767868+00:00,mlx-community/Qwen3-1.7B-4bit,36,hrm,0.5882352941176471,10,17,5.216202416999295,1,1,0.16,0.05,0.08,0.01,0.01,1.0,1.0,1.0,10,combinations,B,B,True,-6.820741653442383,-0.07074165344238281,-6.570741653442383,-8.570741653442383
2026-05-20T19:34:55.767868+00:00,mlx-community/Qwen3-1.7B-4bit,36,hrm,0.5882352941176471,10,17,5.216202416999295,1,1,0.16,0.05,0.08,0.01,0.01,1.0,1.0,1.0,10,coins,C,C,True,-6.674709320068359,-9.29970932006836,-0.049709320068359375,-9.42470932006836
2026-05-20T19:34:55.767868+00:00,mlx-community/Qwen3-1.7B-4bit,36,hrm,0.5882352941176471,10,17,5.216202416999295,1,1,0.16,0.05,0.08,0.01,0.01,1.0,1.0,1.0,10,modular_small,B,D,False,-1.8820629119873047,-1.8820629119873047,-2.1320629119873047,-1.7570629119873047
2026-05-20T19:34:55.767868+00:00,mlx-community/Qwen3-1.7B-4bit,36,hrm,0.5882352941176471,10,17,5.216202416999295,1,1,0.16,0.05,0.08,0.01,0.01,1.0,1.0,1.0,10,syllogism,A,D,False,-4.508172988891602,-3.5081729888916016,-2.7581729888916016,-0.38317298889160156
2026-05-20T19:35:00.987928+00:00,mlx-community/Qwen3-1.7B-4bit,37,hrm,0.6470588235294118,11,17,5.219844458999432,1,1,0.2,0.01,0.02,0.0,0.0,1.0,1.0,1.0,10,algebra,B,B,True,-4.199296951293945,-0.07429695129394531,-5.949296951293945,-4.574296951293945
2026-05-20T19:35:00.987928+00:00,mlx-community/Qwen3-1.7B-4bit,37,hrm,0.6470588235294118,11,17,5.219844458999432,1,1,0.2,0.01,0.02,0.0,0.0,1.0,1.0,1.0,10,markup,C,D,False,-2.0496444702148438,-2.0496444702148438,-5.299644470214844,-0.7996444702148438
2026-05-20T19:35:00.987928+00:00,mlx-community/Qwen3-1.7B-4bit,37,hrm,0.6470588235294118,11,17,5.219844458999432,1,1,0.2,0.01,0.02,0.0,0.0,1.0,1.0,1.0,10,boxes,C,C,True,-7.559106826782227,-6.559106826782227,-0.05910682678222656,-5.934106826782227
2026-05-20T19:35:00.987928+00:00,mlx-community/Qwen3-1.7B-4bit,37,hrm,0.6470588235294118,11,17,5.219844458999432,1,1,0.2,0.01,0.02,0.0,0.0,1.0,1.0,1.0,10,inclusion,B,B,True,-3.0560436248779297,-1.3060436248779297,-2.5560436248779297,-4.05604362487793
2026-05-20T19:35:00.987928+00:00,mlx-community/Qwen3-1.7B-4bit,37,hrm,0.6470588235294118,11,17,5.219844458999432,1,1,0.2,0.01,0.02,0.0,0.0,1.0,1.0,1.0,10,modular,B,B,True,-3.5609683990478516,-0.6859683990478516,-3.4359683990478516,-2.3109683990478516
2026-05-20T19:35:00.987928+00:00,mlx-community/Qwen3-1.7B-4bit,37,hrm,0.6470588235294118,11,17,5.219844458999432,1,1,0.2,0.01,0.02,0.0,0.0,1.0,1.0,1.0,10,work_rate,A,A,True,-0.2425518035888672,-2.992551803588867,-6.117551803588867,-5.867551803588867
2026-05-20T19:35:00.987928+00:00,mlx-community/Qwen3-1.7B-4bit,37,hrm,0.6470588235294118,11,17,5.219844458999432,1,1,0.2,0.01,0.02,0.0,0.0,1.0,1.0,1.0,10,probability,B,A,False,-0.9695415496826172,-1.9695415496826172,-3.344541549682617,-2.719541549682617
2026-05-20T19:35:00.987928+00:00,mlx-community/Qwen3-1.7B-4bit,37,hrm,0.6470588235294118,11,17,5.219844458999432,1,1,0.2,0.01,0.02,0.0,0.0,1.0,1.0,1.0,10,sequence,C,B,False,-4.038970947265625,-0.538970947265625,-2.913970947265625,-2.288970947265625
2026-05-20T19:35:00.987928+00:00,mlx-community/Qwen3-1.7B-4bit,37,hrm,0.6470588235294118,11,17,5.219844458999432,1,1,0.2,0.01,0.02,0.0,0.0,1.0,1.0,1.0,10,linear_word,B,B,True,-2.568014144897461,-0.8180141448974609,-2.818014144897461,-2.443014144897461
2026-05-20T19:35:00.987928+00:00,mlx-community/Qwen3-1.7B-4bit,37,hrm,0.6470588235294118,11,17,5.219844458999432,1,1,0.2,0.01,0.02,0.0,0.0,1.0,1.0,1.0,10,reverse_discount,C,B,False,-3.3471641540527344,-0.4721641540527344,-3.2221641540527344,-2.2221641540527344
2026-05-20T19:35:00.987928+00:00,mlx-community/Qwen3-1.7B-4bit,37,hrm,0.6470588235294118,11,17,5.219844458999432,1,1,0.2,0.01,0.02,0.0,0.0,1.0,1.0,1.0,10,multiples,B,C,False,-4.737051010131836,-3.987051010131836,-0.9870510101318359,-1.112051010131836
2026-05-20T19:35:00.987928+00:00,mlx-community/Qwen3-1.7B-4bit,37,hrm,0.6470588235294118,11,17,5.219844458999432,1,1,0.2,0.01,0.02,0.0,0.0,1.0,1.0,1.0,10,rectangle,B,B,True,-3.8493423461914062,-0.09934234619140625,-5.349342346191406,-5.724342346191406
2026-05-20T19:35:00.987928+00:00,mlx-community/Qwen3-1.7B-4bit,37,hrm,0.6470588235294118,11,17,5.219844458999432,1,1,0.2,0.01,0.02,0.0,0.0,1.0,1.0,1.0,10,average,C,C,True,-3.3742599487304688,-5.124259948730469,-0.24925994873046875,-5.124259948730469
2026-05-20T19:35:00.987928+00:00,mlx-community/Qwen3-1.7B-4bit,37,hrm,0.6470588235294118,11,17,5.219844458999432,1,1,0.2,0.01,0.02,0.0,0.0,1.0,1.0,1.0,10,combinations,B,B,True,-6.338079452514648,-0.08807945251464844,-5.963079452514648,-8.088079452514648
2026-05-20T19:35:00.987928+00:00,mlx-community/Qwen3-1.7B-4bit,37,hrm,0.6470588235294118,11,17,5.219844458999432,1,1,0.2,0.01,0.02,0.0,0.0,1.0,1.0,1.0,10,coins,C,C,True,-6.430980682373047,-8.868480682373047,-0.055980682373046875,-9.180980682373047
2026-05-20T19:35:00.987928+00:00,mlx-community/Qwen3-1.7B-4bit,37,hrm,0.6470588235294118,11,17,5.219844458999432,1,1,0.2,0.01,0.02,0.0,0.0,1.0,1.0,1.0,10,modular_small,B,B,True,-2.0128860473632812,-1.6378860473632812,-2.0128860473632812,-1.8878860473632812
2026-05-20T19:35:00.987928+00:00,mlx-community/Qwen3-1.7B-4bit,37,hrm,0.6470588235294118,11,17,5.219844458999432,1,1,0.2,0.01,0.02,0.0,0.0,1.0,1.0,1.0,10,syllogism,A,D,False,-4.424205780029297,-3.299205780029297,-2.674205780029297,-0.4242057800292969
2026-05-20T19:35:06.195044+00:00,mlx-community/Qwen3-1.7B-4bit,38,hrm,0.6470588235294118,11,17,5.2069017909998365,1,1,0.2,0.01,0.02,0.01,0.01,1.0,1.0,1.0,10,algebra,B,B,True,-4.199274063110352,-0.07427406311035156,-5.949274063110352,-4.574274063110352
2026-05-20T19:35:06.195044+00:00,mlx-community/Qwen3-1.7B-4bit,38,hrm,0.6470588235294118,11,17,5.2069017909998365,1,1,0.2,0.01,0.02,0.01,0.01,1.0,1.0,1.0,10,markup,C,D,False,-2.048633575439453,-2.048633575439453,-5.298633575439453,-0.7986335754394531
2026-05-20T19:35:06.195044+00:00,mlx-community/Qwen3-1.7B-4bit,38,hrm,0.6470588235294118,11,17,5.2069017909998365,1,1,0.2,0.01,0.02,0.01,0.01,1.0,1.0,1.0,10,boxes,C,C,True,-7.559238433837891,-6.559238433837891,-0.059238433837890625,-5.934238433837891
2026-05-20T19:35:06.195044+00:00,mlx-community/Qwen3-1.7B-4bit,38,hrm,0.6470588235294118,11,17,5.2069017909998365,1,1,0.2,0.01,0.02,0.01,0.01,1.0,1.0,1.0,10,inclusion,B,B,True,-3.0940704345703125,-1.3440704345703125,-2.5940704345703125,-4.0940704345703125
2026-05-20T19:35:06.195044+00:00,mlx-community/Qwen3-1.7B-4bit,38,hrm,0.6470588235294118,11,17,5.2069017909998365,1,1,0.2,0.01,0.02,0.01,0.01,1.0,1.0,1.0,10,modular,B,B,True,-3.6282520294189453,-0.6282520294189453,-3.5032520294189453,-2.3782520294189453
2026-05-20T19:35:06.195044+00:00,mlx-community/Qwen3-1.7B-4bit,38,hrm,0.6470588235294118,11,17,5.2069017909998365,1,1,0.2,0.01,0.02,0.01,0.01,1.0,1.0,1.0,10,work_rate,A,A,True,-0.24128150939941406,-2.991281509399414,-6.116281509399414,-5.741281509399414
2026-05-20T19:35:06.195044+00:00,mlx-community/Qwen3-1.7B-4bit,38,hrm,0.6470588235294118,11,17,5.2069017909998365,1,1,0.2,0.01,0.02,0.01,0.01,1.0,1.0,1.0,10,probability,B,A,False,-0.9530658721923828,-2.078065872192383,-3.328065872192383,-2.703065872192383
2026-05-20T19:35:06.195044+00:00,mlx-community/Qwen3-1.7B-4bit,38,hrm,0.6470588235294118,11,17,5.2069017909998365,1,1,0.2,0.01,0.02,0.01,0.01,1.0,1.0,1.0,10,sequence,C,B,False,-4.035257339477539,-0.5352573394775391,-2.910257339477539,-2.285257339477539
2026-05-20T19:35:06.195044+00:00,mlx-community/Qwen3-1.7B-4bit,38,hrm,0.6470588235294118,11,17,5.2069017909998365,1,1,0.2,0.01,0.02,0.01,0.01,1.0,1.0,1.0,10,linear_word,B,B,True,-2.5698986053466797,-0.8198986053466797,-2.8198986053466797,-2.4448986053466797
2026-05-20T19:35:06.195044+00:00,mlx-community/Qwen3-1.7B-4bit,38,hrm,0.6470588235294118,11,17,5.2069017909998365,1,1,0.2,0.01,0.02,0.01,0.01,1.0,1.0,1.0,10,reverse_discount,C,B,False,-3.347644805908203,-0.4726448059082031,-3.222644805908203,-2.222644805908203
2026-05-20T19:35:06.195044+00:00,mlx-community/Qwen3-1.7B-4bit,38,hrm,0.6470588235294118,11,17,5.2069017909998365,1,1,0.2,0.01,0.02,0.01,0.01,1.0,1.0,1.0,10,multiples,B,C,False,-4.724910736083984,-4.099910736083984,-0.9749107360839844,-1.0999107360839844
2026-05-20T19:35:06.195044+00:00,mlx-community/Qwen3-1.7B-4bit,38,hrm,0.6470588235294118,11,17,5.2069017909998365,1,1,0.2,0.01,0.02,0.01,0.01,1.0,1.0,1.0,10,rectangle,B,B,True,-3.852682113647461,-0.10268211364746094,-5.352682113647461,-5.727682113647461
2026-05-20T19:35:06.195044+00:00,mlx-community/Qwen3-1.7B-4bit,38,hrm,0.6470588235294118,11,17,5.2069017909998365,1,1,0.2,0.01,0.02,0.01,0.01,1.0,1.0,1.0,10,average,C,C,True,-3.3739585876464844,-5.123958587646484,-0.24895858764648438,-5.123958587646484
2026-05-20T19:35:06.195044+00:00,mlx-community/Qwen3-1.7B-4bit,38,hrm,0.6470588235294118,11,17,5.2069017909998365,1,1,0.2,0.01,0.02,0.01,0.01,1.0,1.0,1.0,10,combinations,B,B,True,-6.337482452392578,-0.08748245239257812,-5.962482452392578,-8.087482452392578
2026-05-20T19:35:06.195044+00:00,mlx-community/Qwen3-1.7B-4bit,38,hrm,0.6470588235294118,11,17,5.2069017909998365,1,1,0.2,0.01,0.02,0.01,0.01,1.0,1.0,1.0,10,coins,C,C,True,-6.430690765380859,-8.86819076538086,-0.055690765380859375,-9.18069076538086
2026-05-20T19:35:06.195044+00:00,mlx-community/Qwen3-1.7B-4bit,38,hrm,0.6470588235294118,11,17,5.2069017909998365,1,1,0.2,0.01,0.02,0.01,0.01,1.0,1.0,1.0,10,modular_small,B,B,True,-2.1190834045410156,-1.6190834045410156,-1.9940834045410156,-1.8690834045410156
2026-05-20T19:35:06.195044+00:00,mlx-community/Qwen3-1.7B-4bit,38,hrm,0.6470588235294118,11,17,5.2069017909998365,1,1,0.2,0.01,0.02,0.01,0.01,1.0,1.0,1.0,10,syllogism,A,D,False,-4.341936111450195,-3.2169361114501953,-2.5919361114501953,-0.4669361114501953
2026-05-20T19:35:11.416535+00:00,mlx-community/Qwen3-1.7B-4bit,39,hrm,0.6470588235294118,11,17,5.22128829200301,1,1,0.2,0.01,0.05,0.0,0.0,1.0,1.0,1.0,10,algebra,B,B,True,-4.321022033691406,-0.07102203369140625,-5.946022033691406,-4.571022033691406
2026-05-20T19:35:11.416535+00:00,mlx-community/Qwen3-1.7B-4bit,39,hrm,0.6470588235294118,11,17,5.22128829200301,1,1,0.2,0.01,0.05,0.0,0.0,1.0,1.0,1.0,10,markup,C,D,False,-2.031200408935547,-2.156200408935547,-5.281200408935547,-0.7812004089355469
2026-05-20T19:35:11.416535+00:00,mlx-community/Qwen3-1.7B-4bit,39,hrm,0.6470588235294118,11,17,5.22128829200301,1,1,0.2,0.01,0.05,0.0,0.0,1.0,1.0,1.0,10,boxes,C,C,True,-7.559200286865234,-6.559200286865234,-0.059200286865234375,-5.934200286865234
2026-05-20T19:35:11.416535+00:00,mlx-community/Qwen3-1.7B-4bit,39,hrm,0.6470588235294118,11,17,5.22128829200301,1,1,0.2,0.01,0.05,0.0,0.0,1.0,1.0,1.0,10,inclusion,B,B,True,-3.049684524536133,-1.2996845245361328,-2.674684524536133,-4.174684524536133
2026-05-20T19:35:11.416535+00:00,mlx-community/Qwen3-1.7B-4bit,39,hrm,0.6470588235294118,11,17,5.22128829200301,1,1,0.2,0.01,0.05,0.0,0.0,1.0,1.0,1.0,10,modular,B,B,True,-3.560243606567383,-0.6852436065673828,-3.435243606567383,-2.310243606567383
2026-05-20T19:35:11.416535+00:00,mlx-community/Qwen3-1.7B-4bit,39,hrm,0.6470588235294118,11,17,5.22128829200301,1,1,0.2,0.01,0.05,0.0,0.0,1.0,1.0,1.0,10,work_rate,A,A,True,-0.2471027374267578,-2.997102737426758,-6.122102737426758,-5.872102737426758
2026-05-20T19:35:11.416535+00:00,mlx-community/Qwen3-1.7B-4bit,39,hrm,0.6470588235294118,11,17,5.22128829200301,1,1,0.2,0.01,0.05,0.0,0.0,1.0,1.0,1.0,10,probability,B,A,False,-0.9516448974609375,-2.0766448974609375,-3.3266448974609375,-2.7016448974609375
2026-05-20T19:35:11.416535+00:00,mlx-community/Qwen3-1.7B-4bit,39,hrm,0.6470588235294118,11,17,5.22128829200301,1,1,0.2,0.01,0.05,0.0,0.0,1.0,1.0,1.0,10,sequence,C,B,False,-4.026506423950195,-0.5265064239501953,-2.9015064239501953,-2.4015064239501953
2026-05-20T19:35:11.416535+00:00,mlx-community/Qwen3-1.7B-4bit,39,hrm,0.6470588235294118,11,17,5.22128829200301,1,1,0.2,0.01,0.05,0.0,0.0,1.0,1.0,1.0,10,linear_word,B,B,True,-2.5677223205566406,-0.8177223205566406,-2.8177223205566406,-2.4427223205566406
2026-05-20T19:35:11.416535+00:00,mlx-community/Qwen3-1.7B-4bit,39,hrm,0.6470588235294118,11,17,5.22128829200301,1,1,0.2,0.01,0.05,0.0,0.0,1.0,1.0,1.0,10,reverse_discount,C,B,False,-3.2708072662353516,-0.5208072662353516,-3.1458072662353516,-2.1458072662353516
2026-05-20T19:35:11.416535+00:00,mlx-community/Qwen3-1.7B-4bit,39,hrm,0.6470588235294118,11,17,5.22128829200301,1,1,0.2,0.01,0.05,0.0,0.0,1.0,1.0,1.0,10,multiples,B,C,False,-4.724811553955078,-4.099811553955078,-0.9748115539550781,-1.0998115539550781
2026-05-20T19:35:11.416535+00:00,mlx-community/Qwen3-1.7B-4bit,39,hrm,0.6470588235294118,11,17,5.22128829200301,1,1,0.2,0.01,0.05,0.0,0.0,1.0,1.0,1.0,10,rectangle,B,B,True,-3.7404022216796875,-0.1154022216796875,-5.2404022216796875,-5.7404022216796875
2026-05-20T19:35:11.416535+00:00,mlx-community/Qwen3-1.7B-4bit,39,hrm,0.6470588235294118,11,17,5.22128829200301,1,1,0.2,0.01,0.05,0.0,0.0,1.0,1.0,1.0,10,average,C,C,True,-3.3800296783447266,-5.130029678344727,-0.25502967834472656,-5.130029678344727
2026-05-20T19:35:11.416535+00:00,mlx-community/Qwen3-1.7B-4bit,39,hrm,0.6470588235294118,11,17,5.22128829200301,1,1,0.2,0.01,0.05,0.0,0.0,1.0,1.0,1.0,10,combinations,B,B,True,-6.3444671630859375,-0.0944671630859375,-5.9694671630859375,-8.094467163085938
2026-05-20T19:35:11.416535+00:00,mlx-community/Qwen3-1.7B-4bit,39,hrm,0.6470588235294118,11,17,5.22128829200301,1,1,0.2,0.01,0.05,0.0,0.0,1.0,1.0,1.0,10,coins,C,C,True,-6.431827545166016,-8.806827545166016,-0.056827545166015625,-9.119327545166016
2026-05-20T19:35:11.416535+00:00,mlx-community/Qwen3-1.7B-4bit,39,hrm,0.6470588235294118,11,17,5.22128829200301,1,1,0.2,0.01,0.05,0.0,0.0,1.0,1.0,1.0,10,modular_small,B,B,True,-2.0920791625976562,-1.5920791625976562,-1.9670791625976562,-1.8420791625976562
2026-05-20T19:35:11.416535+00:00,mlx-community/Qwen3-1.7B-4bit,39,hrm,0.6470588235294118,11,17,5.22128829200301,1,1,0.2,0.01,0.05,0.0,0.0,1.0,1.0,1.0,10,syllogism,A,D,False,-4.338062286376953,-3.213062286376953,-2.588062286376953,-0.4630622863769531
2026-05-20T19:35:16.634334+00:00,mlx-community/Qwen3-1.7B-4bit,40,hrm,0.6470588235294118,11,17,5.2175958339976205,1,1,0.2,0.01,0.05,0.01,0.01,1.0,1.0,1.0,10,algebra,B,B,True,-4.322437286376953,-0.07243728637695312,-5.947437286376953,-4.572437286376953
2026-05-20T19:35:16.634334+00:00,mlx-community/Qwen3-1.7B-4bit,40,hrm,0.6470588235294118,11,17,5.2175958339976205,1,1,0.2,0.01,0.05,0.01,0.01,1.0,1.0,1.0,10,markup,C,D,False,-2.03155517578125,-2.15655517578125,-5.28155517578125,-0.78155517578125
2026-05-20T19:35:16.634334+00:00,mlx-community/Qwen3-1.7B-4bit,40,hrm,0.6470588235294118,11,17,5.2175958339976205,1,1,0.2,0.01,0.05,0.01,0.01,1.0,1.0,1.0,10,boxes,C,C,True,-7.559423446655273,-6.559423446655273,-0.05942344665527344,-5.934423446655273
2026-05-20T19:35:16.634334+00:00,mlx-community/Qwen3-1.7B-4bit,40,hrm,0.6470588235294118,11,17,5.2175958339976205,1,1,0.2,0.01,0.05,0.01,0.01,1.0,1.0,1.0,10,inclusion,B,B,True,-3.0819931030273438,-1.3319931030273438,-2.7069931030273438,-4.206993103027344
2026-05-20T19:35:16.634334+00:00,mlx-community/Qwen3-1.7B-4bit,40,hrm,0.6470588235294118,11,17,5.2175958339976205,1,1,0.2,0.01,0.05,0.01,0.01,1.0,1.0,1.0,10,modular,B,B,True,-3.6349124908447266,-0.6349124908447266,-3.5099124908447266,-2.3849124908447266
2026-05-20T19:35:16.634334+00:00,mlx-community/Qwen3-1.7B-4bit,40,hrm,0.6470588235294118,11,17,5.2175958339976205,1,1,0.2,0.01,0.05,0.01,0.01,1.0,1.0,1.0,10,work_rate,A,A,True,-0.26883506774902344,-2.8938350677490234,-6.018835067749023,-5.768835067749023
2026-05-20T19:35:16.634334+00:00,mlx-community/Qwen3-1.7B-4bit,40,hrm,0.6470588235294118,11,17,5.2175958339976205,1,1,0.2,0.01,0.05,0.01,0.01,1.0,1.0,1.0,10,probability,B,A,False,-1.0302963256835938,-2.0302963256835938,-3.2802963256835938,-2.6552963256835938
2026-05-20T19:35:16.634334+00:00,mlx-community/Qwen3-1.7B-4bit,40,hrm,0.6470588235294118,11,17,5.2175958339976205,1,1,0.2,0.01,0.05,0.01,0.01,1.0,1.0,1.0,10,sequence,C,B,False,-4.026523590087891,-0.5265235900878906,-2.9015235900878906,-2.4015235900878906
2026-05-20T19:35:16.634334+00:00,mlx-community/Qwen3-1.7B-4bit,40,hrm,0.6470588235294118,11,17,5.2175958339976205,1,1,0.2,0.01,0.05,0.01,0.01,1.0,1.0,1.0,10,linear_word,B,B,True,-2.567880630493164,-0.8178806304931641,-2.817880630493164,-2.442880630493164
2026-05-20T19:35:16.634334+00:00,mlx-community/Qwen3-1.7B-4bit,40,hrm,0.6470588235294118,11,17,5.2175958339976205,1,1,0.2,0.01,0.05,0.01,0.01,1.0,1.0,1.0,10,reverse_discount,C,B,False,-3.3470840454101562,-0.47208404541015625,-3.2220840454101562,-2.2220840454101562
2026-05-20T19:35:16.634334+00:00,mlx-community/Qwen3-1.7B-4bit,40,hrm,0.6470588235294118,11,17,5.2175958339976205,1,1,0.2,0.01,0.05,0.01,0.01,1.0,1.0,1.0,10,multiples,B,C,False,-4.723180770874023,-4.098180770874023,-0.9731807708740234,-1.0981807708740234
2026-05-20T19:35:16.634334+00:00,mlx-community/Qwen3-1.7B-4bit,40,hrm,0.6470588235294118,11,17,5.2175958339976205,1,1,0.2,0.01,0.05,0.01,0.01,1.0,1.0,1.0,10,rectangle,B,B,True,-3.8538684844970703,-0.10386848449707031,-5.35386848449707,-5.72886848449707
2026-05-20T19:35:16.634334+00:00,mlx-community/Qwen3-1.7B-4bit,40,hrm,0.6470588235294118,11,17,5.2175958339976205,1,1,0.2,0.01,0.05,0.01,0.01,1.0,1.0,1.0,10,average,C,C,True,-3.380167007446289,-5.130167007446289,-0.25516700744628906,-5.130167007446289
2026-05-20T19:35:16.634334+00:00,mlx-community/Qwen3-1.7B-4bit,40,hrm,0.6470588235294118,11,17,5.2175958339976205,1,1,0.2,0.01,0.05,0.01,0.01,1.0,1.0,1.0,10,combinations,B,B,True,-6.338111877441406,-0.08811187744140625,-5.963111877441406,-8.088111877441406
2026-05-20T19:35:16.634334+00:00,mlx-community/Qwen3-1.7B-4bit,40,hrm,0.6470588235294118,11,17,5.2175958339976205,1,1,0.2,0.01,0.05,0.01,0.01,1.0,1.0,1.0,10,coins,C,C,True,-6.431697845458984,-8.869197845458984,-0.056697845458984375,-9.181697845458984
2026-05-20T19:35:16.634334+00:00,mlx-community/Qwen3-1.7B-4bit,40,hrm,0.6470588235294118,11,17,5.2175958339976205,1,1,0.2,0.01,0.05,0.01,0.01,1.0,1.0,1.0,10,modular_small,B,B,True,-2.1211509704589844,-1.6211509704589844,-1.9961509704589844,-1.8711509704589844
2026-05-20T19:35:16.634334+00:00,mlx-community/Qwen3-1.7B-4bit,40,hrm,0.6470588235294118,11,17,5.2175958339976205,1,1,0.2,0.01,0.05,0.01,0.01,1.0,1.0,1.0,10,syllogism,A,D,False,-4.419588088989258,-3.294588088989258,-2.669588088989258,-0.4195880889892578
2026-05-20T19:35:21.851185+00:00,mlx-community/Qwen3-1.7B-4bit,41,hrm,0.6470588235294118,11,17,5.2166444579997915,1,1,0.2,0.01,0.08,0.0,0.0,1.0,1.0,1.0,10,algebra,B,B,True,-4.321050643920898,-0.07105064392089844,-5.946050643920898,-4.571050643920898
2026-05-20T19:35:21.851185+00:00,mlx-community/Qwen3-1.7B-4bit,41,hrm,0.6470588235294118,11,17,5.2166444579997915,1,1,0.2,0.01,0.08,0.0,0.0,1.0,1.0,1.0,10,markup,C,D,False,-2.030855178833008,-2.155855178833008,-5.280855178833008,-0.7808551788330078
2026-05-20T19:35:21.851185+00:00,mlx-community/Qwen3-1.7B-4bit,41,hrm,0.6470588235294118,11,17,5.2166444579997915,1,1,0.2,0.01,0.08,0.0,0.0,1.0,1.0,1.0,10,boxes,C,C,True,-7.680595397949219,-6.555595397949219,-0.05559539794921875,-6.055595397949219
2026-05-20T19:35:21.851185+00:00,mlx-community/Qwen3-1.7B-4bit,41,hrm,0.6470588235294118,11,17,5.2166444579997915,1,1,0.2,0.01,0.08,0.0,0.0,1.0,1.0,1.0,10,inclusion,B,B,True,-3.0614013671875,-1.3114013671875,-2.5614013671875,-4.1864013671875
2026-05-20T19:35:21.851185+00:00,mlx-community/Qwen3-1.7B-4bit,41,hrm,0.6470588235294118,11,17,5.2166444579997915,1,1,0.2,0.01,0.08,0.0,0.0,1.0,1.0,1.0,10,modular,B,B,True,-3.5620880126953125,-0.6870880126953125,-3.4370880126953125,-2.3120880126953125
2026-05-20T19:35:21.851185+00:00,mlx-community/Qwen3-1.7B-4bit,41,hrm,0.6470588235294118,11,17,5.2166444579997915,1,1,0.2,0.01,0.08,0.0,0.0,1.0,1.0,1.0,10,work_rate,A,A,True,-0.261138916015625,-3.011138916015625,-6.011138916015625,-5.761138916015625
2026-05-20T19:35:21.851185+00:00,mlx-community/Qwen3-1.7B-4bit,41,hrm,0.6470588235294118,11,17,5.2166444579997915,1,1,0.2,0.01,0.08,0.0,0.0,1.0,1.0,1.0,10,probability,B,A,False,-0.9507255554199219,-2.075725555419922,-3.325725555419922,-2.700725555419922
2026-05-20T19:35:21.851185+00:00,mlx-community/Qwen3-1.7B-4bit,41,hrm,0.6470588235294118,11,17,5.2166444579997915,1,1,0.2,0.01,0.08,0.0,0.0,1.0,1.0,1.0,10,sequence,C,B,False,-4.040094375610352,-0.5400943756103516,-2.9150943756103516,-2.4150943756103516
2026-05-20T19:35:21.851185+00:00,mlx-community/Qwen3-1.7B-4bit,41,hrm,0.6470588235294118,11,17,5.2166444579997915,1,1,0.2,0.01,0.08,0.0,0.0,1.0,1.0,1.0,10,linear_word,B,B,True,-2.6656627655029297,-0.7906627655029297,-2.9156627655029297,-2.5406627655029297
2026-05-20T19:35:21.851185+00:00,mlx-community/Qwen3-1.7B-4bit,41,hrm,0.6470588235294118,11,17,5.2166444579997915,1,1,0.2,0.01,0.08,0.0,0.0,1.0,1.0,1.0,10,reverse_discount,C,B,False,-3.3470802307128906,-0.4720802307128906,-3.2220802307128906,-2.2220802307128906
2026-05-20T19:35:21.851185+00:00,mlx-community/Qwen3-1.7B-4bit,41,hrm,0.6470588235294118,11,17,5.2166444579997915,1,1,0.2,0.01,0.08,0.0,0.0,1.0,1.0,1.0,10,multiples,B,C,False,-4.737192153930664,-3.987192153930664,-0.9871921539306641,-1.112192153930664
2026-05-20T19:35:21.851185+00:00,mlx-community/Qwen3-1.7B-4bit,41,hrm,0.6470588235294118,11,17,5.2166444579997915,1,1,0.2,0.01,0.08,0.0,0.0,1.0,1.0,1.0,10,rectangle,B,B,True,-3.7359161376953125,-0.1109161376953125,-5.3609161376953125,-5.6109161376953125
2026-05-20T19:35:21.851185+00:00,mlx-community/Qwen3-1.7B-4bit,41,hrm,0.6470588235294118,11,17,5.2166444579997915,1,1,0.2,0.01,0.08,0.0,0.0,1.0,1.0,1.0,10,average,C,C,True,-3.3741092681884766,-5.124109268188477,-0.24910926818847656,-5.124109268188477
2026-05-20T19:35:21.851185+00:00,mlx-community/Qwen3-1.7B-4bit,41,hrm,0.6470588235294118,11,17,5.2166444579997915,1,1,0.2,0.01,0.08,0.0,0.0,1.0,1.0,1.0,10,combinations,B,B,True,-6.453142166137695,-0.07814216613769531,-6.078142166137695,-8.203142166137695
2026-05-20T19:35:21.851185+00:00,mlx-community/Qwen3-1.7B-4bit,41,hrm,0.6470588235294118,11,17,5.2166444579997915,1,1,0.2,0.01,0.08,0.0,0.0,1.0,1.0,1.0,10,coins,C,C,True,-6.313682556152344,-8.688682556152344,-0.06368255615234375,-9.001182556152344
2026-05-20T19:35:21.851185+00:00,mlx-community/Qwen3-1.7B-4bit,41,hrm,0.6470588235294118,11,17,5.2166444579997915,1,1,0.2,0.01,0.08,0.0,0.0,1.0,1.0,1.0,10,modular_small,B,B,True,-2.104320526123047,-1.6043205261230469,-2.104320526123047,-1.8543205261230469
2026-05-20T19:35:21.851185+00:00,mlx-community/Qwen3-1.7B-4bit,41,hrm,0.6470588235294118,11,17,5.2166444579997915,1,1,0.2,0.01,0.08,0.0,0.0,1.0,1.0,1.0,10,syllogism,A,D,False,-4.329036712646484,-3.2040367126464844,-2.7040367126464844,-0.4540367126464844
2026-05-20T19:35:27.062066+00:00,mlx-community/Qwen3-1.7B-4bit,42,hrm,0.6470588235294118,11,17,5.210669833999418,1,1,0.2,0.01,0.08,0.01,0.01,1.0,1.0,1.0,10,algebra,B,B,True,-4.320898056030273,-0.07089805603027344,-5.945898056030273,-4.570898056030273
2026-05-20T19:35:27.062066+00:00,mlx-community/Qwen3-1.7B-4bit,42,hrm,0.6470588235294118,11,17,5.210669833999418,1,1,0.2,0.01,0.08,0.01,0.01,1.0,1.0,1.0,10,markup,C,D,False,-2.0299243927001953,-2.1549243927001953,-5.279924392700195,-0.7799243927001953
2026-05-20T19:35:27.062066+00:00,mlx-community/Qwen3-1.7B-4bit,42,hrm,0.6470588235294118,11,17,5.210669833999418,1,1,0.2,0.01,0.08,0.01,0.01,1.0,1.0,1.0,10,boxes,C,C,True,-7.679447174072266,-6.554447174072266,-0.054447174072265625,-6.054447174072266
2026-05-20T19:35:27.062066+00:00,mlx-community/Qwen3-1.7B-4bit,42,hrm,0.6470588235294118,11,17,5.210669833999418,1,1,0.2,0.01,0.08,0.01,0.01,1.0,1.0,1.0,10,inclusion,B,B,True,-3.0831222534179688,-1.3331222534179688,-2.7081222534179688,-4.208122253417969
2026-05-20T19:35:27.062066+00:00,mlx-community/Qwen3-1.7B-4bit,42,hrm,0.6470588235294118,11,17,5.210669833999418,1,1,0.2,0.01,0.08,0.01,0.01,1.0,1.0,1.0,10,modular,B,B,True,-3.5613136291503906,-0.6863136291503906,-3.4363136291503906,-2.3113136291503906
2026-05-20T19:35:27.062066+00:00,mlx-community/Qwen3-1.7B-4bit,42,hrm,0.6470588235294118,11,17,5.210669833999418,1,1,0.2,0.01,0.08,0.01,0.01,1.0,1.0,1.0,10,work_rate,A,A,True,-0.2687644958496094,-2.8937644958496094,-6.018764495849609,-5.768764495849609
2026-05-20T19:35:27.062066+00:00,mlx-community/Qwen3-1.7B-4bit,42,hrm,0.6470588235294118,11,17,5.210669833999418,1,1,0.2,0.01,0.08,0.01,0.01,1.0,1.0,1.0,10,probability,B,A,False,-1.0308265686035156,-2.0308265686035156,-3.2808265686035156,-2.6558265686035156
2026-05-20T19:35:27.062066+00:00,mlx-community/Qwen3-1.7B-4bit,42,hrm,0.6470588235294118,11,17,5.210669833999418,1,1,0.2,0.01,0.08,0.01,0.01,1.0,1.0,1.0,10,sequence,C,B,False,-4.036869049072266,-0.5368690490722656,-2.9118690490722656,-2.4118690490722656
2026-05-20T19:35:27.062066+00:00,mlx-community/Qwen3-1.7B-4bit,42,hrm,0.6470588235294118,11,17,5.210669833999418,1,1,0.2,0.01,0.08,0.01,0.01,1.0,1.0,1.0,10,linear_word,B,B,True,-2.569591522216797,-0.8195915222167969,-2.819591522216797,-2.444591522216797
2026-05-20T19:35:27.062066+00:00,mlx-community/Qwen3-1.7B-4bit,42,hrm,0.6470588235294118,11,17,5.210669833999418,1,1,0.2,0.01,0.08,0.01,0.01,1.0,1.0,1.0,10,reverse_discount,C,B,False,-3.2707786560058594,-0.5207786560058594,-3.1457786560058594,-2.1457786560058594
2026-05-20T19:35:27.062066+00:00,mlx-community/Qwen3-1.7B-4bit,42,hrm,0.6470588235294118,11,17,5.210669833999418,1,1,0.2,0.01,0.08,0.01,0.01,1.0,1.0,1.0,10,multiples,B,C,False,-4.742774963378906,-3.9927749633789062,-0.9927749633789062,-1.1177749633789062
2026-05-20T19:35:27.062066+00:00,mlx-community/Qwen3-1.7B-4bit,42,hrm,0.6470588235294118,11,17,5.210669833999418,1,1,0.2,0.01,0.08,0.01,0.01,1.0,1.0,1.0,10,rectangle,B,B,True,-3.7358436584472656,-0.11084365844726562,-5.360843658447266,-5.610843658447266
2026-05-20T19:35:27.062066+00:00,mlx-community/Qwen3-1.7B-4bit,42,hrm,0.6470588235294118,11,17,5.210669833999418,1,1,0.2,0.01,0.08,0.01,0.01,1.0,1.0,1.0,10,average,C,C,True,-3.380189895629883,-5.130189895629883,-0.2551898956298828,-5.130189895629883
2026-05-20T19:35:27.062066+00:00,mlx-community/Qwen3-1.7B-4bit,42,hrm,0.6470588235294118,11,17,5.210669833999418,1,1,0.2,0.01,0.08,0.01,0.01,1.0,1.0,1.0,10,combinations,B,B,True,-6.455543518066406,-0.08054351806640625,-6.080543518066406,-8.205543518066406
2026-05-20T19:35:27.062066+00:00,mlx-community/Qwen3-1.7B-4bit,42,hrm,0.6470588235294118,11,17,5.210669833999418,1,1,0.2,0.01,0.08,0.01,0.01,1.0,1.0,1.0,10,coins,C,C,True,-6.313774108886719,-8.688774108886719,-0.06377410888671875,-9.001274108886719
2026-05-20T19:35:27.062066+00:00,mlx-community/Qwen3-1.7B-4bit,42,hrm,0.6470588235294118,11,17,5.210669833999418,1,1,0.2,0.01,0.08,0.01,0.01,1.0,1.0,1.0,10,modular_small,B,B,True,-2.085714340209961,-1.585714340209961,-2.085714340209961,-1.960714340209961
2026-05-20T19:35:27.062066+00:00,mlx-community/Qwen3-1.7B-4bit,42,hrm,0.6470588235294118,11,17,5.210669833999418,1,1,0.2,0.01,0.08,0.01,0.01,1.0,1.0,1.0,10,syllogism,A,D,False,-4.338708877563477,-3.2137088775634766,-2.5887088775634766,-0.46370887756347656
2026-05-20T19:35:32.273588+00:00,mlx-community/Qwen3-1.7B-4bit,43,hrm,0.6470588235294118,11,17,5.2113132500016945,1,1,0.2,0.03,0.02,0.0,0.0,1.0,1.0,1.0,10,algebra,B,B,True,-4.32293701171875,-0.07293701171875,-5.82293701171875,-4.57293701171875
2026-05-20T19:35:32.273588+00:00,mlx-community/Qwen3-1.7B-4bit,43,hrm,0.6470588235294118,11,17,5.2113132500016945,1,1,0.2,0.03,0.02,0.0,0.0,1.0,1.0,1.0,10,markup,C,D,False,-2.031614303588867,-2.156614303588867,-5.281614303588867,-0.7816143035888672
2026-05-20T19:35:32.273588+00:00,mlx-community/Qwen3-1.7B-4bit,43,hrm,0.6470588235294118,11,17,5.2113132500016945,1,1,0.2,0.03,0.02,0.0,0.0,1.0,1.0,1.0,10,boxes,C,C,True,-7.5591583251953125,-6.5591583251953125,-0.0591583251953125,-5.9341583251953125
2026-05-20T19:35:32.273588+00:00,mlx-community/Qwen3-1.7B-4bit,43,hrm,0.6470588235294118,11,17,5.2113132500016945,1,1,0.2,0.03,0.02,0.0,0.0,1.0,1.0,1.0,10,inclusion,B,B,True,-3.094972610473633,-1.3449726104736328,-2.594972610473633,-4.094972610473633
2026-05-20T19:35:32.273588+00:00,mlx-community/Qwen3-1.7B-4bit,43,hrm,0.6470588235294118,11,17,5.2113132500016945,1,1,0.2,0.03,0.02,0.0,0.0,1.0,1.0,1.0,10,modular,B,B,True,-3.565053939819336,-0.6900539398193359,-3.440053939819336,-2.315053939819336
2026-05-20T19:35:32.273588+00:00,mlx-community/Qwen3-1.7B-4bit,43,hrm,0.6470588235294118,11,17,5.2113132500016945,1,1,0.2,0.03,0.02,0.0,0.0,1.0,1.0,1.0,10,work_rate,A,A,True,-0.24093055725097656,-2.9909305572509766,-6.115930557250977,-5.865930557250977
2026-05-20T19:35:32.273588+00:00,mlx-community/Qwen3-1.7B-4bit,43,hrm,0.6470588235294118,11,17,5.2113132500016945,1,1,0.2,0.03,0.02,0.0,0.0,1.0,1.0,1.0,10,probability,B,A,False,-0.9687271118164062,-1.9687271118164062,-3.3437271118164062,-2.7187271118164062
2026-05-20T19:35:32.273588+00:00,mlx-community/Qwen3-1.7B-4bit,43,hrm,0.6470588235294118,11,17,5.2113132500016945,1,1,0.2,0.03,0.02,0.0,0.0,1.0,1.0,1.0,10,sequence,C,B,False,-4.03863525390625,-0.53863525390625,-2.91363525390625,-2.28863525390625
2026-05-20T19:35:32.273588+00:00,mlx-community/Qwen3-1.7B-4bit,43,hrm,0.6470588235294118,11,17,5.2113132500016945,1,1,0.2,0.03,0.02,0.0,0.0,1.0,1.0,1.0,10,linear_word,B,B,True,-2.5696372985839844,-0.8196372985839844,-2.8196372985839844,-2.4446372985839844
2026-05-20T19:35:32.273588+00:00,mlx-community/Qwen3-1.7B-4bit,43,hrm,0.6470588235294118,11,17,5.2113132500016945,1,1,0.2,0.03,0.02,0.0,0.0,1.0,1.0,1.0,10,reverse_discount,C,B,False,-3.348024368286133,-0.4730243682861328,-3.223024368286133,-2.223024368286133
2026-05-20T19:35:32.273588+00:00,mlx-community/Qwen3-1.7B-4bit,43,hrm,0.6470588235294118,11,17,5.2113132500016945,1,1,0.2,0.03,0.02,0.0,0.0,1.0,1.0,1.0,10,multiples,B,C,False,-4.73692512512207,-3.9869251251220703,-0.9869251251220703,-1.1119251251220703
2026-05-20T19:35:32.273588+00:00,mlx-community/Qwen3-1.7B-4bit,43,hrm,0.6470588235294118,11,17,5.2113132500016945,1,1,0.2,0.03,0.02,0.0,0.0,1.0,1.0,1.0,10,rectangle,B,B,True,-3.854776382446289,-0.10477638244628906,-5.354776382446289,-5.729776382446289
2026-05-20T19:35:32.273588+00:00,mlx-community/Qwen3-1.7B-4bit,43,hrm,0.6470588235294118,11,17,5.2113132500016945,1,1,0.2,0.03,0.02,0.0,0.0,1.0,1.0,1.0,10,average,C,C,True,-3.374204635620117,-5.124204635620117,-0.2492046356201172,-5.124204635620117
2026-05-20T19:35:32.273588+00:00,mlx-community/Qwen3-1.7B-4bit,43,hrm,0.6470588235294118,11,17,5.2113132500016945,1,1,0.2,0.03,0.02,0.0,0.0,1.0,1.0,1.0,10,combinations,B,B,True,-6.343900680541992,-0.09390068054199219,-5.968900680541992,-8.093900680541992
2026-05-20T19:35:32.273588+00:00,mlx-community/Qwen3-1.7B-4bit,43,hrm,0.6470588235294118,11,17,5.2113132500016945,1,1,0.2,0.03,0.02,0.0,0.0,1.0,1.0,1.0,10,coins,C,C,True,-6.431545257568359,-8.93154525756836,-0.056545257568359375,-9.18154525756836
2026-05-20T19:35:32.273588+00:00,mlx-community/Qwen3-1.7B-4bit,43,hrm,0.6470588235294118,11,17,5.2113132500016945,1,1,0.2,0.03,0.02,0.0,0.0,1.0,1.0,1.0,10,modular_small,B,B,True,-2.121288299560547,-1.6212882995605469,-1.9962882995605469,-1.8712882995605469
2026-05-20T19:35:32.273588+00:00,mlx-community/Qwen3-1.7B-4bit,43,hrm,0.6470588235294118,11,17,5.2113132500016945,1,1,0.2,0.03,0.02,0.0,0.0,1.0,1.0,1.0,10,syllogism,A,D,False,-4.339786529541016,-3.2147865295410156,-2.5897865295410156,-0.4647865295410156
2026-05-20T19:35:37.488115+00:00,mlx-community/Qwen3-1.7B-4bit,44,hrm,0.6470588235294118,11,17,5.214321542000107,1,1,0.2,0.03,0.02,0.01,0.01,1.0,1.0,1.0,10,algebra,B,B,True,-4.322656631469727,-0.07265663146972656,-5.822656631469727,-4.572656631469727
2026-05-20T19:35:37.488115+00:00,mlx-community/Qwen3-1.7B-4bit,44,hrm,0.6470588235294118,11,17,5.214321542000107,1,1,0.2,0.03,0.02,0.01,0.01,1.0,1.0,1.0,10,markup,C,D,False,-1.9495925903320312,-2.0745925903320312,-5.324592590332031,-0.8245925903320312
2026-05-20T19:35:37.488115+00:00,mlx-community/Qwen3-1.7B-4bit,44,hrm,0.6470588235294118,11,17,5.214321542000107,1,1,0.2,0.03,0.02,0.01,0.01,1.0,1.0,1.0,10,boxes,C,C,True,-7.558902740478516,-6.558902740478516,-0.058902740478515625,-5.933902740478516
2026-05-20T19:35:37.488115+00:00,mlx-community/Qwen3-1.7B-4bit,44,hrm,0.6470588235294118,11,17,5.214321542000107,1,1,0.2,0.03,0.02,0.01,0.01,1.0,1.0,1.0,10,inclusion,B,B,True,-3.094388961791992,-1.3443889617919922,-2.594388961791992,-4.094388961791992
2026-05-20T19:35:37.488115+00:00,mlx-community/Qwen3-1.7B-4bit,44,hrm,0.6470588235294118,11,17,5.214321542000107,1,1,0.2,0.03,0.02,0.01,0.01,1.0,1.0,1.0,10,modular,B,B,True,-3.559650421142578,-0.6846504211425781,-3.434650421142578,-2.309650421142578
2026-05-20T19:35:37.488115+00:00,mlx-community/Qwen3-1.7B-4bit,44,hrm,0.6470588235294118,11,17,5.214321542000107,1,1,0.2,0.03,0.02,0.01,0.01,1.0,1.0,1.0,10,work_rate,A,A,True,-0.24542236328125,-2.99542236328125,-6.12042236328125,-5.87042236328125
2026-05-20T19:35:37.488115+00:00,mlx-community/Qwen3-1.7B-4bit,44,hrm,0.6470588235294118,11,17,5.214321542000107,1,1,0.2,0.03,0.02,0.01,0.01,1.0,1.0,1.0,10,probability,B,A,False,-0.9517993927001953,-2.0767993927001953,-3.3267993927001953,-2.7017993927001953
2026-05-20T19:35:37.488115+00:00,mlx-community/Qwen3-1.7B-4bit,44,hrm,0.6470588235294118,11,17,5.214321542000107,1,1,0.2,0.03,0.02,0.01,0.01,1.0,1.0,1.0,10,sequence,C,B,False,-4.038867950439453,-0.5388679504394531,-2.913867950439453,-2.288867950439453
2026-05-20T19:35:37.488115+00:00,mlx-community/Qwen3-1.7B-4bit,44,hrm,0.6470588235294118,11,17,5.214321542000107,1,1,0.2,0.03,0.02,0.01,0.01,1.0,1.0,1.0,10,linear_word,B,B,True,-2.6009883880615234,-0.8509883880615234,-2.8509883880615234,-2.4759883880615234
2026-05-20T19:35:37.488115+00:00,mlx-community/Qwen3-1.7B-4bit,44,hrm,0.6470588235294118,11,17,5.214321542000107,1,1,0.2,0.03,0.02,0.01,0.01,1.0,1.0,1.0,10,reverse_discount,C,B,False,-3.3475189208984375,-0.4725189208984375,-3.2225189208984375,-2.2225189208984375
2026-05-20T19:35:37.488115+00:00,mlx-community/Qwen3-1.7B-4bit,44,hrm,0.6470588235294118,11,17,5.214321542000107,1,1,0.2,0.03,0.02,0.01,0.01,1.0,1.0,1.0,10,multiples,B,C,False,-4.735328674316406,-3.9853286743164062,-0.9853286743164062,-1.1103286743164062
2026-05-20T19:35:37.488115+00:00,mlx-community/Qwen3-1.7B-4bit,44,hrm,0.6470588235294118,11,17,5.214321542000107,1,1,0.2,0.03,0.02,0.01,0.01,1.0,1.0,1.0,10,rectangle,B,B,True,-3.851755142211914,-0.10175514221191406,-5.476755142211914,-5.851755142211914
2026-05-20T19:35:37.488115+00:00,mlx-community/Qwen3-1.7B-4bit,44,hrm,0.6470588235294118,11,17,5.214321542000107,1,1,0.2,0.03,0.02,0.01,0.01,1.0,1.0,1.0,10,average,C,C,True,-3.373699188232422,-5.123699188232422,-0.24869918823242188,-5.123699188232422
2026-05-20T19:35:37.488115+00:00,mlx-community/Qwen3-1.7B-4bit,44,hrm,0.6470588235294118,11,17,5.214321542000107,1,1,0.2,0.03,0.02,0.01,0.01,1.0,1.0,1.0,10,combinations,B,B,True,-6.45606803894043,-0.08106803894042969,-6.08106803894043,-8.20606803894043
2026-05-20T19:35:37.488115+00:00,mlx-community/Qwen3-1.7B-4bit,44,hrm,0.6470588235294118,11,17,5.214321542000107,1,1,0.2,0.03,0.02,0.01,0.01,1.0,1.0,1.0,10,coins,C,C,True,-6.555828094482422,-8.930828094482422,-0.055828094482421875,-9.180828094482422
2026-05-20T19:35:37.488115+00:00,mlx-community/Qwen3-1.7B-4bit,44,hrm,0.6470588235294118,11,17,5.214321542000107,1,1,0.2,0.03,0.02,0.01,0.01,1.0,1.0,1.0,10,modular_small,B,B,True,-2.121286392211914,-1.621286392211914,-1.996286392211914,-1.871286392211914
2026-05-20T19:35:37.488115+00:00,mlx-community/Qwen3-1.7B-4bit,44,hrm,0.6470588235294118,11,17,5.214321542000107,1,1,0.2,0.03,0.02,0.01,0.01,1.0,1.0,1.0,10,syllogism,A,D,False,-4.341543197631836,-3.216543197631836,-2.591543197631836,-0.46654319763183594
2026-05-20T19:35:42.704571+00:00,mlx-community/Qwen3-1.7B-4bit,45,hrm,0.6470588235294118,11,17,5.216254916998878,1,1,0.2,0.03,0.05,0.0,0.0,1.0,1.0,1.0,10,algebra,B,B,True,-4.322908401489258,-0.07290840148925781,-5.822908401489258,-4.572908401489258
2026-05-20T19:35:42.704571+00:00,mlx-community/Qwen3-1.7B-4bit,45,hrm,0.6470588235294118,11,17,5.216254916998878,1,1,0.2,0.03,0.05,0.0,0.0,1.0,1.0,1.0,10,markup,C,D,False,-2.049844741821289,-2.174844741821289,-5.299844741821289,-0.7998447418212891
2026-05-20T19:35:42.704571+00:00,mlx-community/Qwen3-1.7B-4bit,45,hrm,0.6470588235294118,11,17,5.216254916998878,1,1,0.2,0.03,0.05,0.0,0.0,1.0,1.0,1.0,10,boxes,C,C,True,-7.559209823608398,-6.559209823608398,-0.05920982360839844,-5.934209823608398
2026-05-20T19:35:42.704571+00:00,mlx-community/Qwen3-1.7B-4bit,45,hrm,0.6470588235294118,11,17,5.216254916998878,1,1,0.2,0.03,0.05,0.0,0.0,1.0,1.0,1.0,10,inclusion,B,B,True,-3.0929603576660156,-1.3429603576660156,-2.5929603576660156,-4.217960357666016
2026-05-20T19:35:42.704571+00:00,mlx-community/Qwen3-1.7B-4bit,45,hrm,0.6470588235294118,11,17,5.216254916998878,1,1,0.2,0.03,0.05,0.0,0.0,1.0,1.0,1.0,10,modular,B,B,True,-3.5644283294677734,-0.6894283294677734,-3.4394283294677734,-2.3144283294677734
2026-05-20T19:35:42.704571+00:00,mlx-community/Qwen3-1.7B-4bit,45,hrm,0.6470588235294118,11,17,5.216254916998878,1,1,0.2,0.03,0.05,0.0,0.0,1.0,1.0,1.0,10,work_rate,A,A,True,-0.23478317260742188,-3.109783172607422,-6.109783172607422,-5.859783172607422
2026-05-20T19:35:42.704571+00:00,mlx-community/Qwen3-1.7B-4bit,45,hrm,0.6470588235294118,11,17,5.216254916998878,1,1,0.2,0.03,0.05,0.0,0.0,1.0,1.0,1.0,10,probability,B,A,False,-0.9677143096923828,-1.9677143096923828,-3.342714309692383,-2.717714309692383
2026-05-20T19:35:42.704571+00:00,mlx-community/Qwen3-1.7B-4bit,45,hrm,0.6470588235294118,11,17,5.216254916998878,1,1,0.2,0.03,0.05,0.0,0.0,1.0,1.0,1.0,10,sequence,C,B,False,-4.051948547363281,-0.5519485473632812,-2.9269485473632812,-2.3019485473632812
2026-05-20T19:35:42.704571+00:00,mlx-community/Qwen3-1.7B-4bit,45,hrm,0.6470588235294118,11,17,5.216254916998878,1,1,0.2,0.03,0.05,0.0,0.0,1.0,1.0,1.0,10,linear_word,B,B,True,-2.5699844360351562,-0.8199844360351562,-2.8199844360351562,-2.4449844360351562
2026-05-20T19:35:42.704571+00:00,mlx-community/Qwen3-1.7B-4bit,45,hrm,0.6470588235294118,11,17,5.216254916998878,1,1,0.2,0.03,0.05,0.0,0.0,1.0,1.0,1.0,10,reverse_discount,C,B,False,-3.3438587188720703,-0.4688587188720703,-3.2188587188720703,-2.2188587188720703
2026-05-20T19:35:42.704571+00:00,mlx-community/Qwen3-1.7B-4bit,45,hrm,0.6470588235294118,11,17,5.216254916998878,1,1,0.2,0.03,0.05,0.0,0.0,1.0,1.0,1.0,10,multiples,B,C,False,-4.733205795288086,-4.108205795288086,-0.9832057952880859,-1.108205795288086
2026-05-20T19:35:42.704571+00:00,mlx-community/Qwen3-1.7B-4bit,45,hrm,0.6470588235294118,11,17,5.216254916998878,1,1,0.2,0.03,0.05,0.0,0.0,1.0,1.0,1.0,10,rectangle,B,B,True,-3.8547325134277344,-0.10473251342773438,-5.354732513427734,-5.729732513427734
2026-05-20T19:35:42.704571+00:00,mlx-community/Qwen3-1.7B-4bit,45,hrm,0.6470588235294118,11,17,5.216254916998878,1,1,0.2,0.03,0.05,0.0,0.0,1.0,1.0,1.0,10,average,C,C,True,-3.3661136627197266,-5.116113662719727,-0.24111366271972656,-5.116113662719727
2026-05-20T19:35:42.704571+00:00,mlx-community/Qwen3-1.7B-4bit,45,hrm,0.6470588235294118,11,17,5.216254916998878,1,1,0.2,0.03,0.05,0.0,0.0,1.0,1.0,1.0,10,combinations,B,B,True,-6.3401641845703125,-0.0901641845703125,-5.9651641845703125,-8.090164184570312
2026-05-20T19:35:42.704571+00:00,mlx-community/Qwen3-1.7B-4bit,45,hrm,0.6470588235294118,11,17,5.216254916998878,1,1,0.2,0.03,0.05,0.0,0.0,1.0,1.0,1.0,10,coins,C,C,True,-6.555379867553711,-8.930379867553711,-0.05537986755371094,-9.180379867553711
2026-05-20T19:35:42.704571+00:00,mlx-community/Qwen3-1.7B-4bit,45,hrm,0.6470588235294118,11,17,5.216254916998878,1,1,0.2,0.03,0.05,0.0,0.0,1.0,1.0,1.0,10,modular_small,B,B,True,-2.0113258361816406,-1.6363258361816406,-2.0113258361816406,-1.8863258361816406
2026-05-20T19:35:42.704571+00:00,mlx-community/Qwen3-1.7B-4bit,45,hrm,0.6470588235294118,11,17,5.216254916998878,1,1,0.2,0.03,0.05,0.0,0.0,1.0,1.0,1.0,10,syllogism,A,D,False,-4.347272872924805,-3.0972728729248047,-2.5972728729248047,-0.4722728729248047
2026-05-20T19:35:47.914799+00:00,mlx-community/Qwen3-1.7B-4bit,46,hrm,0.6470588235294118,11,17,5.210024667001562,1,1,0.2,0.03,0.05,0.01,0.01,1.0,1.0,1.0,10,algebra,B,B,True,-4.322700500488281,-0.07270050048828125,-5.822700500488281,-4.572700500488281
2026-05-20T19:35:47.914799+00:00,mlx-community/Qwen3-1.7B-4bit,46,hrm,0.6470588235294118,11,17,5.210024667001562,1,1,0.2,0.03,0.05,0.01,0.01,1.0,1.0,1.0,10,markup,C,D,False,-2.0501537322998047,-2.1751537322998047,-5.300153732299805,-0.8001537322998047
2026-05-20T19:35:47.914799+00:00,mlx-community/Qwen3-1.7B-4bit,46,hrm,0.6470588235294118,11,17,5.210024667001562,1,1,0.2,0.03,0.05,0.01,0.01,1.0,1.0,1.0,10,boxes,C,C,True,-7.559175491333008,-6.559175491333008,-0.05917549133300781,-5.934175491333008
2026-05-20T19:35:47.914799+00:00,mlx-community/Qwen3-1.7B-4bit,46,hrm,0.6470588235294118,11,17,5.210024667001562,1,1,0.2,0.03,0.05,0.01,0.01,1.0,1.0,1.0,10,inclusion,B,B,True,-3.0930557250976562,-1.3430557250976562,-2.5930557250976562,-4.218055725097656
2026-05-20T19:35:47.914799+00:00,mlx-community/Qwen3-1.7B-4bit,46,hrm,0.6470588235294118,11,17,5.210024667001562,1,1,0.2,0.03,0.05,0.01,0.01,1.0,1.0,1.0,10,modular,B,B,True,-3.564645767211914,-0.6896457672119141,-3.439645767211914,-2.314645767211914
2026-05-20T19:35:47.914799+00:00,mlx-community/Qwen3-1.7B-4bit,46,hrm,0.6470588235294118,11,17,5.210024667001562,1,1,0.2,0.03,0.05,0.01,0.01,1.0,1.0,1.0,10,work_rate,A,A,True,-0.2689208984375,-2.8939208984375,-6.0189208984375,-5.7689208984375
2026-05-20T19:35:47.914799+00:00,mlx-community/Qwen3-1.7B-4bit,46,hrm,0.6470588235294118,11,17,5.210024667001562,1,1,0.2,0.03,0.05,0.01,0.01,1.0,1.0,1.0,10,probability,B,A,False,-0.974853515625,-1.974853515625,-3.349853515625,-2.724853515625
2026-05-20T19:35:47.914799+00:00,mlx-community/Qwen3-1.7B-4bit,46,hrm,0.6470588235294118,11,17,5.210024667001562,1,1,0.2,0.03,0.05,0.01,0.01,1.0,1.0,1.0,10,sequence,C,B,False,-4.051446914672852,-0.5514469146728516,-2.9264469146728516,-2.3014469146728516
2026-05-20T19:35:47.914799+00:00,mlx-community/Qwen3-1.7B-4bit,46,hrm,0.6470588235294118,11,17,5.210024667001562,1,1,0.2,0.03,0.05,0.01,0.01,1.0,1.0,1.0,10,linear_word,B,B,True,-2.569225311279297,-0.8192253112792969,-2.819225311279297,-2.444225311279297
2026-05-20T19:35:47.914799+00:00,mlx-community/Qwen3-1.7B-4bit,46,hrm,0.6470588235294118,11,17,5.210024667001562,1,1,0.2,0.03,0.05,0.01,0.01,1.0,1.0,1.0,10,reverse_discount,C,B,False,-3.3412837982177734,-0.46628379821777344,-3.2162837982177734,-2.2162837982177734
2026-05-20T19:35:47.914799+00:00,mlx-community/Qwen3-1.7B-4bit,46,hrm,0.6470588235294118,11,17,5.210024667001562,1,1,0.2,0.03,0.05,0.01,0.01,1.0,1.0,1.0,10,multiples,B,C,False,-4.733434677124023,-4.108434677124023,-0.9834346771240234,-1.1084346771240234
2026-05-20T19:35:47.914799+00:00,mlx-community/Qwen3-1.7B-4bit,46,hrm,0.6470588235294118,11,17,5.210024667001562,1,1,0.2,0.03,0.05,0.01,0.01,1.0,1.0,1.0,10,rectangle,B,B,True,-3.7428150177001953,-0.11781501770019531,-5.242815017700195,-5.617815017700195
2026-05-20T19:35:47.914799+00:00,mlx-community/Qwen3-1.7B-4bit,46,hrm,0.6470588235294118,11,17,5.210024667001562,1,1,0.2,0.03,0.05,0.01,0.01,1.0,1.0,1.0,10,average,C,C,True,-3.3665695190429688,-5.116569519042969,-0.24156951904296875,-5.116569519042969
2026-05-20T19:35:47.914799+00:00,mlx-community/Qwen3-1.7B-4bit,46,hrm,0.6470588235294118,11,17,5.210024667001562,1,1,0.2,0.03,0.05,0.01,0.01,1.0,1.0,1.0,10,combinations,B,B,True,-6.340250015258789,-0.09025001525878906,-5.965250015258789,-8.090250015258789
2026-05-20T19:35:47.914799+00:00,mlx-community/Qwen3-1.7B-4bit,46,hrm,0.6470588235294118,11,17,5.210024667001562,1,1,0.2,0.03,0.05,0.01,0.01,1.0,1.0,1.0,10,coins,C,C,True,-6.554983139038086,-8.929983139038086,-0.05498313903808594,-9.242483139038086
2026-05-20T19:35:47.914799+00:00,mlx-community/Qwen3-1.7B-4bit,46,hrm,0.6470588235294118,11,17,5.210024667001562,1,1,0.2,0.03,0.05,0.01,0.01,1.0,1.0,1.0,10,modular_small,B,B,True,-2.011505126953125,-1.636505126953125,-2.011505126953125,-1.886505126953125
2026-05-20T19:35:47.914799+00:00,mlx-community/Qwen3-1.7B-4bit,46,hrm,0.6470588235294118,11,17,5.210024667001562,1,1,0.2,0.03,0.05,0.01,0.01,1.0,1.0,1.0,10,syllogism,A,D,False,-4.422727584838867,-3.297727584838867,-2.672727584838867,-0.4227275848388672
2026-05-20T19:35:53.226535+00:00,mlx-community/Qwen3-1.7B-4bit,47,hrm,0.6470588235294118,11,17,5.311519499999122,1,1,0.2,0.03,0.08,0.0,0.0,1.0,1.0,1.0,10,algebra,B,B,True,-4.322864532470703,-0.07286453247070312,-5.822864532470703,-4.572864532470703
2026-05-20T19:35:53.226535+00:00,mlx-community/Qwen3-1.7B-4bit,47,hrm,0.6470588235294118,11,17,5.311519499999122,1,1,0.2,0.03,0.08,0.0,0.0,1.0,1.0,1.0,10,markup,C,D,False,-2.049562454223633,-2.174562454223633,-5.299562454223633,-0.7995624542236328
2026-05-20T19:35:53.226535+00:00,mlx-community/Qwen3-1.7B-4bit,47,hrm,0.6470588235294118,11,17,5.311519499999122,1,1,0.2,0.03,0.08,0.0,0.0,1.0,1.0,1.0,10,boxes,C,C,True,-7.559043884277344,-6.559043884277344,-0.05904388427734375,-5.934043884277344
2026-05-20T19:35:53.226535+00:00,mlx-community/Qwen3-1.7B-4bit,47,hrm,0.6470588235294118,11,17,5.311519499999122,1,1,0.2,0.03,0.08,0.0,0.0,1.0,1.0,1.0,10,inclusion,B,B,True,-3.1273441314697266,-1.2523441314697266,-2.6273441314697266,-4.252344131469727
2026-05-20T19:35:53.226535+00:00,mlx-community/Qwen3-1.7B-4bit,47,hrm,0.6470588235294118,11,17,5.311519499999122,1,1,0.2,0.03,0.08,0.0,0.0,1.0,1.0,1.0,10,modular,B,B,True,-3.5649566650390625,-0.6899566650390625,-3.4399566650390625,-2.3149566650390625
2026-05-20T19:35:53.226535+00:00,mlx-community/Qwen3-1.7B-4bit,47,hrm,0.6470588235294118,11,17,5.311519499999122,1,1,0.2,0.03,0.08,0.0,0.0,1.0,1.0,1.0,10,work_rate,A,A,True,-0.2416095733642578,-2.991609573364258,-6.116609573364258,-5.741609573364258
2026-05-20T19:35:53.226535+00:00,mlx-community/Qwen3-1.7B-4bit,47,hrm,0.6470588235294118,11,17,5.311519499999122,1,1,0.2,0.03,0.08,0.0,0.0,1.0,1.0,1.0,10,probability,B,A,False,-0.9693489074707031,-1.9693489074707031,-3.344348907470703,-2.719348907470703
2026-05-20T19:35:53.226535+00:00,mlx-community/Qwen3-1.7B-4bit,47,hrm,0.6470588235294118,11,17,5.311519499999122,1,1,0.2,0.03,0.08,0.0,0.0,1.0,1.0,1.0,10,sequence,C,B,False,-4.04542350769043,-0.5454235076904297,-2.9204235076904297,-2.2954235076904297
2026-05-20T19:35:53.226535+00:00,mlx-community/Qwen3-1.7B-4bit,47,hrm,0.6470588235294118,11,17,5.311519499999122,1,1,0.2,0.03,0.08,0.0,0.0,1.0,1.0,1.0,10,linear_word,B,B,True,-2.569272994995117,-0.8192729949951172,-2.819272994995117,-2.444272994995117
2026-05-20T19:35:53.226535+00:00,mlx-community/Qwen3-1.7B-4bit,47,hrm,0.6470588235294118,11,17,5.311519499999122,1,1,0.2,0.03,0.08,0.0,0.0,1.0,1.0,1.0,10,reverse_discount,C,B,False,-3.2515430450439453,-0.5015430450439453,-3.2515430450439453,-2.1265430450439453
2026-05-20T19:35:53.226535+00:00,mlx-community/Qwen3-1.7B-4bit,47,hrm,0.6470588235294118,11,17,5.311519499999122,1,1,0.2,0.03,0.08,0.0,0.0,1.0,1.0,1.0,10,multiples,B,C,False,-4.735490798950195,-3.9854907989501953,-0.9854907989501953,-1.1104907989501953
2026-05-20T19:35:53.226535+00:00,mlx-community/Qwen3-1.7B-4bit,47,hrm,0.6470588235294118,11,17,5.311519499999122,1,1,0.2,0.03,0.08,0.0,0.0,1.0,1.0,1.0,10,rectangle,B,B,True,-3.743011474609375,-0.118011474609375,-5.243011474609375,-5.618011474609375
2026-05-20T19:35:53.226535+00:00,mlx-community/Qwen3-1.7B-4bit,47,hrm,0.6470588235294118,11,17,5.311519499999122,1,1,0.2,0.03,0.08,0.0,0.0,1.0,1.0,1.0,10,average,C,C,True,-3.2647762298583984,-5.139776229858398,-0.26477622985839844,-5.139776229858398
2026-05-20T19:35:53.226535+00:00,mlx-community/Qwen3-1.7B-4bit,47,hrm,0.6470588235294118,11,17,5.311519499999122,1,1,0.2,0.03,0.08,0.0,0.0,1.0,1.0,1.0,10,combinations,B,B,True,-6.340215682983398,-0.09021568298339844,-5.965215682983398,-8.090215682983398
2026-05-20T19:35:53.226535+00:00,mlx-community/Qwen3-1.7B-4bit,47,hrm,0.6470588235294118,11,17,5.311519499999122,1,1,0.2,0.03,0.08,0.0,0.0,1.0,1.0,1.0,10,coins,C,C,True,-6.431264877319336,-8.931264877319336,-0.05626487731933594,-9.243764877319336
2026-05-20T19:35:53.226535+00:00,mlx-community/Qwen3-1.7B-4bit,47,hrm,0.6470588235294118,11,17,5.311519499999122,1,1,0.2,0.03,0.08,0.0,0.0,1.0,1.0,1.0,10,modular_small,B,B,True,-2.0801353454589844,-1.7051353454589844,-2.0801353454589844,-1.8301353454589844
2026-05-20T19:35:53.226535+00:00,mlx-community/Qwen3-1.7B-4bit,47,hrm,0.6470588235294118,11,17,5.311519499999122,1,1,0.2,0.03,0.08,0.0,0.0,1.0,1.0,1.0,10,syllogism,A,D,False,-4.34699821472168,-3.0969982147216797,-2.5969982147216797,-0.4719982147216797
2026-05-20T19:35:58.595967+00:00,mlx-community/Qwen3-1.7B-4bit,48,hrm,0.6470588235294118,11,17,5.369228542000201,1,1,0.2,0.03,0.08,0.01,0.01,1.0,1.0,1.0,10,algebra,B,B,True,-4.322849273681641,-0.07284927368164062,-5.822849273681641,-4.572849273681641
2026-05-20T19:35:58.595967+00:00,mlx-community/Qwen3-1.7B-4bit,48,hrm,0.6470588235294118,11,17,5.369228542000201,1,1,0.2,0.03,0.08,0.01,0.01,1.0,1.0,1.0,10,markup,C,D,False,-2.0502567291259766,-2.1752567291259766,-5.300256729125977,-0.8002567291259766
2026-05-20T19:35:58.595967+00:00,mlx-community/Qwen3-1.7B-4bit,48,hrm,0.6470588235294118,11,17,5.369228542000201,1,1,0.2,0.03,0.08,0.01,0.01,1.0,1.0,1.0,10,boxes,C,C,True,-7.558809280395508,-6.558809280395508,-0.05880928039550781,-5.933809280395508
2026-05-20T19:35:58.595967+00:00,mlx-community/Qwen3-1.7B-4bit,48,hrm,0.6470588235294118,11,17,5.369228542000201,1,1,0.2,0.03,0.08,0.01,0.01,1.0,1.0,1.0,10,inclusion,B,B,True,-3.1271228790283203,-1.2521228790283203,-2.6271228790283203,-4.25212287902832
2026-05-20T19:35:58.595967+00:00,mlx-community/Qwen3-1.7B-4bit,48,hrm,0.6470588235294118,11,17,5.369228542000201,1,1,0.2,0.03,0.08,0.01,0.01,1.0,1.0,1.0,10,modular,B,B,True,-3.568868637084961,-0.6938686370849609,-3.443868637084961,-2.318868637084961
2026-05-20T19:35:58.595967+00:00,mlx-community/Qwen3-1.7B-4bit,48,hrm,0.6470588235294118,11,17,5.369228542000201,1,1,0.2,0.03,0.08,0.01,0.01,1.0,1.0,1.0,10,work_rate,A,A,True,-0.2688884735107422,-2.893888473510742,-6.018888473510742,-5.768888473510742
2026-05-20T19:35:58.595967+00:00,mlx-community/Qwen3-1.7B-4bit,48,hrm,0.6470588235294118,11,17,5.369228542000201,1,1,0.2,0.03,0.08,0.01,0.01,1.0,1.0,1.0,10,probability,B,A,False,-0.9744396209716797,-1.9744396209716797,-3.3494396209716797,-2.7244396209716797
2026-05-20T19:35:58.595967+00:00,mlx-community/Qwen3-1.7B-4bit,48,hrm,0.6470588235294118,11,17,5.369228542000201,1,1,0.2,0.03,0.08,0.01,0.01,1.0,1.0,1.0,10,sequence,C,B,False,-4.049385070800781,-0.5493850708007812,-2.9243850708007812,-2.2993850708007812
2026-05-20T19:35:58.595967+00:00,mlx-community/Qwen3-1.7B-4bit,48,hrm,0.6470588235294118,11,17,5.369228542000201,1,1,0.2,0.03,0.08,0.01,0.01,1.0,1.0,1.0,10,linear_word,B,B,True,-2.503458023071289,-0.8784580230712891,-2.878458023071289,-2.378458023071289
2026-05-20T19:35:58.595967+00:00,mlx-community/Qwen3-1.7B-4bit,48,hrm,0.6470588235294118,11,17,5.369228542000201,1,1,0.2,0.03,0.08,0.01,0.01,1.0,1.0,1.0,10,reverse_discount,C,B,False,-3.3371963500976562,-0.46219635009765625,-3.2121963500976562,-2.2121963500976562
2026-05-20T19:35:58.595967+00:00,mlx-community/Qwen3-1.7B-4bit,48,hrm,0.6470588235294118,11,17,5.369228542000201,1,1,0.2,0.03,0.08,0.01,0.01,1.0,1.0,1.0,10,multiples,B,C,False,-4.8569183349609375,-4.1069183349609375,-0.9819183349609375,-1.1069183349609375
2026-05-20T19:35:58.595967+00:00,mlx-community/Qwen3-1.7B-4bit,48,hrm,0.6470588235294118,11,17,5.369228542000201,1,1,0.2,0.03,0.08,0.01,0.01,1.0,1.0,1.0,10,rectangle,B,B,True,-3.7420082092285156,-0.11700820922851562,-5.367008209228516,-5.617008209228516
2026-05-20T19:35:58.595967+00:00,mlx-community/Qwen3-1.7B-4bit,48,hrm,0.6470588235294118,11,17,5.369228542000201,1,1,0.2,0.03,0.08,0.01,0.01,1.0,1.0,1.0,10,average,C,C,True,-3.2733535766601562,-5.023353576660156,-0.27335357666015625,-5.023353576660156
2026-05-20T19:35:58.595967+00:00,mlx-community/Qwen3-1.7B-4bit,48,hrm,0.6470588235294118,11,17,5.369228542000201,1,1,0.2,0.03,0.08,0.01,0.01,1.0,1.0,1.0,10,combinations,B,B,True,-6.339929580688477,-0.08992958068847656,-5.964929580688477,-8.089929580688477
2026-05-20T19:35:58.595967+00:00,mlx-community/Qwen3-1.7B-4bit,48,hrm,0.6470588235294118,11,17,5.369228542000201,1,1,0.2,0.03,0.08,0.01,0.01,1.0,1.0,1.0,10,coins,C,C,True,-6.431583404541016,-8.869083404541016,-0.056583404541015625,-9.181583404541016
2026-05-20T19:35:58.595967+00:00,mlx-community/Qwen3-1.7B-4bit,48,hrm,0.6470588235294118,11,17,5.369228542000201,1,1,0.2,0.03,0.08,0.01,0.01,1.0,1.0,1.0,10,modular_small,B,B,True,-2.0803050994873047,-1.7053050994873047,-1.9553050994873047,-1.9553050994873047
2026-05-20T19:35:58.595967+00:00,mlx-community/Qwen3-1.7B-4bit,48,hrm,0.6470588235294118,11,17,5.369228542000201,1,1,0.2,0.03,0.08,0.01,0.01,1.0,1.0,1.0,10,syllogism,A,D,False,-4.338537216186523,-3.2135372161865234,-2.5885372161865234,-0.46353721618652344
2026-05-20T19:36:03.822415+00:00,mlx-community/Qwen3-1.7B-4bit,49,hrm,0.6470588235294118,11,17,5.225958667000668,1,1,0.2,0.05,0.02,0.0,0.0,1.0,1.0,1.0,10,algebra,B,B,True,-4.321285247802734,-0.07128524780273438,-5.821285247802734,-4.571285247802734
2026-05-20T19:36:03.822415+00:00,mlx-community/Qwen3-1.7B-4bit,49,hrm,0.6470588235294118,11,17,5.225958667000668,1,1,0.2,0.05,0.02,0.0,0.0,1.0,1.0,1.0,10,markup,C,D,False,-2.041006088256836,-2.166006088256836,-5.291006088256836,-0.7910060882568359
2026-05-20T19:36:03.822415+00:00,mlx-community/Qwen3-1.7B-4bit,49,hrm,0.6470588235294118,11,17,5.225958667000668,1,1,0.2,0.05,0.02,0.0,0.0,1.0,1.0,1.0,10,boxes,C,C,True,-7.677492141723633,-6.552492141723633,-0.05249214172363281,-6.052492141723633
2026-05-20T19:36:03.822415+00:00,mlx-community/Qwen3-1.7B-4bit,49,hrm,0.6470588235294118,11,17,5.225958667000668,1,1,0.2,0.05,0.02,0.0,0.0,1.0,1.0,1.0,10,inclusion,B,B,True,-3.092691421508789,-1.342691421508789,-2.592691421508789,-4.217691421508789
2026-05-20T19:36:03.822415+00:00,mlx-community/Qwen3-1.7B-4bit,49,hrm,0.6470588235294118,11,17,5.225958667000668,1,1,0.2,0.05,0.02,0.0,0.0,1.0,1.0,1.0,10,modular,B,B,True,-3.569835662841797,-0.6948356628417969,-3.444835662841797,-2.319835662841797
2026-05-20T19:36:03.822415+00:00,mlx-community/Qwen3-1.7B-4bit,49,hrm,0.6470588235294118,11,17,5.225958667000668,1,1,0.2,0.05,0.02,0.0,0.0,1.0,1.0,1.0,10,work_rate,A,A,True,-0.24094009399414062,-2.9909400939941406,-6.115940093994141,-5.865940093994141
2026-05-20T19:36:03.822415+00:00,mlx-community/Qwen3-1.7B-4bit,49,hrm,0.6470588235294118,11,17,5.225958667000668,1,1,0.2,0.05,0.02,0.0,0.0,1.0,1.0,1.0,10,probability,B,A,False,-0.9676761627197266,-1.9676761627197266,-3.3426761627197266,-2.7176761627197266
2026-05-20T19:36:03.822415+00:00,mlx-community/Qwen3-1.7B-4bit,49,hrm,0.6470588235294118,11,17,5.225958667000668,1,1,0.2,0.05,0.02,0.0,0.0,1.0,1.0,1.0,10,sequence,C,B,False,-4.038965225219727,-0.5389652252197266,-2.9139652252197266,-2.2889652252197266
2026-05-20T19:36:03.822415+00:00,mlx-community/Qwen3-1.7B-4bit,49,hrm,0.6470588235294118,11,17,5.225958667000668,1,1,0.2,0.05,0.02,0.0,0.0,1.0,1.0,1.0,10,linear_word,B,B,True,-2.6009559631347656,-0.8509559631347656,-2.8509559631347656,-2.4759559631347656
2026-05-20T19:36:03.822415+00:00,mlx-community/Qwen3-1.7B-4bit,49,hrm,0.6470588235294118,11,17,5.225958667000668,1,1,0.2,0.05,0.02,0.0,0.0,1.0,1.0,1.0,10,reverse_discount,C,B,False,-3.3470191955566406,-0.4720191955566406,-3.2220191955566406,-2.2220191955566406
2026-05-20T19:36:03.822415+00:00,mlx-community/Qwen3-1.7B-4bit,49,hrm,0.6470588235294118,11,17,5.225958667000668,1,1,0.2,0.05,0.02,0.0,0.0,1.0,1.0,1.0,10,multiples,B,C,False,-4.725135803222656,-4.100135803222656,-0.9751358032226562,-1.1001358032226562
2026-05-20T19:36:03.822415+00:00,mlx-community/Qwen3-1.7B-4bit,49,hrm,0.6470588235294118,11,17,5.225958667000668,1,1,0.2,0.05,0.02,0.0,0.0,1.0,1.0,1.0,10,rectangle,B,B,True,-3.8547725677490234,-0.10477256774902344,-5.354772567749023,-5.729772567749023
2026-05-20T19:36:03.822415+00:00,mlx-community/Qwen3-1.7B-4bit,49,hrm,0.6470588235294118,11,17,5.225958667000668,1,1,0.2,0.05,0.02,0.0,0.0,1.0,1.0,1.0,10,average,C,C,True,-3.3660717010498047,-5.116071701049805,-0.2410717010498047,-5.116071701049805
2026-05-20T19:36:03.822415+00:00,mlx-community/Qwen3-1.7B-4bit,49,hrm,0.6470588235294118,11,17,5.225958667000668,1,1,0.2,0.05,0.02,0.0,0.0,1.0,1.0,1.0,10,combinations,B,B,True,-6.457099914550781,-0.08209991455078125,-6.082099914550781,-8.207099914550781
2026-05-20T19:36:03.822415+00:00,mlx-community/Qwen3-1.7B-4bit,49,hrm,0.6470588235294118,11,17,5.225958667000668,1,1,0.2,0.05,0.02,0.0,0.0,1.0,1.0,1.0,10,coins,C,C,True,-6.555452346801758,-8.930452346801758,-0.05545234680175781,-9.180452346801758
2026-05-20T19:36:03.822415+00:00,mlx-community/Qwen3-1.7B-4bit,49,hrm,0.6470588235294118,11,17,5.225958667000668,1,1,0.2,0.05,0.02,0.0,0.0,1.0,1.0,1.0,10,modular_small,B,B,True,-2.1192893981933594,-1.6192893981933594,-1.9942893981933594,-1.8692893981933594
2026-05-20T19:36:03.822415+00:00,mlx-community/Qwen3-1.7B-4bit,49,hrm,0.6470588235294118,11,17,5.225958667000668,1,1,0.2,0.05,0.02,0.0,0.0,1.0,1.0,1.0,10,syllogism,A,D,False,-4.422834396362305,-3.2978343963623047,-2.6728343963623047,-0.4228343963623047
2026-05-20T19:36:09.581048+00:00,mlx-community/Qwen3-1.7B-4bit,50,hrm,0.6470588235294118,11,17,5.758427124997979,1,1,0.2,0.05,0.02,0.01,0.01,1.0,1.0,1.0,10,algebra,B,B,True,-4.322820663452148,-0.07282066345214844,-5.822820663452148,-4.572820663452148
2026-05-20T19:36:09.581048+00:00,mlx-community/Qwen3-1.7B-4bit,50,hrm,0.6470588235294118,11,17,5.758427124997979,1,1,0.2,0.05,0.02,0.01,0.01,1.0,1.0,1.0,10,markup,C,D,False,-1.9350261688232422,-2.185026168823242,-5.310026168823242,-0.8100261688232422
2026-05-20T19:36:09.581048+00:00,mlx-community/Qwen3-1.7B-4bit,50,hrm,0.6470588235294118,11,17,5.758427124997979,1,1,0.2,0.05,0.02,0.01,0.01,1.0,1.0,1.0,10,boxes,C,C,True,-7.563606262207031,-6.438606262207031,-0.06360626220703125,-5.938606262207031
2026-05-20T19:36:09.581048+00:00,mlx-community/Qwen3-1.7B-4bit,50,hrm,0.6470588235294118,11,17,5.758427124997979,1,1,0.2,0.05,0.02,0.01,0.01,1.0,1.0,1.0,10,inclusion,B,B,True,-3.0931835174560547,-1.3431835174560547,-2.5931835174560547,-4.218183517456055
2026-05-20T19:36:09.581048+00:00,mlx-community/Qwen3-1.7B-4bit,50,hrm,0.6470588235294118,11,17,5.758427124997979,1,1,0.2,0.05,0.02,0.01,0.01,1.0,1.0,1.0,10,modular,B,B,True,-3.5597782135009766,-0.6847782135009766,-3.4347782135009766,-2.3097782135009766
2026-05-20T19:36:09.581048+00:00,mlx-community/Qwen3-1.7B-4bit,50,hrm,0.6470588235294118,11,17,5.758427124997979,1,1,0.2,0.05,0.02,0.01,0.01,1.0,1.0,1.0,10,work_rate,A,A,True,-0.2688770294189453,-2.8938770294189453,-6.018877029418945,-5.768877029418945
2026-05-20T19:36:09.581048+00:00,mlx-community/Qwen3-1.7B-4bit,50,hrm,0.6470588235294118,11,17,5.758427124997979,1,1,0.2,0.05,0.02,0.01,0.01,1.0,1.0,1.0,10,probability,B,A,False,-0.9679737091064453,-1.9679737091064453,-3.3429737091064453,-2.7179737091064453
2026-05-20T19:36:09.581048+00:00,mlx-community/Qwen3-1.7B-4bit,50,hrm,0.6470588235294118,11,17,5.758427124997979,1,1,0.2,0.05,0.02,0.01,0.01,1.0,1.0,1.0,10,sequence,C,B,False,-4.035493850708008,-0.5354938507080078,-2.910493850708008,-2.285493850708008
2026-05-20T19:36:09.581048+00:00,mlx-community/Qwen3-1.7B-4bit,50,hrm,0.6470588235294118,11,17,5.758427124997979,1,1,0.2,0.05,0.02,0.01,0.01,1.0,1.0,1.0,10,linear_word,B,B,True,-2.568378448486328,-0.8183784484863281,-2.818378448486328,-2.443378448486328
2026-05-20T19:36:09.581048+00:00,mlx-community/Qwen3-1.7B-4bit,50,hrm,0.6470588235294118,11,17,5.758427124997979,1,1,0.2,0.05,0.02,0.01,0.01,1.0,1.0,1.0,10,reverse_discount,C,B,False,-3.3474502563476562,-0.47245025634765625,-3.2224502563476562,-2.2224502563476562
2026-05-20T19:36:09.581048+00:00,mlx-community/Qwen3-1.7B-4bit,50,hrm,0.6470588235294118,11,17,5.758427124997979,1,1,0.2,0.05,0.02,0.01,0.01,1.0,1.0,1.0,10,multiples,B,C,False,-4.742191314697266,-4.117191314697266,-0.9921913146972656,-1.1171913146972656
2026-05-20T19:36:09.581048+00:00,mlx-community/Qwen3-1.7B-4bit,50,hrm,0.6470588235294118,11,17,5.758427124997979,1,1,0.2,0.05,0.02,0.01,0.01,1.0,1.0,1.0,10,rectangle,B,B,True,-3.852397918701172,-0.10239791870117188,-5.477397918701172,-5.727397918701172
2026-05-20T19:36:09.581048+00:00,mlx-community/Qwen3-1.7B-4bit,50,hrm,0.6470588235294118,11,17,5.758427124997979,1,1,0.2,0.05,0.02,0.01,0.01,1.0,1.0,1.0,10,average,C,C,True,-3.3801193237304688,-5.130119323730469,-0.25511932373046875,-5.130119323730469
2026-05-20T19:36:09.581048+00:00,mlx-community/Qwen3-1.7B-4bit,50,hrm,0.6470588235294118,11,17,5.758427124997979,1,1,0.2,0.05,0.02,0.01,0.01,1.0,1.0,1.0,10,combinations,B,B,True,-6.459627151489258,-0.08462715148925781,-6.084627151489258,-8.209627151489258
2026-05-20T19:36:09.581048+00:00,mlx-community/Qwen3-1.7B-4bit,50,hrm,0.6470588235294118,11,17,5.758427124997979,1,1,0.2,0.05,0.02,0.01,0.01,1.0,1.0,1.0,10,coins,C,C,True,-6.555471420288086,-8.930471420288086,-0.05547142028808594,-9.242971420288086
2026-05-20T19:36:09.581048+00:00,mlx-community/Qwen3-1.7B-4bit,50,hrm,0.6470588235294118,11,17,5.758427124997979,1,1,0.2,0.05,0.02,0.01,0.01,1.0,1.0,1.0,10,modular_small,B,B,True,-2.119077682495117,-1.6190776824951172,-1.9940776824951172,-1.8690776824951172
2026-05-20T19:36:09.581048+00:00,mlx-community/Qwen3-1.7B-4bit,50,hrm,0.6470588235294118,11,17,5.758427124997979,1,1,0.2,0.05,0.02,0.01,0.01,1.0,1.0,1.0,10,syllogism,A,D,False,-4.3419952392578125,-3.2169952392578125,-2.5919952392578125,-0.4669952392578125
2026-05-20T19:36:15.308446+00:00,mlx-community/Qwen3-1.7B-4bit,51,hrm,0.6470588235294118,11,17,5.727142167001148,1,1,0.2,0.05,0.05,0.0,0.0,1.0,1.0,1.0,10,algebra,B,B,True,-4.322589874267578,-0.07258987426757812,-5.947589874267578,-4.572589874267578
2026-05-20T19:36:15.308446+00:00,mlx-community/Qwen3-1.7B-4bit,51,hrm,0.6470588235294118,11,17,5.727142167001148,1,1,0.2,0.05,0.05,0.0,0.0,1.0,1.0,1.0,10,markup,C,D,False,-2.0402755737304688,-2.1652755737304688,-5.290275573730469,-0.7902755737304688
2026-05-20T19:36:15.308446+00:00,mlx-community/Qwen3-1.7B-4bit,51,hrm,0.6470588235294118,11,17,5.727142167001148,1,1,0.2,0.05,0.05,0.0,0.0,1.0,1.0,1.0,10,boxes,C,C,True,-7.679391860961914,-6.554391860961914,-0.05439186096191406,-6.054391860961914
2026-05-20T19:36:15.308446+00:00,mlx-community/Qwen3-1.7B-4bit,51,hrm,0.6470588235294118,11,17,5.727142167001148,1,1,0.2,0.05,0.05,0.0,0.0,1.0,1.0,1.0,10,inclusion,B,B,True,-3.060873031616211,-1.310873031616211,-2.560873031616211,-4.185873031616211
2026-05-20T19:36:15.308446+00:00,mlx-community/Qwen3-1.7B-4bit,51,hrm,0.6470588235294118,11,17,5.727142167001148,1,1,0.2,0.05,0.05,0.0,0.0,1.0,1.0,1.0,10,modular,B,B,True,-3.563640594482422,-0.6886405944824219,-3.438640594482422,-2.313640594482422
2026-05-20T19:36:15.308446+00:00,mlx-community/Qwen3-1.7B-4bit,51,hrm,0.6470588235294118,11,17,5.727142167001148,1,1,0.2,0.05,0.05,0.0,0.0,1.0,1.0,1.0,10,work_rate,A,A,True,-0.2430419921875,-2.9930419921875,-6.1180419921875,-5.7430419921875
2026-05-20T19:36:15.308446+00:00,mlx-community/Qwen3-1.7B-4bit,51,hrm,0.6470588235294118,11,17,5.727142167001148,1,1,0.2,0.05,0.05,0.0,0.0,1.0,1.0,1.0,10,probability,B,A,False,-0.9689426422119141,-1.968942642211914,-3.343942642211914,-2.718942642211914
2026-05-20T19:36:15.308446+00:00,mlx-community/Qwen3-1.7B-4bit,51,hrm,0.6470588235294118,11,17,5.727142167001148,1,1,0.2,0.05,0.05,0.0,0.0,1.0,1.0,1.0,10,sequence,C,B,False,-3.9155406951904297,-0.5405406951904297,-2.9155406951904297,-2.2905406951904297
2026-05-20T19:36:15.308446+00:00,mlx-community/Qwen3-1.7B-4bit,51,hrm,0.6470588235294118,11,17,5.727142167001148,1,1,0.2,0.05,0.05,0.0,0.0,1.0,1.0,1.0,10,linear_word,B,B,True,-2.566387176513672,-0.8163871765136719,-2.816387176513672,-2.441387176513672
2026-05-20T19:36:15.308446+00:00,mlx-community/Qwen3-1.7B-4bit,51,hrm,0.6470588235294118,11,17,5.727142167001148,1,1,0.2,0.05,0.05,0.0,0.0,1.0,1.0,1.0,10,reverse_discount,C,B,False,-3.2472496032714844,-0.4972496032714844,-3.2472496032714844,-2.1222496032714844
2026-05-20T19:36:15.308446+00:00,mlx-community/Qwen3-1.7B-4bit,51,hrm,0.6470588235294118,11,17,5.727142167001148,1,1,0.2,0.05,0.05,0.0,0.0,1.0,1.0,1.0,10,multiples,B,C,False,-4.738582611083984,-3.9885826110839844,-0.9885826110839844,-1.1135826110839844
2026-05-20T19:36:15.308446+00:00,mlx-community/Qwen3-1.7B-4bit,51,hrm,0.6470588235294118,11,17,5.727142167001148,1,1,0.2,0.05,0.05,0.0,0.0,1.0,1.0,1.0,10,rectangle,B,B,True,-3.8525466918945312,-0.10254669189453125,-5.352546691894531,-5.852546691894531
2026-05-20T19:36:15.308446+00:00,mlx-community/Qwen3-1.7B-4bit,51,hrm,0.6470588235294118,11,17,5.727142167001148,1,1,0.2,0.05,0.05,0.0,0.0,1.0,1.0,1.0,10,average,C,C,True,-3.3664474487304688,-5.116447448730469,-0.24144744873046875,-5.116447448730469
2026-05-20T19:36:15.308446+00:00,mlx-community/Qwen3-1.7B-4bit,51,hrm,0.6470588235294118,11,17,5.727142167001148,1,1,0.2,0.05,0.05,0.0,0.0,1.0,1.0,1.0,10,combinations,B,B,True,-6.457544326782227,-0.08254432678222656,-6.082544326782227,-8.207544326782227
2026-05-20T19:36:15.308446+00:00,mlx-community/Qwen3-1.7B-4bit,51,hrm,0.6470588235294118,11,17,5.727142167001148,1,1,0.2,0.05,0.05,0.0,0.0,1.0,1.0,1.0,10,coins,C,C,True,-6.4317779541015625,-8.931777954101562,-0.0567779541015625,-9.181777954101562
2026-05-20T19:36:15.308446+00:00,mlx-community/Qwen3-1.7B-4bit,51,hrm,0.6470588235294118,11,17,5.727142167001148,1,1,0.2,0.05,0.05,0.0,0.0,1.0,1.0,1.0,10,modular_small,B,B,True,-2.0218734741210938,-1.6468734741210938,-2.0218734741210938,-1.8968734741210938
2026-05-20T19:36:15.308446+00:00,mlx-community/Qwen3-1.7B-4bit,51,hrm,0.6470588235294118,11,17,5.727142167001148,1,1,0.2,0.05,0.05,0.0,0.0,1.0,1.0,1.0,10,syllogism,A,D,False,-4.341470718383789,-3.216470718383789,-2.591470718383789,-0.46647071838378906
2026-05-20T19:36:21.250165+00:00,mlx-community/Qwen3-1.7B-4bit,52,hrm,0.6470588235294118,11,17,5.941191124999023,1,1,0.2,0.05,0.05,0.01,0.01,1.0,1.0,1.0,10,algebra,B,B,True,-4.32281494140625,-0.07281494140625,-5.82281494140625,-4.57281494140625
2026-05-20T19:36:21.250165+00:00,mlx-community/Qwen3-1.7B-4bit,52,hrm,0.6470588235294118,11,17,5.941191124999023,1,1,0.2,0.05,0.05,0.01,0.01,1.0,1.0,1.0,10,markup,C,D,False,-1.9339675903320312,-2.1839675903320312,-5.308967590332031,-0.8089675903320312
2026-05-20T19:36:21.250165+00:00,mlx-community/Qwen3-1.7B-4bit,52,hrm,0.6470588235294118,11,17,5.941191124999023,1,1,0.2,0.05,0.05,0.01,0.01,1.0,1.0,1.0,10,boxes,C,C,True,-7.677595138549805,-6.552595138549805,-0.05259513854980469,-6.052595138549805
2026-05-20T19:36:21.250165+00:00,mlx-community/Qwen3-1.7B-4bit,52,hrm,0.6470588235294118,11,17,5.941191124999023,1,1,0.2,0.05,0.05,0.01,0.01,1.0,1.0,1.0,10,inclusion,B,B,True,-3.0537986755371094,-1.3037986755371094,-2.5537986755371094,-4.178798675537109
2026-05-20T19:36:21.250165+00:00,mlx-community/Qwen3-1.7B-4bit,52,hrm,0.6470588235294118,11,17,5.941191124999023,1,1,0.2,0.05,0.05,0.01,0.01,1.0,1.0,1.0,10,modular,B,B,True,-3.5635433197021484,-0.6885433197021484,-3.4385433197021484,-2.3135433197021484
2026-05-20T19:36:21.250165+00:00,mlx-community/Qwen3-1.7B-4bit,52,hrm,0.6470588235294118,11,17,5.941191124999023,1,1,0.2,0.05,0.05,0.01,0.01,1.0,1.0,1.0,10,work_rate,A,A,True,-0.2516899108886719,-3.001689910888672,-6.126689910888672,-5.751689910888672
2026-05-20T19:36:21.250165+00:00,mlx-community/Qwen3-1.7B-4bit,52,hrm,0.6470588235294118,11,17,5.941191124999023,1,1,0.2,0.05,0.05,0.01,0.01,1.0,1.0,1.0,10,probability,B,A,False,-0.9692935943603516,-1.9692935943603516,-3.3442935943603516,-2.7192935943603516
2026-05-20T19:36:21.250165+00:00,mlx-community/Qwen3-1.7B-4bit,52,hrm,0.6470588235294118,11,17,5.941191124999023,1,1,0.2,0.05,0.05,0.01,0.01,1.0,1.0,1.0,10,sequence,C,B,False,-4.038421630859375,-0.538421630859375,-2.913421630859375,-2.288421630859375
2026-05-20T19:36:21.250165+00:00,mlx-community/Qwen3-1.7B-4bit,52,hrm,0.6470588235294118,11,17,5.941191124999023,1,1,0.2,0.05,0.05,0.01,0.01,1.0,1.0,1.0,10,linear_word,B,B,True,-2.565196990966797,-0.8151969909667969,-2.815196990966797,-2.440196990966797
2026-05-20T19:36:21.250165+00:00,mlx-community/Qwen3-1.7B-4bit,52,hrm,0.6470588235294118,11,17,5.941191124999023,1,1,0.2,0.05,0.05,0.01,0.01,1.0,1.0,1.0,10,reverse_discount,C,B,False,-3.2517547607421875,-0.5017547607421875,-3.2517547607421875,-2.1267547607421875
2026-05-20T19:36:21.250165+00:00,mlx-community/Qwen3-1.7B-4bit,52,hrm,0.6470588235294118,11,17,5.941191124999023,1,1,0.2,0.05,0.05,0.01,0.01,1.0,1.0,1.0,10,multiples,B,C,False,-4.73829460144043,-3.9882946014404297,-0.9882946014404297,-1.1132946014404297
2026-05-20T19:36:21.250165+00:00,mlx-community/Qwen3-1.7B-4bit,52,hrm,0.6470588235294118,11,17,5.941191124999023,1,1,0.2,0.05,0.05,0.01,0.01,1.0,1.0,1.0,10,rectangle,B,B,True,-3.8539257049560547,-0.10392570495605469,-5.353925704956055,-5.728925704956055
2026-05-20T19:36:21.250165+00:00,mlx-community/Qwen3-1.7B-4bit,52,hrm,0.6470588235294118,11,17,5.941191124999023,1,1,0.2,0.05,0.05,0.01,0.01,1.0,1.0,1.0,10,average,C,C,True,-3.366180419921875,-5.116180419921875,-0.241180419921875,-5.116180419921875
2026-05-20T19:36:21.250165+00:00,mlx-community/Qwen3-1.7B-4bit,52,hrm,0.6470588235294118,11,17,5.941191124999023,1,1,0.2,0.05,0.05,0.01,0.01,1.0,1.0,1.0,10,combinations,B,B,True,-6.457670211791992,-0.08267021179199219,-6.082670211791992,-8.207670211791992
2026-05-20T19:36:21.250165+00:00,mlx-community/Qwen3-1.7B-4bit,52,hrm,0.6470588235294118,11,17,5.941191124999023,1,1,0.2,0.05,0.05,0.01,0.01,1.0,1.0,1.0,10,coins,C,C,True,-6.55560302734375,-8.93060302734375,-0.05560302734375,-9.18060302734375
2026-05-20T19:36:21.250165+00:00,mlx-community/Qwen3-1.7B-4bit,52,hrm,0.6470588235294118,11,17,5.941191124999023,1,1,0.2,0.05,0.05,0.01,0.01,1.0,1.0,1.0,10,modular_small,B,B,True,-2.0476016998291016,-1.6726016998291016,-1.9226016998291016,-1.9226016998291016
2026-05-20T19:36:21.250165+00:00,mlx-community/Qwen3-1.7B-4bit,52,hrm,0.6470588235294118,11,17,5.941191124999023,1,1,0.2,0.05,0.05,0.01,0.01,1.0,1.0,1.0,10,syllogism,A,D,False,-4.3421478271484375,-3.2171478271484375,-2.5921478271484375,-0.4671478271484375
2026-05-20T19:36:26.955591+00:00,mlx-community/Qwen3-1.7B-4bit,53,hrm,0.6470588235294118,11,17,5.705029916000058,1,1,0.2,0.05,0.08,0.0,0.0,1.0,1.0,1.0,10,algebra,B,B,True,-4.321598052978516,-0.07159805297851562,-5.946598052978516,-4.696598052978516
2026-05-20T19:36:26.955591+00:00,mlx-community/Qwen3-1.7B-4bit,53,hrm,0.6470588235294118,11,17,5.705029916000058,1,1,0.2,0.05,0.08,0.0,0.0,1.0,1.0,1.0,10,markup,C,D,False,-2.039884567260742,-2.164884567260742,-5.289884567260742,-0.7898845672607422
2026-05-20T19:36:26.955591+00:00,mlx-community/Qwen3-1.7B-4bit,53,hrm,0.6470588235294118,11,17,5.705029916000058,1,1,0.2,0.05,0.08,0.0,0.0,1.0,1.0,1.0,10,boxes,C,C,True,-7.679224014282227,-6.554224014282227,-0.05422401428222656,-6.054224014282227
2026-05-20T19:36:26.955591+00:00,mlx-community/Qwen3-1.7B-4bit,53,hrm,0.6470588235294118,11,17,5.705029916000058,1,1,0.2,0.05,0.08,0.0,0.0,1.0,1.0,1.0,10,inclusion,B,B,True,-3.0848121643066406,-1.3348121643066406,-2.5848121643066406,-4.209812164306641
2026-05-20T19:36:26.955591+00:00,mlx-community/Qwen3-1.7B-4bit,53,hrm,0.6470588235294118,11,17,5.705029916000058,1,1,0.2,0.05,0.08,0.0,0.0,1.0,1.0,1.0,10,modular,B,B,True,-3.5654144287109375,-0.6904144287109375,-3.4404144287109375,-2.3154144287109375
2026-05-20T19:36:26.955591+00:00,mlx-community/Qwen3-1.7B-4bit,53,hrm,0.6470588235294118,11,17,5.705029916000058,1,1,0.2,0.05,0.08,0.0,0.0,1.0,1.0,1.0,10,work_rate,A,A,True,-0.2485027313232422,-2.998502731323242,-6.123502731323242,-5.748502731323242
2026-05-20T19:36:26.955591+00:00,mlx-community/Qwen3-1.7B-4bit,53,hrm,0.6470588235294118,11,17,5.705029916000058,1,1,0.2,0.05,0.08,0.0,0.0,1.0,1.0,1.0,10,probability,B,A,False,-1.0286235809326172,-2.028623580932617,-3.278623580932617,-2.653623580932617
2026-05-20T19:36:26.955591+00:00,mlx-community/Qwen3-1.7B-4bit,53,hrm,0.6470588235294118,11,17,5.705029916000058,1,1,0.2,0.05,0.08,0.0,0.0,1.0,1.0,1.0,10,sequence,C,B,False,-4.010112762451172,-0.5101127624511719,-2.885112762451172,-2.385112762451172
2026-05-20T19:36:26.955591+00:00,mlx-community/Qwen3-1.7B-4bit,53,hrm,0.6470588235294118,11,17,5.705029916000058,1,1,0.2,0.05,0.08,0.0,0.0,1.0,1.0,1.0,10,linear_word,B,B,True,-2.6076316833496094,-0.8576316833496094,-2.8576316833496094,-2.4826316833496094
2026-05-20T19:36:26.955591+00:00,mlx-community/Qwen3-1.7B-4bit,53,hrm,0.6470588235294118,11,17,5.705029916000058,1,1,0.2,0.05,0.08,0.0,0.0,1.0,1.0,1.0,10,reverse_discount,C,B,False,-3.233785629272461,-0.48378562927246094,-3.233785629272461,-2.233785629272461
2026-05-20T19:36:26.955591+00:00,mlx-community/Qwen3-1.7B-4bit,53,hrm,0.6470588235294118,11,17,5.705029916000058,1,1,0.2,0.05,0.08,0.0,0.0,1.0,1.0,1.0,10,multiples,B,C,False,-4.737628936767578,-3.987628936767578,-0.9876289367675781,-1.1126289367675781
2026-05-20T19:36:26.955591+00:00,mlx-community/Qwen3-1.7B-4bit,53,hrm,0.6470588235294118,11,17,5.705029916000058,1,1,0.2,0.05,0.08,0.0,0.0,1.0,1.0,1.0,10,rectangle,B,B,True,-3.8555145263671875,-0.1055145263671875,-5.3555145263671875,-5.7305145263671875
2026-05-20T19:36:26.955591+00:00,mlx-community/Qwen3-1.7B-4bit,53,hrm,0.6470588235294118,11,17,5.705029916000058,1,1,0.2,0.05,0.08,0.0,0.0,1.0,1.0,1.0,10,average,C,C,True,-3.361480712890625,-5.111480712890625,-0.236480712890625,-5.111480712890625
2026-05-20T19:36:26.955591+00:00,mlx-community/Qwen3-1.7B-4bit,53,hrm,0.6470588235294118,11,17,5.705029916000058,1,1,0.2,0.05,0.08,0.0,0.0,1.0,1.0,1.0,10,combinations,B,B,True,-6.58488655090332,-0.08488655090332031,-6.08488655090332,-8.20988655090332
2026-05-20T19:36:26.955591+00:00,mlx-community/Qwen3-1.7B-4bit,53,hrm,0.6470588235294118,11,17,5.705029916000058,1,1,0.2,0.05,0.08,0.0,0.0,1.0,1.0,1.0,10,coins,C,C,True,-6.437101364135742,-8.874601364135742,-0.06210136413574219,-9.124601364135742
2026-05-20T19:36:26.955591+00:00,mlx-community/Qwen3-1.7B-4bit,53,hrm,0.6470588235294118,11,17,5.705029916000058,1,1,0.2,0.05,0.08,0.0,0.0,1.0,1.0,1.0,10,modular_small,B,B,True,-2.058685302734375,-1.683685302734375,-2.058685302734375,-1.933685302734375
2026-05-20T19:36:26.955591+00:00,mlx-community/Qwen3-1.7B-4bit,53,hrm,0.6470588235294118,11,17,5.705029916000058,1,1,0.2,0.05,0.08,0.0,0.0,1.0,1.0,1.0,10,syllogism,A,D,False,-4.341615676879883,-3.216615676879883,-2.591615676879883,-0.4666156768798828
2026-05-20T19:36:32.525756+00:00,mlx-community/Qwen3-1.7B-4bit,54,hrm,0.6470588235294118,11,17,5.569942042002367,1,1,0.2,0.05,0.08,0.01,0.01,1.0,1.0,1.0,10,algebra,B,B,True,-4.321903228759766,-0.07190322875976562,-5.821903228759766,-4.696903228759766
2026-05-20T19:36:32.525756+00:00,mlx-community/Qwen3-1.7B-4bit,54,hrm,0.6470588235294118,11,17,5.569942042002367,1,1,0.2,0.05,0.08,0.01,0.01,1.0,1.0,1.0,10,markup,C,D,False,-2.0404739379882812,-2.1654739379882812,-5.290473937988281,-0.7904739379882812
2026-05-20T19:36:32.525756+00:00,mlx-community/Qwen3-1.7B-4bit,54,hrm,0.6470588235294118,11,17,5.569942042002367,1,1,0.2,0.05,0.08,0.01,0.01,1.0,1.0,1.0,10,boxes,C,C,True,-7.679164886474609,-6.554164886474609,-0.054164886474609375,-6.054164886474609
2026-05-20T19:36:32.525756+00:00,mlx-community/Qwen3-1.7B-4bit,54,hrm,0.6470588235294118,11,17,5.569942042002367,1,1,0.2,0.05,0.08,0.01,0.01,1.0,1.0,1.0,10,inclusion,B,B,True,-3.0921478271484375,-1.3421478271484375,-2.5921478271484375,-4.2171478271484375
2026-05-20T19:36:32.525756+00:00,mlx-community/Qwen3-1.7B-4bit,54,hrm,0.6470588235294118,11,17,5.569942042002367,1,1,0.2,0.05,0.08,0.01,0.01,1.0,1.0,1.0,10,modular,B,B,True,-3.563343048095703,-0.6883430480957031,-3.438343048095703,-2.313343048095703
2026-05-20T19:36:32.525756+00:00,mlx-community/Qwen3-1.7B-4bit,54,hrm,0.6470588235294118,11,17,5.569942042002367,1,1,0.2,0.05,0.08,0.01,0.01,1.0,1.0,1.0,10,work_rate,A,A,True,-0.25014686584472656,-3.0001468658447266,-6.125146865844727,-5.750146865844727
2026-05-20T19:36:32.525756+00:00,mlx-community/Qwen3-1.7B-4bit,54,hrm,0.6470588235294118,11,17,5.569942042002367,1,1,0.2,0.05,0.08,0.01,0.01,1.0,1.0,1.0,10,probability,B,A,False,-0.9509963989257812,-2.0759963989257812,-3.3259963989257812,-2.7009963989257812
2026-05-20T19:36:32.525756+00:00,mlx-community/Qwen3-1.7B-4bit,54,hrm,0.6470588235294118,11,17,5.569942042002367,1,1,0.2,0.05,0.08,0.01,0.01,1.0,1.0,1.0,10,sequence,C,B,False,-4.003337860107422,-0.5033378601074219,-3.003337860107422,-2.378337860107422
2026-05-20T19:36:32.525756+00:00,mlx-community/Qwen3-1.7B-4bit,54,hrm,0.6470588235294118,11,17,5.569942042002367,1,1,0.2,0.05,0.08,0.01,0.01,1.0,1.0,1.0,10,linear_word,B,B,True,-2.607471466064453,-0.8574714660644531,-2.857471466064453,-2.482471466064453
2026-05-20T19:36:32.525756+00:00,mlx-community/Qwen3-1.7B-4bit,54,hrm,0.6470588235294118,11,17,5.569942042002367,1,1,0.2,0.05,0.08,0.01,0.01,1.0,1.0,1.0,10,reverse_discount,C,B,False,-3.31298828125,-0.43798828125,-3.31298828125,-2.31298828125
2026-05-20T19:36:32.525756+00:00,mlx-community/Qwen3-1.7B-4bit,54,hrm,0.6470588235294118,11,17,5.569942042002367,1,1,0.2,0.05,0.08,0.01,0.01,1.0,1.0,1.0,10,multiples,B,C,False,-4.736783981323242,-3.986783981323242,-0.9867839813232422,-1.1117839813232422
2026-05-20T19:36:32.525756+00:00,mlx-community/Qwen3-1.7B-4bit,54,hrm,0.6470588235294118,11,17,5.569942042002367,1,1,0.2,0.05,0.08,0.01,0.01,1.0,1.0,1.0,10,rectangle,B,B,True,-3.742870330810547,-0.11787033081054688,-5.242870330810547,-5.617870330810547
2026-05-20T19:36:32.525756+00:00,mlx-community/Qwen3-1.7B-4bit,54,hrm,0.6470588235294118,11,17,5.569942042002367,1,1,0.2,0.05,0.08,0.01,0.01,1.0,1.0,1.0,10,average,C,C,True,-3.363372802734375,-5.113372802734375,-0.238372802734375,-5.113372802734375
2026-05-20T19:36:32.525756+00:00,mlx-community/Qwen3-1.7B-4bit,54,hrm,0.6470588235294118,11,17,5.569942042002367,1,1,0.2,0.05,0.08,0.01,0.01,1.0,1.0,1.0,10,combinations,B,B,True,-6.585073471069336,-0.08507347106933594,-6.085073471069336,-8.210073471069336
2026-05-20T19:36:32.525756+00:00,mlx-community/Qwen3-1.7B-4bit,54,hrm,0.6470588235294118,11,17,5.569942042002367,1,1,0.2,0.05,0.08,0.01,0.01,1.0,1.0,1.0,10,coins,C,C,True,-6.554969787597656,-8.992469787597656,-0.05496978759765625,-9.242469787597656
2026-05-20T19:36:32.525756+00:00,mlx-community/Qwen3-1.7B-4bit,54,hrm,0.6470588235294118,11,17,5.569942042002367,1,1,0.2,0.05,0.08,0.01,0.01,1.0,1.0,1.0,10,modular_small,B,B,True,-2.0247974395751953,-1.6497974395751953,-2.0247974395751953,-1.8997974395751953
2026-05-20T19:36:32.525756+00:00,mlx-community/Qwen3-1.7B-4bit,54,hrm,0.6470588235294118,11,17,5.569942042002367,1,1,0.2,0.05,0.08,0.01,0.01,1.0,1.0,1.0,10,syllogism,A,D,False,-4.3276824951171875,-3.2026824951171875,-2.7026824951171875,-0.4526824951171875
2026-05-20T19:36:38.145460+00:00,mlx-community/Qwen3-1.7B-4bit,55,hrm,0.6470588235294118,11,17,5.619275874996674,1,1,0.24,0.01,0.02,0.0,0.0,1.0,1.0,1.0,10,algebra,B,B,True,-4.447183609008789,-0.07218360900878906,-5.822183609008789,-4.572183609008789
2026-05-20T19:36:38.145460+00:00,mlx-community/Qwen3-1.7B-4bit,55,hrm,0.6470588235294118,11,17,5.619275874996674,1,1,0.24,0.01,0.02,0.0,0.0,1.0,1.0,1.0,10,markup,C,D,False,-1.983144760131836,-1.983144760131836,-5.108144760131836,-0.9831447601318359
2026-05-20T19:36:38.145460+00:00,mlx-community/Qwen3-1.7B-4bit,55,hrm,0.6470588235294118,11,17,5.619275874996674,1,1,0.24,0.01,0.02,0.0,0.0,1.0,1.0,1.0,10,boxes,C,C,True,-7.796470642089844,-6.671470642089844,-0.04647064208984375,-6.171470642089844
2026-05-20T19:36:38.145460+00:00,mlx-community/Qwen3-1.7B-4bit,55,hrm,0.6470588235294118,11,17,5.619275874996674,1,1,0.24,0.01,0.02,0.0,0.0,1.0,1.0,1.0,10,inclusion,B,B,True,-3.1498241424560547,-1.2748241424560547,-2.6498241424560547,-4.149824142456055
2026-05-20T19:36:38.145460+00:00,mlx-community/Qwen3-1.7B-4bit,55,hrm,0.6470588235294118,11,17,5.619275874996674,1,1,0.24,0.01,0.02,0.0,0.0,1.0,1.0,1.0,10,modular,B,B,True,-3.7257118225097656,-0.6007118225097656,-3.6007118225097656,-2.6007118225097656
2026-05-20T19:36:38.145460+00:00,mlx-community/Qwen3-1.7B-4bit,55,hrm,0.6470588235294118,11,17,5.619275874996674,1,1,0.24,0.01,0.02,0.0,0.0,1.0,1.0,1.0,10,work_rate,A,A,True,-0.32295799255371094,-2.572957992553711,-5.572957992553711,-5.697957992553711
2026-05-20T19:36:38.145460+00:00,mlx-community/Qwen3-1.7B-4bit,55,hrm,0.6470588235294118,11,17,5.619275874996674,1,1,0.24,0.01,0.02,0.0,0.0,1.0,1.0,1.0,10,probability,B,A,False,-1.1258163452148438,-2.0008163452148438,-3.1258163452148438,-2.8758163452148438
2026-05-20T19:36:38.145460+00:00,mlx-community/Qwen3-1.7B-4bit,55,hrm,0.6470588235294118,11,17,5.619275874996674,1,1,0.24,0.01,0.02,0.0,0.0,1.0,1.0,1.0,10,sequence,C,B,False,-4.102197647094727,-0.6021976470947266,-2.8521976470947266,-2.3521976470947266
2026-05-20T19:36:38.145460+00:00,mlx-community/Qwen3-1.7B-4bit,55,hrm,0.6470588235294118,11,17,5.619275874996674,1,1,0.24,0.01,0.02,0.0,0.0,1.0,1.0,1.0,10,linear_word,B,B,True,-2.652677536010742,-0.7776775360107422,-2.652677536010742,-2.527677536010742
2026-05-20T19:36:38.145460+00:00,mlx-community/Qwen3-1.7B-4bit,55,hrm,0.6470588235294118,11,17,5.619275874996674,1,1,0.24,0.01,0.02,0.0,0.0,1.0,1.0,1.0,10,reverse_discount,C,B,False,-3.430521011352539,-0.5555210113525391,-2.930521011352539,-2.180521011352539
2026-05-20T19:36:38.145460+00:00,mlx-community/Qwen3-1.7B-4bit,55,hrm,0.6470588235294118,11,17,5.619275874996674,1,1,0.24,0.01,0.02,0.0,0.0,1.0,1.0,1.0,10,multiples,B,C,False,-4.683805465698242,-3.683805465698242,-0.9338054656982422,-1.1838054656982422
2026-05-20T19:36:38.145460+00:00,mlx-community/Qwen3-1.7B-4bit,55,hrm,0.6470588235294118,11,17,5.619275874996674,1,1,0.24,0.01,0.02,0.0,0.0,1.0,1.0,1.0,10,rectangle,B,B,True,-3.875394821166992,-0.1253948211669922,-5.125394821166992,-5.625394821166992
2026-05-20T19:36:38.145460+00:00,mlx-community/Qwen3-1.7B-4bit,55,hrm,0.6470588235294118,11,17,5.619275874996674,1,1,0.24,0.01,0.02,0.0,0.0,1.0,1.0,1.0,10,average,C,C,True,-3.41558837890625,-4.91558837890625,-0.29058837890625,-5.04058837890625
2026-05-20T19:36:38.145460+00:00,mlx-community/Qwen3-1.7B-4bit,55,hrm,0.6470588235294118,11,17,5.619275874996674,1,1,0.24,0.01,0.02,0.0,0.0,1.0,1.0,1.0,10,combinations,B,B,True,-6.000936508178711,-0.12593650817871094,-5.500936508178711,-7.750936508178711
2026-05-20T19:36:38.145460+00:00,mlx-community/Qwen3-1.7B-4bit,55,hrm,0.6470588235294118,11,17,5.619275874996674,1,1,0.24,0.01,0.02,0.0,0.0,1.0,1.0,1.0,10,coins,C,C,True,-6.317045211791992,-8.442045211791992,-0.06704521179199219,-8.879545211791992
2026-05-20T19:36:38.145460+00:00,mlx-community/Qwen3-1.7B-4bit,55,hrm,0.6470588235294118,11,17,5.619275874996674,1,1,0.24,0.01,0.02,0.0,0.0,1.0,1.0,1.0,10,modular_small,B,B,True,-2.276002883911133,-1.5260028839111328,-2.026002883911133,-1.9010028839111328
2026-05-20T19:36:38.145460+00:00,mlx-community/Qwen3-1.7B-4bit,55,hrm,0.6470588235294118,11,17,5.619275874996674,1,1,0.24,0.01,0.02,0.0,0.0,1.0,1.0,1.0,10,syllogism,A,D,False,-4.482828140258789,-2.982828140258789,-2.482828140258789,-0.48282814025878906
2026-05-20T19:36:43.758036+00:00,mlx-community/Qwen3-1.7B-4bit,56,hrm,0.6470588235294118,11,17,5.611761957999988,1,1,0.24,0.01,0.02,0.01,0.01,1.0,1.0,1.0,10,algebra,B,B,True,-4.447170257568359,-0.07217025756835938,-5.822170257568359,-4.572170257568359
2026-05-20T19:36:43.758036+00:00,mlx-community/Qwen3-1.7B-4bit,56,hrm,0.6470588235294118,11,17,5.611761957999988,1,1,0.24,0.01,0.02,0.01,0.01,1.0,1.0,1.0,10,markup,C,D,False,-1.9731521606445312,-1.9731521606445312,-5.098152160644531,-0.9731521606445312
2026-05-20T19:36:43.758036+00:00,mlx-community/Qwen3-1.7B-4bit,56,hrm,0.6470588235294118,11,17,5.611761957999988,1,1,0.24,0.01,0.02,0.01,0.01,1.0,1.0,1.0,10,boxes,C,C,True,-7.796960830688477,-6.671960830688477,-0.04696083068847656,-6.171960830688477
2026-05-20T19:36:43.758036+00:00,mlx-community/Qwen3-1.7B-4bit,56,hrm,0.6470588235294118,11,17,5.611761957999988,1,1,0.24,0.01,0.02,0.01,0.01,1.0,1.0,1.0,10,inclusion,B,B,True,-3.149080276489258,-1.2740802764892578,-2.649080276489258,-4.149080276489258
2026-05-20T19:36:43.758036+00:00,mlx-community/Qwen3-1.7B-4bit,56,hrm,0.6470588235294118,11,17,5.611761957999988,1,1,0.24,0.01,0.02,0.01,0.01,1.0,1.0,1.0,10,modular,B,B,True,-3.788816452026367,-0.5388164520263672,-3.663816452026367,-2.788816452026367
2026-05-20T19:36:43.758036+00:00,mlx-community/Qwen3-1.7B-4bit,56,hrm,0.6470588235294118,11,17,5.611761957999988,1,1,0.24,0.01,0.02,0.01,0.01,1.0,1.0,1.0,10,work_rate,A,A,True,-0.3240547180175781,-2.574054718017578,-5.574054718017578,-5.574054718017578
2026-05-20T19:36:43.758036+00:00,mlx-community/Qwen3-1.7B-4bit,56,hrm,0.6470588235294118,11,17,5.611761957999988,1,1,0.24,0.01,0.02,0.01,0.01,1.0,1.0,1.0,10,probability,B,A,False,-1.1263351440429688,-2.0013351440429688,-3.1263351440429688,-2.8763351440429688
2026-05-20T19:36:43.758036+00:00,mlx-community/Qwen3-1.7B-4bit,56,hrm,0.6470588235294118,11,17,5.611761957999988,1,1,0.24,0.01,0.02,0.01,0.01,1.0,1.0,1.0,10,sequence,C,B,False,-4.018758773803711,-0.6437587738037109,-2.893758773803711,-2.268758773803711
2026-05-20T19:36:43.758036+00:00,mlx-community/Qwen3-1.7B-4bit,56,hrm,0.6470588235294118,11,17,5.611761957999988,1,1,0.24,0.01,0.02,0.01,0.01,1.0,1.0,1.0,10,linear_word,B,B,True,-2.5478153228759766,-0.7978153228759766,-2.6728153228759766,-2.4228153228759766
2026-05-20T19:36:43.758036+00:00,mlx-community/Qwen3-1.7B-4bit,56,hrm,0.6470588235294118,11,17,5.611761957999988,1,1,0.24,0.01,0.02,0.01,0.01,1.0,1.0,1.0,10,reverse_discount,C,B,False,-3.310525894165039,-0.5605258941650391,-2.935525894165039,-2.185525894165039
2026-05-20T19:36:43.758036+00:00,mlx-community/Qwen3-1.7B-4bit,56,hrm,0.6470588235294118,11,17,5.611761957999988,1,1,0.24,0.01,0.02,0.01,0.01,1.0,1.0,1.0,10,multiples,B,C,False,-4.683565139770508,-3.683565139770508,-0.9335651397705078,-1.1835651397705078
2026-05-20T19:36:43.758036+00:00,mlx-community/Qwen3-1.7B-4bit,56,hrm,0.6470588235294118,11,17,5.611761957999988,1,1,0.24,0.01,0.02,0.01,0.01,1.0,1.0,1.0,10,rectangle,B,B,True,-3.8749332427978516,-0.12493324279785156,-5.124933242797852,-5.624933242797852
2026-05-20T19:36:43.758036+00:00,mlx-community/Qwen3-1.7B-4bit,56,hrm,0.6470588235294118,11,17,5.611761957999988,1,1,0.24,0.01,0.02,0.01,0.01,1.0,1.0,1.0,10,average,C,C,True,-3.4112701416015625,-4.9112701416015625,-0.2862701416015625,-5.0362701416015625
2026-05-20T19:36:43.758036+00:00,mlx-community/Qwen3-1.7B-4bit,56,hrm,0.6470588235294118,11,17,5.611761957999988,1,1,0.24,0.01,0.02,0.01,0.01,1.0,1.0,1.0,10,combinations,B,B,True,-6.000616073608398,-0.12561607360839844,-5.500616073608398,-7.750616073608398
2026-05-20T19:36:43.758036+00:00,mlx-community/Qwen3-1.7B-4bit,56,hrm,0.6470588235294118,11,17,5.611761957999988,1,1,0.24,0.01,0.02,0.01,0.01,1.0,1.0,1.0,10,coins,C,C,True,-6.317913055419922,-8.442913055419922,-0.06791305541992188,-8.942913055419922
2026-05-20T19:36:43.758036+00:00,mlx-community/Qwen3-1.7B-4bit,56,hrm,0.6470588235294118,11,17,5.611761957999988,1,1,0.24,0.01,0.02,0.01,0.01,1.0,1.0,1.0,10,modular_small,B,B,True,-2.2708683013916016,-1.5208683013916016,-2.0208683013916016,-1.8958683013916016
2026-05-20T19:36:43.758036+00:00,mlx-community/Qwen3-1.7B-4bit,56,hrm,0.6470588235294118,11,17,5.611761957999988,1,1,0.24,0.01,0.02,0.01,0.01,1.0,1.0,1.0,10,syllogism,A,D,False,-4.471954345703125,-3.096954345703125,-2.471954345703125,-0.471954345703125
2026-05-20T19:36:49.260082+00:00,mlx-community/Qwen3-1.7B-4bit,57,hrm,0.6470588235294118,11,17,5.501682291000179,1,1,0.24,0.01,0.05,0.0,0.0,1.0,1.0,1.0,10,algebra,B,B,True,-4.4457244873046875,-0.0707244873046875,-5.8207244873046875,-4.5707244873046875
2026-05-20T19:36:49.260082+00:00,mlx-community/Qwen3-1.7B-4bit,57,hrm,0.6470588235294118,11,17,5.501682291000179,1,1,0.24,0.01,0.05,0.0,0.0,1.0,1.0,1.0,10,markup,C,D,False,-1.9650020599365234,-1.9650020599365234,-5.090002059936523,-0.9650020599365234
2026-05-20T19:36:49.260082+00:00,mlx-community/Qwen3-1.7B-4bit,57,hrm,0.6470588235294118,11,17,5.501682291000179,1,1,0.24,0.01,0.05,0.0,0.0,1.0,1.0,1.0,10,boxes,C,C,True,-7.796913146972656,-6.671913146972656,-0.04691314697265625,-6.171913146972656
2026-05-20T19:36:49.260082+00:00,mlx-community/Qwen3-1.7B-4bit,57,hrm,0.6470588235294118,11,17,5.501682291000179,1,1,0.24,0.01,0.05,0.0,0.0,1.0,1.0,1.0,10,inclusion,B,B,True,-3.146556854248047,-1.2715568542480469,-2.646556854248047,-4.146556854248047
2026-05-20T19:36:49.260082+00:00,mlx-community/Qwen3-1.7B-4bit,57,hrm,0.6470588235294118,11,17,5.501682291000179,1,1,0.24,0.01,0.05,0.0,0.0,1.0,1.0,1.0,10,modular,B,B,True,-3.7863941192626953,-0.5363941192626953,-3.6613941192626953,-2.7863941192626953
2026-05-20T19:36:49.260082+00:00,mlx-community/Qwen3-1.7B-4bit,57,hrm,0.6470588235294118,11,17,5.501682291000179,1,1,0.24,0.01,0.05,0.0,0.0,1.0,1.0,1.0,10,work_rate,A,A,True,-0.32883453369140625,-2.5788345336914062,-5.578834533691406,-5.703834533691406
2026-05-20T19:36:49.260082+00:00,mlx-community/Qwen3-1.7B-4bit,57,hrm,0.6470588235294118,11,17,5.501682291000179,1,1,0.24,0.01,0.05,0.0,0.0,1.0,1.0,1.0,10,probability,B,A,False,-1.0938301086425781,-1.9688301086425781,-3.093830108642578,-2.843830108642578
2026-05-20T19:36:49.260082+00:00,mlx-community/Qwen3-1.7B-4bit,57,hrm,0.6470588235294118,11,17,5.501682291000179,1,1,0.24,0.01,0.05,0.0,0.0,1.0,1.0,1.0,10,sequence,C,B,False,-4.075687408447266,-0.5756874084472656,-2.9506874084472656,-2.4506874084472656
2026-05-20T19:36:49.260082+00:00,mlx-community/Qwen3-1.7B-4bit,57,hrm,0.6470588235294118,11,17,5.501682291000179,1,1,0.24,0.01,0.05,0.0,0.0,1.0,1.0,1.0,10,linear_word,B,B,True,-2.5876808166503906,-0.8376808166503906,-2.7126808166503906,-2.4626808166503906
2026-05-20T19:36:49.260082+00:00,mlx-community/Qwen3-1.7B-4bit,57,hrm,0.6470588235294118,11,17,5.501682291000179,1,1,0.24,0.01,0.05,0.0,0.0,1.0,1.0,1.0,10,reverse_discount,C,B,False,-3.4140796661376953,-0.5390796661376953,-2.9140796661376953,-2.2890796661376953
2026-05-20T19:36:49.260082+00:00,mlx-community/Qwen3-1.7B-4bit,57,hrm,0.6470588235294118,11,17,5.501682291000179,1,1,0.24,0.01,0.05,0.0,0.0,1.0,1.0,1.0,10,multiples,B,C,False,-4.646736145019531,-3.6467361450195312,-0.8967361450195312,-1.2717361450195312
2026-05-20T19:36:49.260082+00:00,mlx-community/Qwen3-1.7B-4bit,57,hrm,0.6470588235294118,11,17,5.501682291000179,1,1,0.24,0.01,0.05,0.0,0.0,1.0,1.0,1.0,10,rectangle,B,B,True,-3.8749942779541016,-0.12499427795410156,-5.124994277954102,-5.624994277954102
2026-05-20T19:36:49.260082+00:00,mlx-community/Qwen3-1.7B-4bit,57,hrm,0.6470588235294118,11,17,5.501682291000179,1,1,0.24,0.01,0.05,0.0,0.0,1.0,1.0,1.0,10,average,C,C,True,-3.41876220703125,-4.79376220703125,-0.29376220703125,-5.04376220703125
2026-05-20T19:36:49.260082+00:00,mlx-community/Qwen3-1.7B-4bit,57,hrm,0.6470588235294118,11,17,5.501682291000179,1,1,0.24,0.01,0.05,0.0,0.0,1.0,1.0,1.0,10,combinations,B,B,True,-6.001852035522461,-0.12685203552246094,-5.501852035522461,-7.751852035522461
2026-05-20T19:36:49.260082+00:00,mlx-community/Qwen3-1.7B-4bit,57,hrm,0.6470588235294118,11,17,5.501682291000179,1,1,0.24,0.01,0.05,0.0,0.0,1.0,1.0,1.0,10,coins,C,C,True,-6.195884704589844,-8.383384704589844,-0.07088470458984375,-8.883384704589844
2026-05-20T19:36:49.260082+00:00,mlx-community/Qwen3-1.7B-4bit,57,hrm,0.6470588235294118,11,17,5.501682291000179,1,1,0.24,0.01,0.05,0.0,0.0,1.0,1.0,1.0,10,modular_small,B,B,True,-2.253559112548828,-1.5035591125488281,-2.003559112548828,-2.003559112548828
2026-05-20T19:36:49.260082+00:00,mlx-community/Qwen3-1.7B-4bit,57,hrm,0.6470588235294118,11,17,5.501682291000179,1,1,0.24,0.01,0.05,0.0,0.0,1.0,1.0,1.0,10,syllogism,A,D,False,-4.470455169677734,-3.0954551696777344,-2.4704551696777344,-0.4704551696777344
2026-05-20T19:36:54.749026+00:00,mlx-community/Qwen3-1.7B-4bit,58,hrm,0.6470588235294118,11,17,5.488123500002985,1,1,0.24,0.01,0.05,0.01,0.01,1.0,1.0,1.0,10,algebra,B,B,True,-4.445640563964844,-0.07064056396484375,-5.820640563964844,-4.570640563964844
2026-05-20T19:36:54.749026+00:00,mlx-community/Qwen3-1.7B-4bit,58,hrm,0.6470588235294118,11,17,5.488123500002985,1,1,0.24,0.01,0.05,0.01,0.01,1.0,1.0,1.0,10,markup,C,D,False,-1.9197063446044922,-1.9197063446044922,-5.044706344604492,-1.0447063446044922
2026-05-20T19:36:54.749026+00:00,mlx-community/Qwen3-1.7B-4bit,58,hrm,0.6470588235294118,11,17,5.488123500002985,1,1,0.24,0.01,0.05,0.01,0.01,1.0,1.0,1.0,10,boxes,C,C,True,-7.734477996826172,-6.671977996826172,-0.046977996826171875,-6.171977996826172
2026-05-20T19:36:54.749026+00:00,mlx-community/Qwen3-1.7B-4bit,58,hrm,0.6470588235294118,11,17,5.488123500002985,1,1,0.24,0.01,0.05,0.01,0.01,1.0,1.0,1.0,10,inclusion,B,B,True,-3.148214340209961,-1.273214340209961,-2.648214340209961,-4.148214340209961
2026-05-20T19:36:54.749026+00:00,mlx-community/Qwen3-1.7B-4bit,58,hrm,0.6470588235294118,11,17,5.488123500002985,1,1,0.24,0.01,0.05,0.01,0.01,1.0,1.0,1.0,10,modular,B,B,True,-3.7883453369140625,-0.5383453369140625,-3.6633453369140625,-2.7883453369140625
2026-05-20T19:36:54.749026+00:00,mlx-community/Qwen3-1.7B-4bit,58,hrm,0.6470588235294118,11,17,5.488123500002985,1,1,0.24,0.01,0.05,0.01,0.01,1.0,1.0,1.0,10,work_rate,A,A,True,-0.3583812713623047,-2.4833812713623047,-5.483381271362305,-5.608381271362305
2026-05-20T19:36:54.749026+00:00,mlx-community/Qwen3-1.7B-4bit,58,hrm,0.6470588235294118,11,17,5.488123500002985,1,1,0.24,0.01,0.05,0.01,0.01,1.0,1.0,1.0,10,probability,B,A,False,-1.0771045684814453,-2.0771045684814453,-3.0771045684814453,-2.8271045684814453
2026-05-20T19:36:54.749026+00:00,mlx-community/Qwen3-1.7B-4bit,58,hrm,0.6470588235294118,11,17,5.488123500002985,1,1,0.24,0.01,0.05,0.01,0.01,1.0,1.0,1.0,10,sequence,C,B,False,-4.081438064575195,-0.5814380645751953,-2.8314380645751953,-2.4564380645751953
2026-05-20T19:36:54.749026+00:00,mlx-community/Qwen3-1.7B-4bit,58,hrm,0.6470588235294118,11,17,5.488123500002985,1,1,0.24,0.01,0.05,0.01,0.01,1.0,1.0,1.0,10,linear_word,B,B,True,-2.568391799926758,-0.8183917999267578,-2.693391799926758,-2.443391799926758
2026-05-20T19:36:54.749026+00:00,mlx-community/Qwen3-1.7B-4bit,58,hrm,0.6470588235294118,11,17,5.488123500002985,1,1,0.24,0.01,0.05,0.01,0.01,1.0,1.0,1.0,10,reverse_discount,C,B,False,-3.4306087493896484,-0.5556087493896484,-2.9306087493896484,-2.1806087493896484
2026-05-20T19:36:54.749026+00:00,mlx-community/Qwen3-1.7B-4bit,58,hrm,0.6470588235294118,11,17,5.488123500002985,1,1,0.24,0.01,0.05,0.01,0.01,1.0,1.0,1.0,10,multiples,B,C,False,-4.646656036376953,-3.646656036376953,-0.8966560363769531,-1.2716560363769531
2026-05-20T19:36:54.749026+00:00,mlx-community/Qwen3-1.7B-4bit,58,hrm,0.6470588235294118,11,17,5.488123500002985,1,1,0.24,0.01,0.05,0.01,0.01,1.0,1.0,1.0,10,rectangle,B,B,True,-3.876253128051758,-0.1262531280517578,-5.001253128051758,-5.626253128051758
2026-05-20T19:36:54.749026+00:00,mlx-community/Qwen3-1.7B-4bit,58,hrm,0.6470588235294118,11,17,5.488123500002985,1,1,0.24,0.01,0.05,0.01,0.01,1.0,1.0,1.0,10,average,C,C,True,-3.4185924530029297,-4.79359245300293,-0.2935924530029297,-5.04359245300293
2026-05-20T19:36:54.749026+00:00,mlx-community/Qwen3-1.7B-4bit,58,hrm,0.6470588235294118,11,17,5.488123500002985,1,1,0.24,0.01,0.05,0.01,0.01,1.0,1.0,1.0,10,combinations,B,B,True,-6.000802993774414,-0.12580299377441406,-5.500802993774414,-7.813302993774414
2026-05-20T19:36:54.749026+00:00,mlx-community/Qwen3-1.7B-4bit,58,hrm,0.6470588235294118,11,17,5.488123500002985,1,1,0.24,0.01,0.05,0.01,0.01,1.0,1.0,1.0,10,coins,C,C,True,-6.320512771606445,-8.445512771606445,-0.07051277160644531,-8.883012771606445
2026-05-20T19:36:54.749026+00:00,mlx-community/Qwen3-1.7B-4bit,58,hrm,0.6470588235294118,11,17,5.488123500002985,1,1,0.24,0.01,0.05,0.01,0.01,1.0,1.0,1.0,10,modular_small,B,B,True,-2.274261474609375,-1.524261474609375,-2.024261474609375,-1.899261474609375
2026-05-20T19:36:54.749026+00:00,mlx-community/Qwen3-1.7B-4bit,58,hrm,0.6470588235294118,11,17,5.488123500002985,1,1,0.24,0.01,0.05,0.01,0.01,1.0,1.0,1.0,10,syllogism,A,D,False,-4.497400283813477,-2.9974002838134766,-2.4974002838134766,-0.49740028381347656
2026-05-20T19:37:00.422472+00:00,mlx-community/Qwen3-1.7B-4bit,59,hrm,0.6470588235294118,11,17,5.673213583999313,1,1,0.24,0.01,0.08,0.0,0.0,1.0,1.0,1.0,10,algebra,B,B,True,-4.445766448974609,-0.07076644897460938,-5.820766448974609,-4.570766448974609
2026-05-20T19:37:00.422472+00:00,mlx-community/Qwen3-1.7B-4bit,59,hrm,0.6470588235294118,11,17,5.673213583999313,1,1,0.24,0.01,0.08,0.0,0.0,1.0,1.0,1.0,10,markup,C,D,False,-1.9187870025634766,-1.9187870025634766,-5.043787002563477,-1.0437870025634766
2026-05-20T19:37:00.422472+00:00,mlx-community/Qwen3-1.7B-4bit,59,hrm,0.6470588235294118,11,17,5.673213583999313,1,1,0.24,0.01,0.08,0.0,0.0,1.0,1.0,1.0,10,boxes,C,C,True,-7.855207443237305,-6.792707443237305,-0.04270744323730469,-6.292707443237305
2026-05-20T19:37:00.422472+00:00,mlx-community/Qwen3-1.7B-4bit,59,hrm,0.6470588235294118,11,17,5.673213583999313,1,1,0.24,0.01,0.08,0.0,0.0,1.0,1.0,1.0,10,inclusion,B,B,True,-3.1563663482666016,-1.2813663482666016,-2.6563663482666016,-4.156366348266602
2026-05-20T19:37:00.422472+00:00,mlx-community/Qwen3-1.7B-4bit,59,hrm,0.6470588235294118,11,17,5.673213583999313,1,1,0.24,0.01,0.08,0.0,0.0,1.0,1.0,1.0,10,modular,B,B,True,-3.71636962890625,-0.59136962890625,-3.59136962890625,-2.71636962890625
2026-05-20T19:37:00.422472+00:00,mlx-community/Qwen3-1.7B-4bit,59,hrm,0.6470588235294118,11,17,5.673213583999313,1,1,0.24,0.01,0.08,0.0,0.0,1.0,1.0,1.0,10,work_rate,A,A,True,-0.3404407501220703,-2.5904407501220703,-5.46544075012207,-5.59044075012207
2026-05-20T19:37:00.422472+00:00,mlx-community/Qwen3-1.7B-4bit,59,hrm,0.6470588235294118,11,17,5.673213583999313,1,1,0.24,0.01,0.08,0.0,0.0,1.0,1.0,1.0,10,probability,B,A,False,-1.0842647552490234,-2.0842647552490234,-3.0842647552490234,-2.7092647552490234
2026-05-20T19:37:00.422472+00:00,mlx-community/Qwen3-1.7B-4bit,59,hrm,0.6470588235294118,11,17,5.673213583999313,1,1,0.24,0.01,0.08,0.0,0.0,1.0,1.0,1.0,10,sequence,C,B,False,-4.075809478759766,-0.5758094787597656,-2.9508094787597656,-2.4508094787597656
2026-05-20T19:37:00.422472+00:00,mlx-community/Qwen3-1.7B-4bit,59,hrm,0.6470588235294118,11,17,5.673213583999313,1,1,0.24,0.01,0.08,0.0,0.0,1.0,1.0,1.0,10,linear_word,B,B,True,-2.5521907806396484,-0.8021907806396484,-2.6771907806396484,-2.5521907806396484
2026-05-20T19:37:00.422472+00:00,mlx-community/Qwen3-1.7B-4bit,59,hrm,0.6470588235294118,11,17,5.673213583999313,1,1,0.24,0.01,0.08,0.0,0.0,1.0,1.0,1.0,10,reverse_discount,C,B,False,-3.4104156494140625,-0.5354156494140625,-3.0354156494140625,-2.2854156494140625
2026-05-20T19:37:00.422472+00:00,mlx-community/Qwen3-1.7B-4bit,59,hrm,0.6470588235294118,11,17,5.673213583999313,1,1,0.24,0.01,0.08,0.0,0.0,1.0,1.0,1.0,10,multiples,B,C,False,-4.698556900024414,-3.573556900024414,-0.9485569000244141,-1.198556900024414
2026-05-20T19:37:00.422472+00:00,mlx-community/Qwen3-1.7B-4bit,59,hrm,0.6470588235294118,11,17,5.673213583999313,1,1,0.24,0.01,0.08,0.0,0.0,1.0,1.0,1.0,10,rectangle,B,B,True,-3.8747177124023438,-0.12471771240234375,-5.124717712402344,-5.624717712402344
2026-05-20T19:37:00.422472+00:00,mlx-community/Qwen3-1.7B-4bit,59,hrm,0.6470588235294118,11,17,5.673213583999313,1,1,0.24,0.01,0.08,0.0,0.0,1.0,1.0,1.0,10,average,C,C,True,-3.4107627868652344,-4.910762786865234,-0.2857627868652344,-5.035762786865234
2026-05-20T19:37:00.422472+00:00,mlx-community/Qwen3-1.7B-4bit,59,hrm,0.6470588235294118,11,17,5.673213583999313,1,1,0.24,0.01,0.08,0.0,0.0,1.0,1.0,1.0,10,combinations,B,B,True,-6.109426498413086,-0.10942649841308594,-5.609426498413086,-7.859426498413086
2026-05-20T19:37:00.422472+00:00,mlx-community/Qwen3-1.7B-4bit,59,hrm,0.6470588235294118,11,17,5.673213583999313,1,1,0.24,0.01,0.08,0.0,0.0,1.0,1.0,1.0,10,coins,C,C,True,-6.079402923583984,-8.204402923583984,-0.07940292358398438,-8.766902923583984
2026-05-20T19:37:00.422472+00:00,mlx-community/Qwen3-1.7B-4bit,59,hrm,0.6470588235294118,11,17,5.673213583999313,1,1,0.24,0.01,0.08,0.0,0.0,1.0,1.0,1.0,10,modular_small,B,B,True,-2.2363643646240234,-1.4863643646240234,-2.1113643646240234,-1.9863643646240234
2026-05-20T19:37:00.422472+00:00,mlx-community/Qwen3-1.7B-4bit,59,hrm,0.6470588235294118,11,17,5.673213583999313,1,1,0.24,0.01,0.08,0.0,0.0,1.0,1.0,1.0,10,syllogism,A,D,False,-4.3834686279296875,-3.0084686279296875,-2.5084686279296875,-0.5084686279296875
2026-05-20T19:37:05.982331+00:00,mlx-community/Qwen3-1.7B-4bit,60,hrm,0.6470588235294118,11,17,5.559646500001691,1,1,0.24,0.01,0.08,0.01,0.01,1.0,1.0,1.0,10,algebra,B,B,True,-4.445638656616211,-0.07063865661621094,-5.820638656616211,-4.570638656616211
2026-05-20T19:37:05.982331+00:00,mlx-community/Qwen3-1.7B-4bit,60,hrm,0.6470588235294118,11,17,5.559646500001691,1,1,0.24,0.01,0.08,0.01,0.01,1.0,1.0,1.0,10,markup,C,D,False,-1.8993053436279297,-2.0243053436279297,-5.02430534362793,-1.0243053436279297
2026-05-20T19:37:05.982331+00:00,mlx-community/Qwen3-1.7B-4bit,60,hrm,0.6470588235294118,11,17,5.559646500001691,1,1,0.24,0.01,0.08,0.01,0.01,1.0,1.0,1.0,10,boxes,C,C,True,-7.917608261108398,-6.792608261108398,-0.04260826110839844,-6.292608261108398
2026-05-20T19:37:05.982331+00:00,mlx-community/Qwen3-1.7B-4bit,60,hrm,0.6470588235294118,11,17,5.559646500001691,1,1,0.24,0.01,0.08,0.01,0.01,1.0,1.0,1.0,10,inclusion,B,B,True,-3.149547576904297,-1.2745475769042969,-2.649547576904297,-4.149547576904297
2026-05-20T19:37:05.982331+00:00,mlx-community/Qwen3-1.7B-4bit,60,hrm,0.6470588235294118,11,17,5.559646500001691,1,1,0.24,0.01,0.08,0.01,0.01,1.0,1.0,1.0,10,modular,B,B,True,-3.7150001525878906,-0.5900001525878906,-3.5900001525878906,-2.7150001525878906
2026-05-20T19:37:05.982331+00:00,mlx-community/Qwen3-1.7B-4bit,60,hrm,0.6470588235294118,11,17,5.559646500001691,1,1,0.24,0.01,0.08,0.01,0.01,1.0,1.0,1.0,10,work_rate,A,A,True,-0.3580665588378906,-2.4830665588378906,-5.483066558837891,-5.608066558837891
2026-05-20T19:37:05.982331+00:00,mlx-community/Qwen3-1.7B-4bit,60,hrm,0.6470588235294118,11,17,5.559646500001691,1,1,0.24,0.01,0.08,0.01,0.01,1.0,1.0,1.0,10,probability,B,A,False,-1.1192302703857422,-1.9942302703857422,-3.244230270385742,-2.869230270385742
2026-05-20T19:37:05.982331+00:00,mlx-community/Qwen3-1.7B-4bit,60,hrm,0.6470588235294118,11,17,5.559646500001691,1,1,0.24,0.01,0.08,0.01,0.01,1.0,1.0,1.0,10,sequence,C,B,False,-4.006071090698242,-0.6310710906982422,-2.881071090698242,-2.381071090698242
2026-05-20T19:37:05.982331+00:00,mlx-community/Qwen3-1.7B-4bit,60,hrm,0.6470588235294118,11,17,5.559646500001691,1,1,0.24,0.01,0.08,0.01,0.01,1.0,1.0,1.0,10,linear_word,B,B,True,-2.6582870483398438,-0.7832870483398438,-2.6582870483398438,-2.5332870483398438
2026-05-20T19:37:05.982331+00:00,mlx-community/Qwen3-1.7B-4bit,60,hrm,0.6470588235294118,11,17,5.559646500001691,1,1,0.24,0.01,0.08,0.01,0.01,1.0,1.0,1.0,10,reverse_discount,C,B,False,-3.2960472106933594,-0.5460472106933594,-2.9210472106933594,-2.2960472106933594
2026-05-20T19:37:05.982331+00:00,mlx-community/Qwen3-1.7B-4bit,60,hrm,0.6470588235294118,11,17,5.559646500001691,1,1,0.24,0.01,0.08,0.01,0.01,1.0,1.0,1.0,10,multiples,B,C,False,-4.703289031982422,-3.578289031982422,-0.9532890319824219,-1.2032890319824219
2026-05-20T19:37:05.982331+00:00,mlx-community/Qwen3-1.7B-4bit,60,hrm,0.6470588235294118,11,17,5.559646500001691,1,1,0.24,0.01,0.08,0.01,0.01,1.0,1.0,1.0,10,rectangle,B,B,True,-3.8746204376220703,-0.12462043762207031,-5.12462043762207,-5.62462043762207
2026-05-20T19:37:05.982331+00:00,mlx-community/Qwen3-1.7B-4bit,60,hrm,0.6470588235294118,11,17,5.559646500001691,1,1,0.24,0.01,0.08,0.01,0.01,1.0,1.0,1.0,10,average,C,C,True,-3.4191226959228516,-4.794122695922852,-0.29412269592285156,-5.044122695922852
2026-05-20T19:37:05.982331+00:00,mlx-community/Qwen3-1.7B-4bit,60,hrm,0.6470588235294118,11,17,5.559646500001691,1,1,0.24,0.01,0.08,0.01,0.01,1.0,1.0,1.0,10,combinations,B,B,True,-6.111928939819336,-0.11192893981933594,-5.611928939819336,-7.861928939819336
2026-05-20T19:37:05.982331+00:00,mlx-community/Qwen3-1.7B-4bit,60,hrm,0.6470588235294118,11,17,5.559646500001691,1,1,0.24,0.01,0.08,0.01,0.01,1.0,1.0,1.0,10,coins,C,C,True,-6.195381164550781,-8.320381164550781,-0.07038116455078125,-8.882881164550781
2026-05-20T19:37:05.982331+00:00,mlx-community/Qwen3-1.7B-4bit,60,hrm,0.6470588235294118,11,17,5.559646500001691,1,1,0.24,0.01,0.08,0.01,0.01,1.0,1.0,1.0,10,modular_small,B,B,True,-2.235973358154297,-1.4859733581542969,-2.110973358154297,-1.9859733581542969
2026-05-20T19:37:05.982331+00:00,mlx-community/Qwen3-1.7B-4bit,60,hrm,0.6470588235294118,11,17,5.559646500001691,1,1,0.24,0.01,0.08,0.01,0.01,1.0,1.0,1.0,10,syllogism,A,D,False,-4.49574089050293,-2.9957408905029297,-2.4957408905029297,-0.4957408905029297
2026-05-20T19:37:11.280450+00:00,mlx-community/Qwen3-1.7B-4bit,61,hrm,0.6470588235294118,11,17,5.297865625001577,1,1,0.24,0.03,0.02,0.0,0.0,1.0,1.0,1.0,10,algebra,B,B,True,-4.448169708251953,-0.07316970825195312,-5.698169708251953,-4.573169708251953
2026-05-20T19:37:11.280450+00:00,mlx-community/Qwen3-1.7B-4bit,61,hrm,0.6470588235294118,11,17,5.297865625001577,1,1,0.24,0.03,0.02,0.0,0.0,1.0,1.0,1.0,10,markup,C,D,False,-1.9554939270019531,-2.080493927001953,-5.080493927001953,-0.9554939270019531
2026-05-20T19:37:11.280450+00:00,mlx-community/Qwen3-1.7B-4bit,61,hrm,0.6470588235294118,11,17,5.297865625001577,1,1,0.24,0.03,0.02,0.0,0.0,1.0,1.0,1.0,10,boxes,C,C,True,-7.79615592956543,-6.79615592956543,-0.04615592956542969,-6.17115592956543
2026-05-20T19:37:11.280450+00:00,mlx-community/Qwen3-1.7B-4bit,61,hrm,0.6470588235294118,11,17,5.297865625001577,1,1,0.24,0.03,0.02,0.0,0.0,1.0,1.0,1.0,10,inclusion,B,B,True,-3.157733917236328,-1.2827339172363281,-2.657733917236328,-4.157733917236328
2026-05-20T19:37:11.280450+00:00,mlx-community/Qwen3-1.7B-4bit,61,hrm,0.6470588235294118,11,17,5.297865625001577,1,1,0.24,0.03,0.02,0.0,0.0,1.0,1.0,1.0,10,modular,B,B,True,-3.797128677368164,-0.5471286773681641,-3.672128677368164,-2.672128677368164
2026-05-20T19:37:11.280450+00:00,mlx-community/Qwen3-1.7B-4bit,61,hrm,0.6470588235294118,11,17,5.297865625001577,1,1,0.24,0.03,0.02,0.0,0.0,1.0,1.0,1.0,10,work_rate,A,A,True,-0.3238353729248047,-2.5738353729248047,-5.573835372924805,-5.698835372924805
2026-05-20T19:37:11.280450+00:00,mlx-community/Qwen3-1.7B-4bit,61,hrm,0.6470588235294118,11,17,5.297865625001577,1,1,0.24,0.03,0.02,0.0,0.0,1.0,1.0,1.0,10,probability,B,A,False,-1.1247425079345703,-1.9997425079345703,-3.1247425079345703,-2.8747425079345703
2026-05-20T19:37:11.280450+00:00,mlx-community/Qwen3-1.7B-4bit,61,hrm,0.6470588235294118,11,17,5.297865625001577,1,1,0.24,0.03,0.02,0.0,0.0,1.0,1.0,1.0,10,sequence,C,B,False,-4.093326568603516,-0.5933265686035156,-2.8433265686035156,-2.3433265686035156
2026-05-20T19:37:11.280450+00:00,mlx-community/Qwen3-1.7B-4bit,61,hrm,0.6470588235294118,11,17,5.297865625001577,1,1,0.24,0.03,0.02,0.0,0.0,1.0,1.0,1.0,10,linear_word,B,B,True,-2.548227310180664,-0.7982273101806641,-2.673227310180664,-2.423227310180664
2026-05-20T19:37:11.280450+00:00,mlx-community/Qwen3-1.7B-4bit,61,hrm,0.6470588235294118,11,17,5.297865625001577,1,1,0.24,0.03,0.02,0.0,0.0,1.0,1.0,1.0,10,reverse_discount,C,B,False,-3.3843822479248047,-0.5093822479248047,-3.0093822479248047,-2.2593822479248047
2026-05-20T19:37:11.280450+00:00,mlx-community/Qwen3-1.7B-4bit,61,hrm,0.6470588235294118,11,17,5.297865625001577,1,1,0.24,0.03,0.02,0.0,0.0,1.0,1.0,1.0,10,multiples,B,C,False,-4.692975997924805,-3.6929759979248047,-0.9429759979248047,-1.1929759979248047
2026-05-20T19:37:11.280450+00:00,mlx-community/Qwen3-1.7B-4bit,61,hrm,0.6470588235294118,11,17,5.297865625001577,1,1,0.24,0.03,0.02,0.0,0.0,1.0,1.0,1.0,10,rectangle,B,B,True,-3.8756160736083984,-0.12561607360839844,-5.125616073608398,-5.625616073608398
2026-05-20T19:37:11.280450+00:00,mlx-community/Qwen3-1.7B-4bit,61,hrm,0.6470588235294118,11,17,5.297865625001577,1,1,0.24,0.03,0.02,0.0,0.0,1.0,1.0,1.0,10,average,C,C,True,-3.411550521850586,-4.911550521850586,-0.28655052185058594,-5.036550521850586
2026-05-20T19:37:11.280450+00:00,mlx-community/Qwen3-1.7B-4bit,61,hrm,0.6470588235294118,11,17,5.297865625001577,1,1,0.24,0.03,0.02,0.0,0.0,1.0,1.0,1.0,10,combinations,B,B,True,-6.0015716552734375,-0.1265716552734375,-5.5015716552734375,-7.7515716552734375
2026-05-20T19:37:11.280450+00:00,mlx-community/Qwen3-1.7B-4bit,61,hrm,0.6470588235294118,11,17,5.297865625001577,1,1,0.24,0.03,0.02,0.0,0.0,1.0,1.0,1.0,10,coins,C,C,True,-6.317951202392578,-8.505451202392578,-0.06795120239257812,-8.942951202392578
2026-05-20T19:37:11.280450+00:00,mlx-community/Qwen3-1.7B-4bit,61,hrm,0.6470588235294118,11,17,5.297865625001577,1,1,0.24,0.03,0.02,0.0,0.0,1.0,1.0,1.0,10,modular_small,B,B,True,-2.2726287841796875,-1.5226287841796875,-2.0226287841796875,-1.8976287841796875
2026-05-20T19:37:11.280450+00:00,mlx-community/Qwen3-1.7B-4bit,61,hrm,0.6470588235294118,11,17,5.297865625001577,1,1,0.24,0.03,0.02,0.0,0.0,1.0,1.0,1.0,10,syllogism,A,D,False,-4.472530364990234,-3.0975303649902344,-2.4725303649902344,-0.4725303649902344
2026-05-20T19:37:16.485963+00:00,mlx-community/Qwen3-1.7B-4bit,62,hrm,0.6470588235294118,11,17,5.205257875000825,1,1,0.24,0.03,0.02,0.01,0.01,1.0,1.0,1.0,10,algebra,B,B,True,-4.447484970092773,-0.07248497009277344,-5.697484970092773,-4.572484970092773
2026-05-20T19:37:16.485963+00:00,mlx-community/Qwen3-1.7B-4bit,62,hrm,0.6470588235294118,11,17,5.205257875000825,1,1,0.24,0.03,0.02,0.01,0.01,1.0,1.0,1.0,10,markup,C,D,False,-1.9947566986083984,-1.9947566986083984,-5.119756698608398,-0.9947566986083984
2026-05-20T19:37:16.485963+00:00,mlx-community/Qwen3-1.7B-4bit,62,hrm,0.6470588235294118,11,17,5.205257875000825,1,1,0.24,0.03,0.02,0.01,0.01,1.0,1.0,1.0,10,boxes,C,C,True,-7.858163833618164,-6.795663833618164,-0.04566383361816406,-6.295663833618164
2026-05-20T19:37:16.485963+00:00,mlx-community/Qwen3-1.7B-4bit,62,hrm,0.6470588235294118,11,17,5.205257875000825,1,1,0.24,0.03,0.02,0.01,0.01,1.0,1.0,1.0,10,inclusion,B,B,True,-3.1869945526123047,-1.1869945526123047,-2.6869945526123047,-4.124494552612305
2026-05-20T19:37:16.485963+00:00,mlx-community/Qwen3-1.7B-4bit,62,hrm,0.6470588235294118,11,17,5.205257875000825,1,1,0.24,0.03,0.02,0.01,0.01,1.0,1.0,1.0,10,modular,B,B,True,-3.7893638610839844,-0.5393638610839844,-3.6643638610839844,-2.6643638610839844
2026-05-20T19:37:16.485963+00:00,mlx-community/Qwen3-1.7B-4bit,62,hrm,0.6470588235294118,11,17,5.205257875000825,1,1,0.24,0.03,0.02,0.01,0.01,1.0,1.0,1.0,10,work_rate,A,A,True,-0.32468605041503906,-2.574686050415039,-5.574686050415039,-5.699686050415039
2026-05-20T19:37:16.485963+00:00,mlx-community/Qwen3-1.7B-4bit,62,hrm,0.6470588235294118,11,17,5.205257875000825,1,1,0.24,0.03,0.02,0.01,0.01,1.0,1.0,1.0,10,probability,B,A,False,-1.0936832427978516,-1.9686832427978516,-3.0936832427978516,-2.8436832427978516
2026-05-20T19:37:16.485963+00:00,mlx-community/Qwen3-1.7B-4bit,62,hrm,0.6470588235294118,11,17,5.205257875000825,1,1,0.24,0.03,0.02,0.01,0.01,1.0,1.0,1.0,10,sequence,C,B,False,-4.09344482421875,-0.59344482421875,-2.84344482421875,-2.34344482421875
2026-05-20T19:37:16.485963+00:00,mlx-community/Qwen3-1.7B-4bit,62,hrm,0.6470588235294118,11,17,5.205257875000825,1,1,0.24,0.03,0.02,0.01,0.01,1.0,1.0,1.0,10,linear_word,B,B,True,-2.552703857421875,-0.802703857421875,-2.677703857421875,-2.427703857421875
2026-05-20T19:37:16.485963+00:00,mlx-community/Qwen3-1.7B-4bit,62,hrm,0.6470588235294118,11,17,5.205257875000825,1,1,0.24,0.03,0.02,0.01,0.01,1.0,1.0,1.0,10,reverse_discount,C,B,False,-3.3838958740234375,-0.5088958740234375,-3.0088958740234375,-2.2588958740234375
2026-05-20T19:37:16.485963+00:00,mlx-community/Qwen3-1.7B-4bit,62,hrm,0.6470588235294118,11,17,5.205257875000825,1,1,0.24,0.03,0.02,0.01,0.01,1.0,1.0,1.0,10,multiples,B,C,False,-4.656047821044922,-3.656047821044922,-0.9060478210449219,-1.2810478210449219
2026-05-20T19:37:16.485963+00:00,mlx-community/Qwen3-1.7B-4bit,62,hrm,0.6470588235294118,11,17,5.205257875000825,1,1,0.24,0.03,0.02,0.01,0.01,1.0,1.0,1.0,10,rectangle,B,B,True,-3.875089645385742,-0.1250896453857422,-5.125089645385742,-5.625089645385742
2026-05-20T19:37:16.485963+00:00,mlx-community/Qwen3-1.7B-4bit,62,hrm,0.6470588235294118,11,17,5.205257875000825,1,1,0.24,0.03,0.02,0.01,0.01,1.0,1.0,1.0,10,average,C,C,True,-3.410585403442383,-4.910585403442383,-0.2855854034423828,-5.035585403442383
2026-05-20T19:37:16.485963+00:00,mlx-community/Qwen3-1.7B-4bit,62,hrm,0.6470588235294118,11,17,5.205257875000825,1,1,0.24,0.03,0.02,0.01,0.01,1.0,1.0,1.0,10,combinations,B,B,True,-6.001016616821289,-0.12601661682128906,-5.501016616821289,-7.751016616821289
2026-05-20T19:37:16.485963+00:00,mlx-community/Qwen3-1.7B-4bit,62,hrm,0.6470588235294118,11,17,5.205257875000825,1,1,0.24,0.03,0.02,0.01,0.01,1.0,1.0,1.0,10,coins,C,C,True,-6.319999694824219,-8.444999694824219,-0.06999969482421875,-8.944999694824219
2026-05-20T19:37:16.485963+00:00,mlx-community/Qwen3-1.7B-4bit,62,hrm,0.6470588235294118,11,17,5.205257875000825,1,1,0.24,0.03,0.02,0.01,0.01,1.0,1.0,1.0,10,modular_small,B,B,True,-2.245616912841797,-1.6206169128417969,-1.9956169128417969,-1.8706169128417969
2026-05-20T19:37:16.485963+00:00,mlx-community/Qwen3-1.7B-4bit,62,hrm,0.6470588235294118,11,17,5.205257875000825,1,1,0.24,0.03,0.02,0.01,0.01,1.0,1.0,1.0,10,syllogism,A,D,False,-4.478757858276367,-2.978757858276367,-2.478757858276367,-0.4787578582763672
2026-05-20T19:37:21.700535+00:00,mlx-community/Qwen3-1.7B-4bit,63,hrm,0.6470588235294118,11,17,5.214359666999371,1,1,0.24,0.03,0.05,0.0,0.0,1.0,1.0,1.0,10,algebra,B,B,True,-4.4481658935546875,-0.0731658935546875,-5.6981658935546875,-4.5731658935546875
2026-05-20T19:37:21.700535+00:00,mlx-community/Qwen3-1.7B-4bit,63,hrm,0.6470588235294118,11,17,5.214359666999371,1,1,0.24,0.03,0.05,0.0,0.0,1.0,1.0,1.0,10,markup,C,D,False,-1.9762248992919922,-2.101224899291992,-5.101224899291992,-0.9762248992919922
2026-05-20T19:37:21.700535+00:00,mlx-community/Qwen3-1.7B-4bit,63,hrm,0.6470588235294118,11,17,5.214359666999371,1,1,0.24,0.03,0.05,0.0,0.0,1.0,1.0,1.0,10,boxes,C,C,True,-7.797496795654297,-6.797496795654297,-0.047496795654296875,-6.172496795654297
2026-05-20T19:37:21.700535+00:00,mlx-community/Qwen3-1.7B-4bit,63,hrm,0.6470588235294118,11,17,5.214359666999371,1,1,0.24,0.03,0.05,0.0,0.0,1.0,1.0,1.0,10,inclusion,B,B,True,-3.224882125854492,-1.2248821258544922,-2.724882125854492,-4.224882125854492
2026-05-20T19:37:21.700535+00:00,mlx-community/Qwen3-1.7B-4bit,63,hrm,0.6470588235294118,11,17,5.214359666999371,1,1,0.24,0.03,0.05,0.0,0.0,1.0,1.0,1.0,10,modular,B,B,True,-3.718992233276367,-0.5939922332763672,-3.593992233276367,-2.593992233276367
2026-05-20T19:37:21.700535+00:00,mlx-community/Qwen3-1.7B-4bit,63,hrm,0.6470588235294118,11,17,5.214359666999371,1,1,0.24,0.03,0.05,0.0,0.0,1.0,1.0,1.0,10,work_rate,A,A,True,-0.31430816650390625,-2.6893081665039062,-5.564308166503906,-5.689308166503906
2026-05-20T19:37:21.700535+00:00,mlx-community/Qwen3-1.7B-4bit,63,hrm,0.6470588235294118,11,17,5.214359666999371,1,1,0.24,0.03,0.05,0.0,0.0,1.0,1.0,1.0,10,probability,B,A,False,-1.0999984741210938,-1.9749984741210938,-3.0999984741210938,-2.8499984741210938
2026-05-20T19:37:21.700535+00:00,mlx-community/Qwen3-1.7B-4bit,63,hrm,0.6470588235294118,11,17,5.214359666999371,1,1,0.24,0.03,0.05,0.0,0.0,1.0,1.0,1.0,10,sequence,C,B,False,-4.019214630126953,-0.6442146301269531,-2.894214630126953,-2.269214630126953
2026-05-20T19:37:21.700535+00:00,mlx-community/Qwen3-1.7B-4bit,63,hrm,0.6470588235294118,11,17,5.214359666999371,1,1,0.24,0.03,0.05,0.0,0.0,1.0,1.0,1.0,10,linear_word,B,B,True,-2.5498085021972656,-0.7998085021972656,-2.6748085021972656,-2.4248085021972656
2026-05-20T19:37:21.700535+00:00,mlx-community/Qwen3-1.7B-4bit,63,hrm,0.6470588235294118,11,17,5.214359666999371,1,1,0.24,0.03,0.05,0.0,0.0,1.0,1.0,1.0,10,reverse_discount,C,B,False,-3.3024234771728516,-0.5524234771728516,-2.9274234771728516,-2.1774234771728516
2026-05-20T19:37:21.700535+00:00,mlx-community/Qwen3-1.7B-4bit,63,hrm,0.6470588235294118,11,17,5.214359666999371,1,1,0.24,0.03,0.05,0.0,0.0,1.0,1.0,1.0,10,multiples,B,C,False,-4.692575454711914,-3.692575454711914,-0.9425754547119141,-1.192575454711914
2026-05-20T19:37:21.700535+00:00,mlx-community/Qwen3-1.7B-4bit,63,hrm,0.6470588235294118,11,17,5.214359666999371,1,1,0.24,0.03,0.05,0.0,0.0,1.0,1.0,1.0,10,rectangle,B,B,True,-3.8764610290527344,-0.12646102905273438,-5.001461029052734,-5.626461029052734
2026-05-20T19:37:21.700535+00:00,mlx-community/Qwen3-1.7B-4bit,63,hrm,0.6470588235294118,11,17,5.214359666999371,1,1,0.24,0.03,0.05,0.0,0.0,1.0,1.0,1.0,10,average,C,C,True,-3.4111175537109375,-4.9111175537109375,-0.2861175537109375,-5.0361175537109375
2026-05-20T19:37:21.700535+00:00,mlx-community/Qwen3-1.7B-4bit,63,hrm,0.6470588235294118,11,17,5.214359666999371,1,1,0.24,0.03,0.05,0.0,0.0,1.0,1.0,1.0,10,combinations,B,B,True,-6.125131607055664,-0.12513160705566406,-5.500131607055664,-7.812631607055664
2026-05-20T19:37:21.700535+00:00,mlx-community/Qwen3-1.7B-4bit,63,hrm,0.6470588235294118,11,17,5.214359666999371,1,1,0.24,0.03,0.05,0.0,0.0,1.0,1.0,1.0,10,coins,C,C,True,-6.314210891723633,-8.501710891723633,-0.06421089172363281,-8.939210891723633
2026-05-20T19:37:21.700535+00:00,mlx-community/Qwen3-1.7B-4bit,63,hrm,0.6470588235294118,11,17,5.214359666999371,1,1,0.24,0.03,0.05,0.0,0.0,1.0,1.0,1.0,10,modular_small,B,B,True,-2.244291305541992,-1.6192913055419922,-1.9942913055419922,-1.8692913055419922
2026-05-20T19:37:21.700535+00:00,mlx-community/Qwen3-1.7B-4bit,63,hrm,0.6470588235294118,11,17,5.214359666999371,1,1,0.24,0.03,0.05,0.0,0.0,1.0,1.0,1.0,10,syllogism,A,D,False,-4.481557846069336,-2.981557846069336,-2.481557846069336,-0.48155784606933594
2026-05-20T19:37:26.927411+00:00,mlx-community/Qwen3-1.7B-4bit,64,hrm,0.6470588235294118,11,17,5.22666795799887,1,1,0.24,0.03,0.05,0.01,0.01,1.0,1.0,1.0,10,algebra,B,B,True,-4.447935104370117,-0.07293510437011719,-5.697935104370117,-4.572935104370117
2026-05-20T19:37:26.927411+00:00,mlx-community/Qwen3-1.7B-4bit,64,hrm,0.6470588235294118,11,17,5.22666795799887,1,1,0.24,0.03,0.05,0.01,0.01,1.0,1.0,1.0,10,markup,C,D,False,-1.9756793975830078,-2.100679397583008,-5.100679397583008,-0.9756793975830078
2026-05-20T19:37:26.927411+00:00,mlx-community/Qwen3-1.7B-4bit,64,hrm,0.6470588235294118,11,17,5.22666795799887,1,1,0.24,0.03,0.05,0.01,0.01,1.0,1.0,1.0,10,boxes,C,C,True,-7.796173095703125,-6.796173095703125,-0.046173095703125,-6.171173095703125
2026-05-20T19:37:26.927411+00:00,mlx-community/Qwen3-1.7B-4bit,64,hrm,0.6470588235294118,11,17,5.22666795799887,1,1,0.24,0.03,0.05,0.01,0.01,1.0,1.0,1.0,10,inclusion,B,B,True,-3.2249317169189453,-1.2249317169189453,-2.7249317169189453,-4.224931716918945
2026-05-20T19:37:26.927411+00:00,mlx-community/Qwen3-1.7B-4bit,64,hrm,0.6470588235294118,11,17,5.22666795799887,1,1,0.24,0.03,0.05,0.01,0.01,1.0,1.0,1.0,10,modular,B,B,True,-3.790952682495117,-0.5409526824951172,-3.665952682495117,-2.665952682495117
2026-05-20T19:37:26.927411+00:00,mlx-community/Qwen3-1.7B-4bit,64,hrm,0.6470588235294118,11,17,5.22666795799887,1,1,0.24,0.03,0.05,0.01,0.01,1.0,1.0,1.0,10,work_rate,A,A,True,-0.3596343994140625,-2.4846343994140625,-5.4846343994140625,-5.6096343994140625
2026-05-20T19:37:26.927411+00:00,mlx-community/Qwen3-1.7B-4bit,64,hrm,0.6470588235294118,11,17,5.22666795799887,1,1,0.24,0.03,0.05,0.01,0.01,1.0,1.0,1.0,10,probability,B,A,False,-1.1565380096435547,-1.9065380096435547,-3.1565380096435547,-2.9065380096435547
2026-05-20T19:37:26.927411+00:00,mlx-community/Qwen3-1.7B-4bit,64,hrm,0.6470588235294118,11,17,5.22666795799887,1,1,0.24,0.03,0.05,0.01,0.01,1.0,1.0,1.0,10,sequence,C,B,False,-4.092922210693359,-0.5929222106933594,-2.8429222106933594,-2.3429222106933594
2026-05-20T19:37:26.927411+00:00,mlx-community/Qwen3-1.7B-4bit,64,hrm,0.6470588235294118,11,17,5.22666795799887,1,1,0.24,0.03,0.05,0.01,0.01,1.0,1.0,1.0,10,linear_word,B,B,True,-2.643705368041992,-0.7687053680419922,-2.768705368041992,-2.518705368041992
2026-05-20T19:37:26.927411+00:00,mlx-community/Qwen3-1.7B-4bit,64,hrm,0.6470588235294118,11,17,5.22666795799887,1,1,0.24,0.03,0.05,0.01,0.01,1.0,1.0,1.0,10,reverse_discount,C,B,False,-3.3023147583007812,-0.5523147583007812,-2.9273147583007812,-2.1773147583007812
2026-05-20T19:37:26.927411+00:00,mlx-community/Qwen3-1.7B-4bit,64,hrm,0.6470588235294118,11,17,5.22666795799887,1,1,0.24,0.03,0.05,0.01,0.01,1.0,1.0,1.0,10,multiples,B,C,False,-4.692510604858398,-3.6925106048583984,-0.9425106048583984,-1.1925106048583984
2026-05-20T19:37:26.927411+00:00,mlx-community/Qwen3-1.7B-4bit,64,hrm,0.6470588235294118,11,17,5.22666795799887,1,1,0.24,0.03,0.05,0.01,0.01,1.0,1.0,1.0,10,rectangle,B,B,True,-3.8807811737060547,-0.1307811737060547,-5.130781173706055,-5.630781173706055
2026-05-20T19:37:26.927411+00:00,mlx-community/Qwen3-1.7B-4bit,64,hrm,0.6470588235294118,11,17,5.22666795799887,1,1,0.24,0.03,0.05,0.01,0.01,1.0,1.0,1.0,10,average,C,C,True,-3.4041271209716797,-4.90412712097168,-0.2791271209716797,-5.02912712097168
2026-05-20T19:37:26.927411+00:00,mlx-community/Qwen3-1.7B-4bit,64,hrm,0.6470588235294118,11,17,5.22666795799887,1,1,0.24,0.03,0.05,0.01,0.01,1.0,1.0,1.0,10,combinations,B,B,True,-6.125219345092773,-0.12521934509277344,-5.500219345092773,-7.812719345092773
2026-05-20T19:37:26.927411+00:00,mlx-community/Qwen3-1.7B-4bit,64,hrm,0.6470588235294118,11,17,5.22666795799887,1,1,0.24,0.03,0.05,0.01,0.01,1.0,1.0,1.0,10,coins,C,C,True,-6.313940048217773,-8.501440048217773,-0.06394004821777344,-9.001440048217773
2026-05-20T19:37:26.927411+00:00,mlx-community/Qwen3-1.7B-4bit,64,hrm,0.6470588235294118,11,17,5.22666795799887,1,1,0.24,0.03,0.05,0.01,0.01,1.0,1.0,1.0,10,modular_small,B,B,True,-2.270627975463867,-1.5206279754638672,-2.020627975463867,-1.8956279754638672
2026-05-20T19:37:26.927411+00:00,mlx-community/Qwen3-1.7B-4bit,64,hrm,0.6470588235294118,11,17,5.22666795799887,1,1,0.24,0.03,0.05,0.01,0.01,1.0,1.0,1.0,10,syllogism,A,D,False,-4.361532211303711,-2.986532211303711,-2.486532211303711,-0.48653221130371094
2026-05-20T19:37:32.174239+00:00,mlx-community/Qwen3-1.7B-4bit,65,hrm,0.6470588235294118,11,17,5.246614832998603,1,1,0.24,0.03,0.08,0.0,0.0,1.0,1.0,1.0,10,algebra,B,B,True,-4.446504592895508,-0.07150459289550781,-5.696504592895508,-4.696504592895508
2026-05-20T19:37:32.174239+00:00,mlx-community/Qwen3-1.7B-4bit,65,hrm,0.6470588235294118,11,17,5.246614832998603,1,1,0.24,0.03,0.08,0.0,0.0,1.0,1.0,1.0,10,markup,C,D,False,-1.9294967651367188,-2.0544967651367188,-5.054496765136719,-1.0544967651367188
2026-05-20T19:37:32.174239+00:00,mlx-community/Qwen3-1.7B-4bit,65,hrm,0.6470588235294118,11,17,5.246614832998603,1,1,0.24,0.03,0.08,0.0,0.0,1.0,1.0,1.0,10,boxes,C,C,True,-7.858320236206055,-6.795820236206055,-0.04582023620605469,-6.170820236206055
2026-05-20T19:37:32.174239+00:00,mlx-community/Qwen3-1.7B-4bit,65,hrm,0.6470588235294118,11,17,5.246614832998603,1,1,0.24,0.03,0.08,0.0,0.0,1.0,1.0,1.0,10,inclusion,B,B,True,-3.2240028381347656,-1.2240028381347656,-2.7240028381347656,-4.224002838134766
2026-05-20T19:37:32.174239+00:00,mlx-community/Qwen3-1.7B-4bit,65,hrm,0.6470588235294118,11,17,5.246614832998603,1,1,0.24,0.03,0.08,0.0,0.0,1.0,1.0,1.0,10,modular,B,B,True,-3.7181873321533203,-0.5931873321533203,-3.5931873321533203,-2.5931873321533203
2026-05-20T19:37:32.174239+00:00,mlx-community/Qwen3-1.7B-4bit,65,hrm,0.6470588235294118,11,17,5.246614832998603,1,1,0.24,0.03,0.08,0.0,0.0,1.0,1.0,1.0,10,work_rate,A,A,True,-0.32489776611328125,-2.5748977661132812,-5.574897766113281,-5.574897766113281
2026-05-20T19:37:32.174239+00:00,mlx-community/Qwen3-1.7B-4bit,65,hrm,0.6470588235294118,11,17,5.246614832998603,1,1,0.24,0.03,0.08,0.0,0.0,1.0,1.0,1.0,10,probability,B,A,False,-1.1006031036376953,-1.9756031036376953,-3.1006031036376953,-2.8506031036376953
2026-05-20T19:37:32.174239+00:00,mlx-community/Qwen3-1.7B-4bit,65,hrm,0.6470588235294118,11,17,5.246614832998603,1,1,0.24,0.03,0.08,0.0,0.0,1.0,1.0,1.0,10,sequence,C,B,False,-4.039497375488281,-0.6644973754882812,-2.7894973754882812,-2.2894973754882812
2026-05-20T19:37:32.174239+00:00,mlx-community/Qwen3-1.7B-4bit,65,hrm,0.6470588235294118,11,17,5.246614832998603,1,1,0.24,0.03,0.08,0.0,0.0,1.0,1.0,1.0,10,linear_word,B,B,True,-2.6442222595214844,-0.7692222595214844,-2.7692222595214844,-2.5192222595214844
2026-05-20T19:37:32.174239+00:00,mlx-community/Qwen3-1.7B-4bit,65,hrm,0.6470588235294118,11,17,5.246614832998603,1,1,0.24,0.03,0.08,0.0,0.0,1.0,1.0,1.0,10,reverse_discount,C,B,False,-3.2739295959472656,-0.5239295959472656,-3.0239295959472656,-2.2739295959472656
2026-05-20T19:37:32.174239+00:00,mlx-community/Qwen3-1.7B-4bit,65,hrm,0.6470588235294118,11,17,5.246614832998603,1,1,0.24,0.03,0.08,0.0,0.0,1.0,1.0,1.0,10,multiples,B,C,False,-4.6960601806640625,-3.5710601806640625,-0.9460601806640625,-1.1960601806640625
2026-05-20T19:37:32.174239+00:00,mlx-community/Qwen3-1.7B-4bit,65,hrm,0.6470588235294118,11,17,5.246614832998603,1,1,0.24,0.03,0.08,0.0,0.0,1.0,1.0,1.0,10,rectangle,B,B,True,-3.7583255767822266,-0.13332557678222656,-5.133325576782227,-5.633325576782227
2026-05-20T19:37:32.174239+00:00,mlx-community/Qwen3-1.7B-4bit,65,hrm,0.6470588235294118,11,17,5.246614832998603,1,1,0.24,0.03,0.08,0.0,0.0,1.0,1.0,1.0,10,average,C,C,True,-3.4228858947753906,-4.797885894775391,-0.2978858947753906,-5.047885894775391
2026-05-20T19:37:32.174239+00:00,mlx-community/Qwen3-1.7B-4bit,65,hrm,0.6470588235294118,11,17,5.246614832998603,1,1,0.24,0.03,0.08,0.0,0.0,1.0,1.0,1.0,10,combinations,B,B,True,-6.122415542602539,-0.12241554260253906,-5.497415542602539,-7.872415542602539
2026-05-20T19:37:32.174239+00:00,mlx-community/Qwen3-1.7B-4bit,65,hrm,0.6470588235294118,11,17,5.246614832998603,1,1,0.24,0.03,0.08,0.0,0.0,1.0,1.0,1.0,10,coins,C,C,True,-6.31776237487793,-8.44276237487793,-0.06776237487792969,-8.94276237487793
2026-05-20T19:37:32.174239+00:00,mlx-community/Qwen3-1.7B-4bit,65,hrm,0.6470588235294118,11,17,5.246614832998603,1,1,0.24,0.03,0.08,0.0,0.0,1.0,1.0,1.0,10,modular_small,B,B,True,-2.226743698120117,-1.6017436981201172,-1.9767436981201172,-1.9767436981201172
2026-05-20T19:37:32.174239+00:00,mlx-community/Qwen3-1.7B-4bit,65,hrm,0.6470588235294118,11,17,5.246614832998603,1,1,0.24,0.03,0.08,0.0,0.0,1.0,1.0,1.0,10,syllogism,A,D,False,-4.478507995605469,-2.9785079956054688,-2.4785079956054688,-0.47850799560546875
2026-05-20T19:37:37.375188+00:00,mlx-community/Qwen3-1.7B-4bit,66,hrm,0.6470588235294118,11,17,5.200734999998531,1,1,0.24,0.03,0.08,0.01,0.01,1.0,1.0,1.0,10,algebra,B,B,True,-4.44647216796875,-0.07147216796875,-5.69647216796875,-4.69647216796875
2026-05-20T19:37:37.375188+00:00,mlx-community/Qwen3-1.7B-4bit,66,hrm,0.6470588235294118,11,17,5.200734999998531,1,1,0.24,0.03,0.08,0.01,0.01,1.0,1.0,1.0,10,markup,C,D,False,-1.9760704040527344,-2.1010704040527344,-5.101070404052734,-0.9760704040527344
2026-05-20T19:37:37.375188+00:00,mlx-community/Qwen3-1.7B-4bit,66,hrm,0.6470588235294118,11,17,5.200734999998531,1,1,0.24,0.03,0.08,0.01,0.01,1.0,1.0,1.0,10,boxes,C,C,True,-7.858348846435547,-6.795848846435547,-0.045848846435546875,-6.170848846435547
2026-05-20T19:37:37.375188+00:00,mlx-community/Qwen3-1.7B-4bit,66,hrm,0.6470588235294118,11,17,5.200734999998531,1,1,0.24,0.03,0.08,0.01,0.01,1.0,1.0,1.0,10,inclusion,B,B,True,-3.2240657806396484,-1.2240657806396484,-2.7240657806396484,-4.224065780639648
2026-05-20T19:37:37.375188+00:00,mlx-community/Qwen3-1.7B-4bit,66,hrm,0.6470588235294118,11,17,5.200734999998531,1,1,0.24,0.03,0.08,0.01,0.01,1.0,1.0,1.0,10,modular,B,B,True,-3.7102298736572266,-0.5852298736572266,-3.5852298736572266,-2.7102298736572266
2026-05-20T19:37:37.375188+00:00,mlx-community/Qwen3-1.7B-4bit,66,hrm,0.6470588235294118,11,17,5.200734999998531,1,1,0.24,0.03,0.08,0.01,0.01,1.0,1.0,1.0,10,work_rate,A,A,True,-0.35832977294921875,-2.4833297729492188,-5.483329772949219,-5.608329772949219
2026-05-20T19:37:37.375188+00:00,mlx-community/Qwen3-1.7B-4bit,66,hrm,0.6470588235294118,11,17,5.200734999998531,1,1,0.24,0.03,0.08,0.01,0.01,1.0,1.0,1.0,10,probability,B,A,False,-1.1075420379638672,-1.9825420379638672,-3.107542037963867,-2.857542037963867
2026-05-20T19:37:37.375188+00:00,mlx-community/Qwen3-1.7B-4bit,66,hrm,0.6470588235294118,11,17,5.200734999998531,1,1,0.24,0.03,0.08,0.01,0.01,1.0,1.0,1.0,10,sequence,C,B,False,-4.0405426025390625,-0.6655426025390625,-2.7905426025390625,-2.2905426025390625
2026-05-20T19:37:37.375188+00:00,mlx-community/Qwen3-1.7B-4bit,66,hrm,0.6470588235294118,11,17,5.200734999998531,1,1,0.24,0.03,0.08,0.01,0.01,1.0,1.0,1.0,10,linear_word,B,B,True,-2.5558128356933594,-0.8058128356933594,-2.6808128356933594,-2.4308128356933594
2026-05-20T19:37:37.375188+00:00,mlx-community/Qwen3-1.7B-4bit,66,hrm,0.6470588235294118,11,17,5.200734999998531,1,1,0.24,0.03,0.08,0.01,0.01,1.0,1.0,1.0,10,reverse_discount,C,B,False,-3.2946128845214844,-0.5446128845214844,-2.9196128845214844,-2.2946128845214844
2026-05-20T19:37:37.375188+00:00,mlx-community/Qwen3-1.7B-4bit,66,hrm,0.6470588235294118,11,17,5.200734999998531,1,1,0.24,0.03,0.08,0.01,0.01,1.0,1.0,1.0,10,multiples,B,C,False,-4.779731750488281,-3.6547317504882812,-0.9047317504882812,-1.2797317504882812
2026-05-20T19:37:37.375188+00:00,mlx-community/Qwen3-1.7B-4bit,66,hrm,0.6470588235294118,11,17,5.200734999998531,1,1,0.24,0.03,0.08,0.01,0.01,1.0,1.0,1.0,10,rectangle,B,B,True,-3.880453109741211,-0.13045310974121094,-5.130453109741211,-5.630453109741211
2026-05-20T19:37:37.375188+00:00,mlx-community/Qwen3-1.7B-4bit,66,hrm,0.6470588235294118,11,17,5.200734999998531,1,1,0.24,0.03,0.08,0.01,0.01,1.0,1.0,1.0,10,average,C,C,True,-3.403909683227539,-4.903909683227539,-0.27890968322753906,-5.028909683227539
2026-05-20T19:37:37.375188+00:00,mlx-community/Qwen3-1.7B-4bit,66,hrm,0.6470588235294118,11,17,5.200734999998531,1,1,0.24,0.03,0.08,0.01,0.01,1.0,1.0,1.0,10,combinations,B,B,True,-6.124734878540039,-0.12473487854003906,-5.499734878540039,-7.874734878540039
2026-05-20T19:37:37.375188+00:00,mlx-community/Qwen3-1.7B-4bit,66,hrm,0.6470588235294118,11,17,5.200734999998531,1,1,0.24,0.03,0.08,0.01,0.01,1.0,1.0,1.0,10,coins,C,C,True,-6.3203125,-8.3828125,-0.0703125,-8.9453125
2026-05-20T19:37:37.375188+00:00,mlx-community/Qwen3-1.7B-4bit,66,hrm,0.6470588235294118,11,17,5.200734999998531,1,1,0.24,0.03,0.08,0.01,0.01,1.0,1.0,1.0,10,modular_small,B,B,True,-2.2266769409179688,-1.6016769409179688,-1.9766769409179688,-1.9766769409179688
2026-05-20T19:37:37.375188+00:00,mlx-community/Qwen3-1.7B-4bit,66,hrm,0.6470588235294118,11,17,5.200734999998531,1,1,0.24,0.03,0.08,0.01,0.01,1.0,1.0,1.0,10,syllogism,A,D,False,-4.399713516235352,-2.8997135162353516,-2.3997135162353516,-0.5247135162353516
2026-05-20T19:37:42.589211+00:00,mlx-community/Qwen3-1.7B-4bit,67,hrm,0.6470588235294118,11,17,5.213806499999919,1,1,0.24,0.05,0.02,0.0,0.0,1.0,1.0,1.0,10,algebra,B,B,True,-4.446083068847656,-0.07108306884765625,-5.696083068847656,-4.571083068847656
2026-05-20T19:37:42.589211+00:00,mlx-community/Qwen3-1.7B-4bit,67,hrm,0.6470588235294118,11,17,5.213806499999919,1,1,0.24,0.05,0.02,0.0,0.0,1.0,1.0,1.0,10,markup,C,D,False,-1.9862022399902344,-1.9862022399902344,-5.111202239990234,-0.9862022399902344
2026-05-20T19:37:42.589211+00:00,mlx-community/Qwen3-1.7B-4bit,67,hrm,0.6470588235294118,11,17,5.213806499999919,1,1,0.24,0.05,0.02,0.0,0.0,1.0,1.0,1.0,10,boxes,C,C,True,-7.917522430419922,-6.792522430419922,-0.042522430419921875,-6.292522430419922
2026-05-20T19:37:42.589211+00:00,mlx-community/Qwen3-1.7B-4bit,67,hrm,0.6470588235294118,11,17,5.213806499999919,1,1,0.24,0.05,0.02,0.0,0.0,1.0,1.0,1.0,10,inclusion,B,B,True,-3.148954391479492,-1.2739543914794922,-2.648954391479492,-4.148954391479492
2026-05-20T19:37:42.589211+00:00,mlx-community/Qwen3-1.7B-4bit,67,hrm,0.6470588235294118,11,17,5.213806499999919,1,1,0.24,0.05,0.02,0.0,0.0,1.0,1.0,1.0,10,modular,B,B,True,-3.720458984375,-0.595458984375,-3.595458984375,-2.595458984375
2026-05-20T19:37:42.589211+00:00,mlx-community/Qwen3-1.7B-4bit,67,hrm,0.6470588235294118,11,17,5.213806499999919,1,1,0.24,0.05,0.02,0.0,0.0,1.0,1.0,1.0,10,work_rate,A,A,True,-0.3236083984375,-2.5736083984375,-5.5736083984375,-5.6986083984375
2026-05-20T19:37:42.589211+00:00,mlx-community/Qwen3-1.7B-4bit,67,hrm,0.6470588235294118,11,17,5.213806499999919,1,1,0.24,0.05,0.02,0.0,0.0,1.0,1.0,1.0,10,probability,B,A,False,-1.0927371978759766,-1.9677371978759766,-3.0927371978759766,-2.8427371978759766
2026-05-20T19:37:42.589211+00:00,mlx-community/Qwen3-1.7B-4bit,67,hrm,0.6470588235294118,11,17,5.213806499999919,1,1,0.24,0.05,0.02,0.0,0.0,1.0,1.0,1.0,10,sequence,C,B,False,-4.1024322509765625,-0.6024322509765625,-2.8524322509765625,-2.3524322509765625
2026-05-20T19:37:42.589211+00:00,mlx-community/Qwen3-1.7B-4bit,67,hrm,0.6470588235294118,11,17,5.213806499999919,1,1,0.24,0.05,0.02,0.0,0.0,1.0,1.0,1.0,10,linear_word,B,B,True,-2.5482826232910156,-0.7982826232910156,-2.6732826232910156,-2.4232826232910156
2026-05-20T19:37:42.589211+00:00,mlx-community/Qwen3-1.7B-4bit,67,hrm,0.6470588235294118,11,17,5.213806499999919,1,1,0.24,0.05,0.02,0.0,0.0,1.0,1.0,1.0,10,reverse_discount,C,B,False,-3.4157562255859375,-0.5407562255859375,-2.9157562255859375,-2.2907562255859375
2026-05-20T19:37:42.589211+00:00,mlx-community/Qwen3-1.7B-4bit,67,hrm,0.6470588235294118,11,17,5.213806499999919,1,1,0.24,0.05,0.02,0.0,0.0,1.0,1.0,1.0,10,multiples,B,C,False,-4.683629989624023,-3.6836299896240234,-0.9336299896240234,-1.1836299896240234
2026-05-20T19:37:42.589211+00:00,mlx-community/Qwen3-1.7B-4bit,67,hrm,0.6470588235294118,11,17,5.213806499999919,1,1,0.24,0.05,0.02,0.0,0.0,1.0,1.0,1.0,10,rectangle,B,B,True,-3.8764591217041016,-0.12645912170410156,-5.001459121704102,-5.626459121704102
2026-05-20T19:37:42.589211+00:00,mlx-community/Qwen3-1.7B-4bit,67,hrm,0.6470588235294118,11,17,5.213806499999919,1,1,0.24,0.05,0.02,0.0,0.0,1.0,1.0,1.0,10,average,C,C,True,-3.4031124114990234,-4.903112411499023,-0.27811241149902344,-5.028112411499023
2026-05-20T19:37:42.589211+00:00,mlx-community/Qwen3-1.7B-4bit,67,hrm,0.6470588235294118,11,17,5.213806499999919,1,1,0.24,0.05,0.02,0.0,0.0,1.0,1.0,1.0,10,combinations,B,B,True,-6.11244010925293,-0.11244010925292969,-5.61244010925293,-7.86244010925293
2026-05-20T19:37:42.589211+00:00,mlx-community/Qwen3-1.7B-4bit,67,hrm,0.6470588235294118,11,17,5.213806499999919,1,1,0.24,0.05,0.02,0.0,0.0,1.0,1.0,1.0,10,coins,C,C,True,-6.3169403076171875,-8.566940307617188,-0.0669403076171875,-8.941940307617188
2026-05-20T19:37:42.589211+00:00,mlx-community/Qwen3-1.7B-4bit,67,hrm,0.6470588235294118,11,17,5.213806499999919,1,1,0.24,0.05,0.02,0.0,0.0,1.0,1.0,1.0,10,modular_small,B,B,True,-2.2682666778564453,-1.5182666778564453,-2.0182666778564453,-1.8932666778564453
2026-05-20T19:37:42.589211+00:00,mlx-community/Qwen3-1.7B-4bit,67,hrm,0.6470588235294118,11,17,5.213806499999919,1,1,0.24,0.05,0.02,0.0,0.0,1.0,1.0,1.0,10,syllogism,A,D,False,-4.479951858520508,-2.979951858520508,-2.479951858520508,-0.4799518585205078
2026-05-20T19:37:47.796994+00:00,mlx-community/Qwen3-1.7B-4bit,68,hrm,0.6470588235294118,11,17,5.207577291002963,1,1,0.24,0.05,0.02,0.01,0.01,1.0,1.0,1.0,10,algebra,B,B,True,-4.4476318359375,-0.0726318359375,-5.6976318359375,-4.5726318359375
2026-05-20T19:37:47.796994+00:00,mlx-community/Qwen3-1.7B-4bit,68,hrm,0.6470588235294118,11,17,5.207577291002963,1,1,0.24,0.05,0.02,0.01,0.01,1.0,1.0,1.0,10,markup,C,D,False,-1.9958629608154297,-1.9958629608154297,-5.12086296081543,-0.9958629608154297
2026-05-20T19:37:47.796994+00:00,mlx-community/Qwen3-1.7B-4bit,68,hrm,0.6470588235294118,11,17,5.207577291002963,1,1,0.24,0.05,0.02,0.01,0.01,1.0,1.0,1.0,10,boxes,C,C,True,-7.798334121704102,-6.673334121704102,-0.04833412170410156,-6.173334121704102
2026-05-20T19:37:47.796994+00:00,mlx-community/Qwen3-1.7B-4bit,68,hrm,0.6470588235294118,11,17,5.207577291002963,1,1,0.24,0.05,0.02,0.01,0.01,1.0,1.0,1.0,10,inclusion,B,B,True,-3.186502456665039,-1.186502456665039,-2.686502456665039,-4.186502456665039
2026-05-20T19:37:47.796994+00:00,mlx-community/Qwen3-1.7B-4bit,68,hrm,0.6470588235294118,11,17,5.207577291002963,1,1,0.24,0.05,0.02,0.01,0.01,1.0,1.0,1.0,10,modular,B,B,True,-3.72564697265625,-0.60064697265625,-3.60064697265625,-2.60064697265625
2026-05-20T19:37:47.796994+00:00,mlx-community/Qwen3-1.7B-4bit,68,hrm,0.6470588235294118,11,17,5.207577291002963,1,1,0.24,0.05,0.02,0.01,0.01,1.0,1.0,1.0,10,work_rate,A,A,True,-0.35951995849609375,-2.4845199584960938,-5.484519958496094,-5.609519958496094
2026-05-20T19:37:47.796994+00:00,mlx-community/Qwen3-1.7B-4bit,68,hrm,0.6470588235294118,11,17,5.207577291002963,1,1,0.24,0.05,0.02,0.01,0.01,1.0,1.0,1.0,10,probability,B,A,False,-1.1327896118164062,-2.0077896118164062,-3.1327896118164062,-2.8827896118164062
2026-05-20T19:37:47.796994+00:00,mlx-community/Qwen3-1.7B-4bit,68,hrm,0.6470588235294118,11,17,5.207577291002963,1,1,0.24,0.05,0.02,0.01,0.01,1.0,1.0,1.0,10,sequence,C,B,False,-4.093324661254883,-0.5933246612548828,-2.843324661254883,-2.343324661254883
2026-05-20T19:37:47.796994+00:00,mlx-community/Qwen3-1.7B-4bit,68,hrm,0.6470588235294118,11,17,5.207577291002963,1,1,0.24,0.05,0.02,0.01,0.01,1.0,1.0,1.0,10,linear_word,B,B,True,-2.547353744506836,-0.7973537445068359,-2.672353744506836,-2.422353744506836
2026-05-20T19:37:47.796994+00:00,mlx-community/Qwen3-1.7B-4bit,68,hrm,0.6470588235294118,11,17,5.207577291002963,1,1,0.24,0.05,0.02,0.01,0.01,1.0,1.0,1.0,10,reverse_discount,C,B,False,-3.4912166595458984,-0.49121665954589844,-2.9912166595458984,-2.3662166595458984
2026-05-20T19:37:47.796994+00:00,mlx-community/Qwen3-1.7B-4bit,68,hrm,0.6470588235294118,11,17,5.207577291002963,1,1,0.24,0.05,0.02,0.01,0.01,1.0,1.0,1.0,10,multiples,B,C,False,-4.695796966552734,-3.6957969665527344,-0.9457969665527344,-1.1957969665527344
2026-05-20T19:37:47.796994+00:00,mlx-community/Qwen3-1.7B-4bit,68,hrm,0.6470588235294118,11,17,5.207577291002963,1,1,0.24,0.05,0.02,0.01,0.01,1.0,1.0,1.0,10,rectangle,B,B,True,-3.875387191772461,-0.12538719177246094,-5.125387191772461,-5.625387191772461
2026-05-20T19:37:47.796994+00:00,mlx-community/Qwen3-1.7B-4bit,68,hrm,0.6470588235294118,11,17,5.207577291002963,1,1,0.24,0.05,0.02,0.01,0.01,1.0,1.0,1.0,10,average,C,C,True,-3.4165706634521484,-4.791570663452148,-0.29157066345214844,-5.041570663452148
2026-05-20T19:37:47.796994+00:00,mlx-community/Qwen3-1.7B-4bit,68,hrm,0.6470588235294118,11,17,5.207577291002963,1,1,0.24,0.05,0.02,0.01,0.01,1.0,1.0,1.0,10,combinations,B,B,True,-6.112617492675781,-0.11261749267578125,-5.612617492675781,-7.862617492675781
2026-05-20T19:37:47.796994+00:00,mlx-community/Qwen3-1.7B-4bit,68,hrm,0.6470588235294118,11,17,5.207577291002963,1,1,0.24,0.05,0.02,0.01,0.01,1.0,1.0,1.0,10,coins,C,C,True,-6.314273834228516,-8.501773834228516,-0.06427383422851562,-8.939273834228516
2026-05-20T19:37:47.796994+00:00,mlx-community/Qwen3-1.7B-4bit,68,hrm,0.6470588235294118,11,17,5.207577291002963,1,1,0.24,0.05,0.02,0.01,0.01,1.0,1.0,1.0,10,modular_small,B,B,True,-2.2680797576904297,-1.5180797576904297,-2.0180797576904297,-1.8930797576904297
2026-05-20T19:37:47.796994+00:00,mlx-community/Qwen3-1.7B-4bit,68,hrm,0.6470588235294118,11,17,5.207577291002963,1,1,0.24,0.05,0.02,0.01,0.01,1.0,1.0,1.0,10,syllogism,A,D,False,-4.473323822021484,-3.0983238220214844,-2.4733238220214844,-0.4733238220214844
2026-05-20T19:37:53.228429+00:00,mlx-community/Qwen3-1.7B-4bit,69,hrm,0.6470588235294118,11,17,5.431209250000393,1,1,0.24,0.05,0.05,0.0,0.0,1.0,1.0,1.0,10,algebra,B,B,True,-4.444957733154297,-0.06995773315429688,-5.694957733154297,-4.694957733154297
2026-05-20T19:37:53.228429+00:00,mlx-community/Qwen3-1.7B-4bit,69,hrm,0.6470588235294118,11,17,5.431209250000393,1,1,0.24,0.05,0.05,0.0,0.0,1.0,1.0,1.0,10,markup,C,D,False,-1.9855537414550781,-1.9855537414550781,-5.110553741455078,-0.9855537414550781
2026-05-20T19:37:53.228429+00:00,mlx-community/Qwen3-1.7B-4bit,69,hrm,0.6470588235294118,11,17,5.431209250000393,1,1,0.24,0.05,0.05,0.0,0.0,1.0,1.0,1.0,10,boxes,C,C,True,-7.917388916015625,-6.792388916015625,-0.042388916015625,-6.292388916015625
2026-05-20T19:37:53.228429+00:00,mlx-community/Qwen3-1.7B-4bit,69,hrm,0.6470588235294118,11,17,5.431209250000393,1,1,0.24,0.05,0.05,0.0,0.0,1.0,1.0,1.0,10,inclusion,B,B,True,-3.1451568603515625,-1.2701568603515625,-2.6451568603515625,-4.2076568603515625
2026-05-20T19:37:53.228429+00:00,mlx-community/Qwen3-1.7B-4bit,69,hrm,0.6470588235294118,11,17,5.431209250000393,1,1,0.24,0.05,0.05,0.0,0.0,1.0,1.0,1.0,10,modular,B,B,True,-3.792074203491211,-0.5420742034912109,-3.667074203491211,-2.667074203491211
2026-05-20T19:37:53.228429+00:00,mlx-community/Qwen3-1.7B-4bit,69,hrm,0.6470588235294118,11,17,5.431209250000393,1,1,0.24,0.05,0.05,0.0,0.0,1.0,1.0,1.0,10,work_rate,A,A,True,-0.32411956787109375,-2.5741195678710938,-5.574119567871094,-5.574119567871094
2026-05-20T19:37:53.228429+00:00,mlx-community/Qwen3-1.7B-4bit,69,hrm,0.6470588235294118,11,17,5.431209250000393,1,1,0.24,0.05,0.05,0.0,0.0,1.0,1.0,1.0,10,probability,B,A,False,-1.0943603515625,-1.9693603515625,-3.0943603515625,-2.8443603515625
2026-05-20T19:37:53.228429+00:00,mlx-community/Qwen3-1.7B-4bit,69,hrm,0.6470588235294118,11,17,5.431209250000393,1,1,0.24,0.05,0.05,0.0,0.0,1.0,1.0,1.0,10,sequence,C,B,False,-3.97119140625,-0.59619140625,-2.84619140625,-2.34619140625
2026-05-20T19:37:53.228429+00:00,mlx-community/Qwen3-1.7B-4bit,69,hrm,0.6470588235294118,11,17,5.431209250000393,1,1,0.24,0.05,0.05,0.0,0.0,1.0,1.0,1.0,10,linear_word,B,B,True,-2.5882949829101562,-0.8382949829101562,-2.7132949829101562,-2.4632949829101562
2026-05-20T19:37:53.228429+00:00,mlx-community/Qwen3-1.7B-4bit,69,hrm,0.6470588235294118,11,17,5.431209250000393,1,1,0.24,0.05,0.05,0.0,0.0,1.0,1.0,1.0,10,reverse_discount,C,B,False,-3.390369415283203,-0.5153694152832031,-3.015369415283203,-2.265369415283203
2026-05-20T19:37:53.228429+00:00,mlx-community/Qwen3-1.7B-4bit,69,hrm,0.6470588235294118,11,17,5.431209250000393,1,1,0.24,0.05,0.05,0.0,0.0,1.0,1.0,1.0,10,multiples,B,C,False,-4.660896301269531,-3.5358963012695312,-0.9108963012695312,-1.2858963012695312
2026-05-20T19:37:53.228429+00:00,mlx-community/Qwen3-1.7B-4bit,69,hrm,0.6470588235294118,11,17,5.431209250000393,1,1,0.24,0.05,0.05,0.0,0.0,1.0,1.0,1.0,10,rectangle,B,B,True,-3.8754806518554688,-0.12548065185546875,-5.125480651855469,-5.625480651855469
2026-05-20T19:37:53.228429+00:00,mlx-community/Qwen3-1.7B-4bit,69,hrm,0.6470588235294118,11,17,5.431209250000393,1,1,0.24,0.05,0.05,0.0,0.0,1.0,1.0,1.0,10,average,C,C,True,-3.4038658142089844,-4.903865814208984,-0.2788658142089844,-5.028865814208984
2026-05-20T19:37:53.228429+00:00,mlx-community/Qwen3-1.7B-4bit,69,hrm,0.6470588235294118,11,17,5.431209250000393,1,1,0.24,0.05,0.05,0.0,0.0,1.0,1.0,1.0,10,combinations,B,B,True,-6.243432998657227,-0.11843299865722656,-5.618432998657227,-7.930932998657227
2026-05-20T19:37:53.228429+00:00,mlx-community/Qwen3-1.7B-4bit,69,hrm,0.6470588235294118,11,17,5.431209250000393,1,1,0.24,0.05,0.05,0.0,0.0,1.0,1.0,1.0,10,coins,C,C,True,-6.318485260009766,-8.568485260009766,-0.06848526000976562,-8.880985260009766
2026-05-20T19:37:53.228429+00:00,mlx-community/Qwen3-1.7B-4bit,69,hrm,0.6470588235294118,11,17,5.431209250000393,1,1,0.24,0.05,0.05,0.0,0.0,1.0,1.0,1.0,10,modular_small,B,B,True,-2.1988773345947266,-1.5738773345947266,-2.0738773345947266,-1.9488773345947266
2026-05-20T19:37:53.228429+00:00,mlx-community/Qwen3-1.7B-4bit,69,hrm,0.6470588235294118,11,17,5.431209250000393,1,1,0.24,0.05,0.05,0.0,0.0,1.0,1.0,1.0,10,syllogism,A,D,False,-4.479436874389648,-2.9794368743896484,-2.4794368743896484,-0.47943687438964844
2026-05-20T19:37:58.670889+00:00,mlx-community/Qwen3-1.7B-4bit,70,hrm,0.6470588235294118,11,17,5.442251917000249,1,1,0.24,0.05,0.05,0.01,0.01,1.0,1.0,1.0,10,algebra,B,B,True,-4.444908142089844,-0.06990814208984375,-5.694908142089844,-4.694908142089844
2026-05-20T19:37:58.670889+00:00,mlx-community/Qwen3-1.7B-4bit,70,hrm,0.6470588235294118,11,17,5.442251917000249,1,1,0.24,0.05,0.05,0.01,0.01,1.0,1.0,1.0,10,markup,C,D,False,-1.9941387176513672,-1.9941387176513672,-5.119138717651367,-0.9941387176513672
2026-05-20T19:37:58.670889+00:00,mlx-community/Qwen3-1.7B-4bit,70,hrm,0.6470588235294118,11,17,5.442251917000249,1,1,0.24,0.05,0.05,0.01,0.01,1.0,1.0,1.0,10,boxes,C,C,True,-7.915988922119141,-6.790988922119141,-0.040988922119140625,-6.290988922119141
2026-05-20T19:37:58.670889+00:00,mlx-community/Qwen3-1.7B-4bit,70,hrm,0.6470588235294118,11,17,5.442251917000249,1,1,0.24,0.05,0.05,0.01,0.01,1.0,1.0,1.0,10,inclusion,B,B,True,-3.146303176879883,-1.2713031768798828,-2.646303176879883,-4.208803176879883
2026-05-20T19:37:58.670889+00:00,mlx-community/Qwen3-1.7B-4bit,70,hrm,0.6470588235294118,11,17,5.442251917000249,1,1,0.24,0.05,0.05,0.01,0.01,1.0,1.0,1.0,10,modular,B,B,True,-3.7889480590820312,-0.5389480590820312,-3.6639480590820312,-2.7889480590820312
2026-05-20T19:37:58.670889+00:00,mlx-community/Qwen3-1.7B-4bit,70,hrm,0.6470588235294118,11,17,5.442251917000249,1,1,0.24,0.05,0.05,0.01,0.01,1.0,1.0,1.0,10,work_rate,A,A,True,-0.32531166076660156,-2.5753116607666016,-5.575311660766602,-5.575311660766602
2026-05-20T19:37:58.670889+00:00,mlx-community/Qwen3-1.7B-4bit,70,hrm,0.6470588235294118,11,17,5.442251917000249,1,1,0.24,0.05,0.05,0.01,0.01,1.0,1.0,1.0,10,probability,B,A,False,-1.1324424743652344,-2.0074424743652344,-3.1324424743652344,-2.8824424743652344
2026-05-20T19:37:58.670889+00:00,mlx-community/Qwen3-1.7B-4bit,70,hrm,0.6470588235294118,11,17,5.442251917000249,1,1,0.24,0.05,0.05,0.01,0.01,1.0,1.0,1.0,10,sequence,C,B,False,-3.979419708251953,-0.6044197082519531,-2.854419708251953,-2.354419708251953
2026-05-20T19:37:58.670889+00:00,mlx-community/Qwen3-1.7B-4bit,70,hrm,0.6470588235294118,11,17,5.442251917000249,1,1,0.24,0.05,0.05,0.01,0.01,1.0,1.0,1.0,10,linear_word,B,B,True,-2.5883102416992188,-0.8383102416992188,-2.7133102416992188,-2.4633102416992188
2026-05-20T19:37:58.670889+00:00,mlx-community/Qwen3-1.7B-4bit,70,hrm,0.6470588235294118,11,17,5.442251917000249,1,1,0.24,0.05,0.05,0.01,0.01,1.0,1.0,1.0,10,reverse_discount,C,B,False,-3.401519775390625,-0.526519775390625,-3.026519775390625,-2.276519775390625
2026-05-20T19:37:58.670889+00:00,mlx-community/Qwen3-1.7B-4bit,70,hrm,0.6470588235294118,11,17,5.442251917000249,1,1,0.24,0.05,0.05,0.01,0.01,1.0,1.0,1.0,10,multiples,B,C,False,-4.696699142456055,-3.5716991424560547,-0.9466991424560547,-1.1966991424560547
2026-05-20T19:37:58.670889+00:00,mlx-community/Qwen3-1.7B-4bit,70,hrm,0.6470588235294118,11,17,5.442251917000249,1,1,0.24,0.05,0.05,0.01,0.01,1.0,1.0,1.0,10,rectangle,B,B,True,-3.8807640075683594,-0.13076400756835938,-5.130764007568359,-5.630764007568359
2026-05-20T19:37:58.670889+00:00,mlx-community/Qwen3-1.7B-4bit,70,hrm,0.6470588235294118,11,17,5.442251917000249,1,1,0.24,0.05,0.05,0.01,0.01,1.0,1.0,1.0,10,average,C,C,True,-3.404020309448242,-4.904020309448242,-0.2790203094482422,-5.029020309448242
2026-05-20T19:37:58.670889+00:00,mlx-community/Qwen3-1.7B-4bit,70,hrm,0.6470588235294118,11,17,5.442251917000249,1,1,0.24,0.05,0.05,0.01,0.01,1.0,1.0,1.0,10,combinations,B,B,True,-6.243446350097656,-0.11844635009765625,-5.618446350097656,-7.930946350097656
2026-05-20T19:37:58.670889+00:00,mlx-community/Qwen3-1.7B-4bit,70,hrm,0.6470588235294118,11,17,5.442251917000249,1,1,0.24,0.05,0.05,0.01,0.01,1.0,1.0,1.0,10,coins,C,C,True,-6.318197250366211,-8.505697250366211,-0.06819725036621094,-8.943197250366211
2026-05-20T19:37:58.670889+00:00,mlx-community/Qwen3-1.7B-4bit,70,hrm,0.6470588235294118,11,17,5.442251917000249,1,1,0.24,0.05,0.05,0.01,0.01,1.0,1.0,1.0,10,modular_small,B,B,True,-2.222776412963867,-1.5977764129638672,-1.9727764129638672,-1.9727764129638672
2026-05-20T19:37:58.670889+00:00,mlx-community/Qwen3-1.7B-4bit,70,hrm,0.6470588235294118,11,17,5.442251917000249,1,1,0.24,0.05,0.05,0.01,0.01,1.0,1.0,1.0,10,syllogism,A,D,False,-4.495203018188477,-2.9952030181884766,-2.4952030181884766,-0.49520301818847656
2026-05-20T19:38:04.106398+00:00,mlx-community/Qwen3-1.7B-4bit,71,hrm,0.6470588235294118,11,17,5.435296165996988,1,1,0.24,0.05,0.08,0.0,0.0,1.0,1.0,1.0,10,algebra,B,B,True,-4.569368362426758,-0.06936836242675781,-5.694368362426758,-4.819368362426758
2026-05-20T19:38:04.106398+00:00,mlx-community/Qwen3-1.7B-4bit,71,hrm,0.6470588235294118,11,17,5.435296165996988,1,1,0.24,0.05,0.08,0.0,0.0,1.0,1.0,1.0,10,markup,C,D,False,-1.9753437042236328,-2.100343704223633,-5.100343704223633,-0.9753437042236328
2026-05-20T19:38:04.106398+00:00,mlx-community/Qwen3-1.7B-4bit,71,hrm,0.6470588235294118,11,17,5.435296165996988,1,1,0.24,0.05,0.08,0.0,0.0,1.0,1.0,1.0,10,boxes,C,C,True,-7.917453765869141,-6.792453765869141,-0.042453765869140625,-6.292453765869141
2026-05-20T19:38:04.106398+00:00,mlx-community/Qwen3-1.7B-4bit,71,hrm,0.6470588235294118,11,17,5.435296165996988,1,1,0.24,0.05,0.08,0.0,0.0,1.0,1.0,1.0,10,inclusion,B,B,True,-3.1914310455322266,-1.1914310455322266,-2.6914310455322266,-4.191431045532227
2026-05-20T19:38:04.106398+00:00,mlx-community/Qwen3-1.7B-4bit,71,hrm,0.6470588235294118,11,17,5.435296165996988,1,1,0.24,0.05,0.08,0.0,0.0,1.0,1.0,1.0,10,modular,B,B,True,-3.7245216369628906,-0.5995216369628906,-3.5995216369628906,-2.5995216369628906
2026-05-20T19:38:04.106398+00:00,mlx-community/Qwen3-1.7B-4bit,71,hrm,0.6470588235294118,11,17,5.435296165996988,1,1,0.24,0.05,0.08,0.0,0.0,1.0,1.0,1.0,10,work_rate,A,A,True,-0.32822608947753906,-2.578226089477539,-5.578226089477539,-5.578226089477539
2026-05-20T19:38:04.106398+00:00,mlx-community/Qwen3-1.7B-4bit,71,hrm,0.6470588235294118,11,17,5.435296165996988,1,1,0.24,0.05,0.08,0.0,0.0,1.0,1.0,1.0,10,probability,B,A,False,-1.1632270812988281,-1.9132270812988281,-3.038227081298828,-2.913227081298828
2026-05-20T19:38:04.106398+00:00,mlx-community/Qwen3-1.7B-4bit,71,hrm,0.6470588235294118,11,17,5.435296165996988,1,1,0.24,0.05,0.08,0.0,0.0,1.0,1.0,1.0,10,sequence,C,B,False,-4.0549468994140625,-0.5549468994140625,-2.9299468994140625,-2.4299468994140625
2026-05-20T19:38:04.106398+00:00,mlx-community/Qwen3-1.7B-4bit,71,hrm,0.6470588235294118,11,17,5.435296165996988,1,1,0.24,0.05,0.08,0.0,0.0,1.0,1.0,1.0,10,linear_word,B,B,True,-2.5451507568359375,-0.7951507568359375,-2.6701507568359375,-2.5451507568359375
2026-05-20T19:38:04.106398+00:00,mlx-community/Qwen3-1.7B-4bit,71,hrm,0.6470588235294118,11,17,5.435296165996988,1,1,0.24,0.05,0.08,0.0,0.0,1.0,1.0,1.0,10,reverse_discount,C,B,False,-3.398252487182617,-0.5232524871826172,-3.023252487182617,-2.273252487182617
2026-05-20T19:38:04.106398+00:00,mlx-community/Qwen3-1.7B-4bit,71,hrm,0.6470588235294118,11,17,5.435296165996988,1,1,0.24,0.05,0.08,0.0,0.0,1.0,1.0,1.0,10,multiples,B,C,False,-4.66705322265625,-3.54205322265625,-0.91705322265625,-1.29205322265625
2026-05-20T19:38:04.106398+00:00,mlx-community/Qwen3-1.7B-4bit,71,hrm,0.6470588235294118,11,17,5.435296165996988,1,1,0.24,0.05,0.08,0.0,0.0,1.0,1.0,1.0,10,rectangle,B,B,True,-3.881528854370117,-0.1315288543701172,-5.006528854370117,-5.631528854370117
2026-05-20T19:38:04.106398+00:00,mlx-community/Qwen3-1.7B-4bit,71,hrm,0.6470588235294118,11,17,5.435296165996988,1,1,0.24,0.05,0.08,0.0,0.0,1.0,1.0,1.0,10,average,C,C,True,-3.4032649993896484,-4.903264999389648,-0.27826499938964844,-5.028264999389648
2026-05-20T19:38:04.106398+00:00,mlx-community/Qwen3-1.7B-4bit,71,hrm,0.6470588235294118,11,17,5.435296165996988,1,1,0.24,0.05,0.08,0.0,0.0,1.0,1.0,1.0,10,combinations,B,B,True,-6.242860794067383,-0.11786079406738281,-5.617860794067383,-7.930360794067383
2026-05-20T19:38:04.106398+00:00,mlx-community/Qwen3-1.7B-4bit,71,hrm,0.6470588235294118,11,17,5.435296165996988,1,1,0.24,0.05,0.08,0.0,0.0,1.0,1.0,1.0,10,coins,C,C,True,-6.316381454467773,-8.566381454467773,-0.06638145446777344,-8.941381454467773
2026-05-20T19:38:04.106398+00:00,mlx-community/Qwen3-1.7B-4bit,71,hrm,0.6470588235294118,11,17,5.435296165996988,1,1,0.24,0.05,0.08,0.0,0.0,1.0,1.0,1.0,10,modular_small,B,B,True,-2.204143524169922,-1.5791435241699219,-2.079143524169922,-1.9541435241699219
2026-05-20T19:38:04.106398+00:00,mlx-community/Qwen3-1.7B-4bit,71,hrm,0.6470588235294118,11,17,5.435296165996988,1,1,0.24,0.05,0.08,0.0,0.0,1.0,1.0,1.0,10,syllogism,A,D,False,-4.479816436767578,-2.979816436767578,-2.479816436767578,-0.4798164367675781
2026-05-20T19:38:09.741417+00:00,mlx-community/Qwen3-1.7B-4bit,72,hrm,0.6470588235294118,11,17,5.634808875001909,1,1,0.24,0.05,0.08,0.01,0.01,1.0,1.0,1.0,10,algebra,B,B,True,-4.567972183227539,-0.06797218322753906,-5.692972183227539,-4.817972183227539
2026-05-20T19:38:09.741417+00:00,mlx-community/Qwen3-1.7B-4bit,72,hrm,0.6470588235294118,11,17,5.634808875001909,1,1,0.24,0.05,0.08,0.01,0.01,1.0,1.0,1.0,10,markup,C,D,False,-1.9849510192871094,-1.9849510192871094,-5.109951019287109,-0.9849510192871094
2026-05-20T19:38:09.741417+00:00,mlx-community/Qwen3-1.7B-4bit,72,hrm,0.6470588235294118,11,17,5.634808875001909,1,1,0.24,0.05,0.08,0.01,0.01,1.0,1.0,1.0,10,boxes,C,C,True,-7.917350769042969,-6.792350769042969,-0.04235076904296875,-6.292350769042969
2026-05-20T19:38:09.741417+00:00,mlx-community/Qwen3-1.7B-4bit,72,hrm,0.6470588235294118,11,17,5.634808875001909,1,1,0.24,0.05,0.08,0.01,0.01,1.0,1.0,1.0,10,inclusion,B,B,True,-3.1903457641601562,-1.1903457641601562,-2.6903457641601562,-4.252845764160156
2026-05-20T19:38:09.741417+00:00,mlx-community/Qwen3-1.7B-4bit,72,hrm,0.6470588235294118,11,17,5.634808875001909,1,1,0.24,0.05,0.08,0.01,0.01,1.0,1.0,1.0,10,modular,B,B,True,-3.7141551971435547,-0.5891551971435547,-3.5891551971435547,-2.7141551971435547
2026-05-20T19:38:09.741417+00:00,mlx-community/Qwen3-1.7B-4bit,72,hrm,0.6470588235294118,11,17,5.634808875001909,1,1,0.24,0.05,0.08,0.01,0.01,1.0,1.0,1.0,10,work_rate,A,A,True,-0.3349342346191406,-2.5849342346191406,-5.584934234619141,-5.584934234619141
2026-05-20T19:38:09.741417+00:00,mlx-community/Qwen3-1.7B-4bit,72,hrm,0.6470588235294118,11,17,5.634808875001909,1,1,0.24,0.05,0.08,0.01,0.01,1.0,1.0,1.0,10,probability,B,A,False,-1.0918350219726562,-1.9668350219726562,-3.0918350219726562,-2.8418350219726562
2026-05-20T19:38:09.741417+00:00,mlx-community/Qwen3-1.7B-4bit,72,hrm,0.6470588235294118,11,17,5.634808875001909,1,1,0.24,0.05,0.08,0.01,0.01,1.0,1.0,1.0,10,sequence,C,B,False,-3.9973487854003906,-0.6223487854003906,-2.8723487854003906,-2.3723487854003906
2026-05-20T19:38:09.741417+00:00,mlx-community/Qwen3-1.7B-4bit,72,hrm,0.6470588235294118,11,17,5.634808875001909,1,1,0.24,0.05,0.08,0.01,0.01,1.0,1.0,1.0,10,linear_word,B,B,True,-2.5555686950683594,-0.8055686950683594,-2.6805686950683594,-2.4305686950683594
2026-05-20T19:38:09.741417+00:00,mlx-community/Qwen3-1.7B-4bit,72,hrm,0.6470588235294118,11,17,5.634808875001909,1,1,0.24,0.05,0.08,0.01,0.01,1.0,1.0,1.0,10,reverse_discount,C,B,False,-3.3989944458007812,-0.5239944458007812,-3.0239944458007812,-2.2739944458007812
2026-05-20T19:38:09.741417+00:00,mlx-community/Qwen3-1.7B-4bit,72,hrm,0.6470588235294118,11,17,5.634808875001909,1,1,0.24,0.05,0.08,0.01,0.01,1.0,1.0,1.0,10,multiples,B,C,False,-4.659709930419922,-3.534709930419922,-0.9097099304199219,-1.2847099304199219
2026-05-20T19:38:09.741417+00:00,mlx-community/Qwen3-1.7B-4bit,72,hrm,0.6470588235294118,11,17,5.634808875001909,1,1,0.24,0.05,0.08,0.01,0.01,1.0,1.0,1.0,10,rectangle,B,B,True,-3.8806419372558594,-0.13064193725585938,-5.130641937255859,-5.630641937255859
2026-05-20T19:38:09.741417+00:00,mlx-community/Qwen3-1.7B-4bit,72,hrm,0.6470588235294118,11,17,5.634808875001909,1,1,0.24,0.05,0.08,0.01,0.01,1.0,1.0,1.0,10,average,C,C,True,-3.4034500122070312,-4.903450012207031,-0.27845001220703125,-5.028450012207031
2026-05-20T19:38:09.741417+00:00,mlx-community/Qwen3-1.7B-4bit,72,hrm,0.6470588235294118,11,17,5.634808875001909,1,1,0.24,0.05,0.08,0.01,0.01,1.0,1.0,1.0,10,combinations,B,B,True,-6.242769241333008,-0.11776924133300781,-5.617769241333008,-7.992769241333008
2026-05-20T19:38:09.741417+00:00,mlx-community/Qwen3-1.7B-4bit,72,hrm,0.6470588235294118,11,17,5.634808875001909,1,1,0.24,0.05,0.08,0.01,0.01,1.0,1.0,1.0,10,coins,C,C,True,-6.316524505615234,-8.566524505615234,-0.06652450561523438,-8.941524505615234
2026-05-20T19:38:09.741417+00:00,mlx-community/Qwen3-1.7B-4bit,72,hrm,0.6470588235294118,11,17,5.634808875001909,1,1,0.24,0.05,0.08,0.01,0.01,1.0,1.0,1.0,10,modular_small,B,B,True,-2.309610366821289,-1.559610366821289,-2.059610366821289,-1.934610366821289
2026-05-20T19:38:09.741417+00:00,mlx-community/Qwen3-1.7B-4bit,72,hrm,0.6470588235294118,11,17,5.634808875001909,1,1,0.24,0.05,0.08,0.01,0.01,1.0,1.0,1.0,10,syllogism,A,D,False,-4.388944625854492,-2.888944625854492,-2.513944625854492,-0.5139446258544922
